customer_id,call_failure,complains,subscription_length,charge_amount,seconds_of_use,frequency_of_use,frequency_of_sms,distinct_called_numbers,tariff_plan,age,is_stayed
1,8,0,38,0,4370,71,5,17,1,30,1
2,0,0,39,0,318,5,7,4,1,25,1
3,10,0,37,0,2453,60,359,24,1,30,1
4,10,0,38,0,4198,66,1,35,1,15,1
5,3,0,38,0,2393,58,2,33,1,15,1
6,11,0,38,1,3775,82,32,28,1,30,1
7,4,0,38,0,2360,39,285,18,1,30,1
8,13,0,37,2,9115,121,144,43,1,30,1
9,7,0,38,0,13773,169,0,44,1,30,1
10,7,0,38,1,4515,83,2,25,1,30,1
11,6,0,38,0,5918,95,7,12,1,30,1
12,9,0,38,0,2238,54,8,17,1,30,1
13,25,0,38,3,15140,225,54,32,1,30,1
14,4,0,38,1,3095,27,483,8,1,30,1
15,9,0,37,0,15485,182,150,30,1,25,1
16,3,0,37,1,6500,86,186,26,1,30,1
17,0,0,37,0,875,14,0,11,1,25,0
18,2,0,38,0,710,14,13,8,1,30,1
19,0,0,37,0,0,0,0,0,1,25,0
20,3,0,37,0,7508,127,384,43,1,25,1
21,7,0,37,1,11465,154,11,47,1,45,1
22,8,0,37,1,6718,75,108,37,1,25,1
23,23,1,33,0,955,47,16,17,1,25,0
24,21,1,36,8,10435,93,1,42,2,55,1
25,13,1,36,1,5818,98,26,24,1,25,0
26,1,0,34,0,2840,22,0,14,1,30,1
27,9,0,35,0,2990,41,9,16,1,30,0
28,9,1,36,0,2268,44,34,31,1,30,0
29,0,0,36,0,133,2,0,2,1,30,0
30,1,0,36,0,1668,25,0,6,1,30,1
31,3,0,33,1,6785,97,14,22,1,55,1
32,0,1,36,0,628,7,9,4,1,45,0
33,0,0,36,1,338,4,4,2,1,55,1
34,25,0,31,3,16075,238,0,80,2,25,1
35,6,0,34,3,6965,116,271,33,2,25,1
36,2,0,36,0,3718,82,2,28,1,25,1
37,3,0,35,0,1665,44,38,20,1,30,1
38,6,0,36,0,2780,53,175,23,1,25,1
39,4,0,27,1,1315,36,193,11,2,25,1
40,4,0,26,0,1568,39,30,68,1,45,1
41,11,0,27,0,700,25,10,7,1,25,1
42,0,0,26,0,825,10,21,3,1,45,0
43,10,0,25,0,1225,32,19,13,1,25,1
44,2,0,25,0,3225,61,8,23,1,30,1
45,2,0,18,0,1695,26,28,14,1,25,1
46,16,0,17,1,6393,141,85,42,2,25,1
47,12,0,15,0,8933,171,73,40,1,45,1
48,8,0,16,3,2853,45,31,19,2,30,1
49,2,0,9,1,4390,40,215,10,1,30,1
50,3,0,9,1,1488,19,0,7,1,30,0
51,11,0,40,1,4430,74,10,19,1,30,1
52,3,0,41,1,378,8,12,6,1,30,1
53,13,0,39,1,2513,63,364,26,1,30,1
54,13,0,40,1,4258,69,6,37,1,15,1
55,6,0,40,1,2453,61,7,35,1,25,1
56,14,0,40,2,3835,85,37,30,2,30,1
57,7,0,40,1,2420,42,290,20,1,30,1
58,16,0,39,3,9175,124,149,45,1,30,1
59,10,0,40,1,13833,172,5,46,1,30,1
60,10,0,40,2,4575,86,7,27,1,30,1
61,9,0,40,1,5978,98,12,14,1,30,1
62,12,0,40,1,2298,57,13,19,1,30,1
63,28,0,40,4,15200,228,59,34,1,30,1
64,7,0,40,2,3155,30,488,10,1,30,1
65,12,0,39,1,15545,185,155,32,1,25,1
66,6,0,39,2,6560,89,191,28,1,30,1
67,3,0,39,1,935,17,5,13,1,25,1
68,5,0,40,1,770,17,18,10,1,30,1
69,3,1,39,1,60,3,5,2,1,25,0
70,6,0,39,1,7568,130,389,45,1,30,1
71,10,0,39,2,11525,157,16,49,2,45,1
72,11,0,39,2,6778,78,113,39,1,25,1
73,26,1,35,1,1015,50,21,19,1,30,0
74,24,1,38,9,10495,96,6,44,2,55,1
75,16,0,38,2,5878,101,31,26,1,25,1
76,4,0,36,1,2900,25,5,16,1,30,1
77,12,0,37,1,3050,44,14,18,1,30,0
78,12,1,38,1,2328,47,39,33,1,30,0
79,3,0,38,1,193,5,5,4,1,30,0
80,4,0,38,1,1728,28,5,8,1,45,1
81,6,0,35,2,6845,100,19,24,1,55,1
82,3,0,38,1,688,10,14,6,1,45,0
83,3,0,38,2,398,7,9,4,1,55,1
84,28,0,33,4,16135,241,5,82,1,25,1
85,9,1,36,4,7025,119,276,35,2,30,1
86,5,0,38,1,3778,85,7,30,1,30,1
87,6,0,37,1,1725,47,43,22,1,30,1
88,9,0,38,1,2840,56,180,25,1,25,1
89,7,0,29,2,1375,39,198,13,2,30,1
90,7,0,28,1,1628,42,35,70,1,45,1
91,14,0,29,1,760,28,15,9,1,30,1
92,3,0,28,1,885,13,26,5,1,45,1
93,13,0,27,1,1285,35,24,15,1,25,1
94,5,0,27,1,3285,64,13,25,1,30,1
95,5,0,20,1,1755,29,33,16,1,25,1
96,19,0,19,2,6453,144,90,44,2,25,1
97,15,0,17,1,8993,174,78,42,1,55,1
98,11,0,18,4,2913,48,36,21,1,30,1
99,5,0,11,2,4450,43,220,12,1,30,1
100,6,1,11,2,1548,22,5,9,1,30,0
101,5,0,36,0,4310,68,0,15,1,25,1
102,0,0,37,0,258,2,2,2,1,25,1
103,7,0,35,0,2393,57,354,22,1,25,1
104,7,0,36,0,4138,63,0,33,1,15,1
105,0,0,36,0,2333,55,0,31,1,15,1
106,8,0,36,0,3715,79,27,26,1,30,1
107,1,0,36,0,2300,36,280,16,1,30,1
108,10,0,35,1,9055,118,139,41,1,30,1
109,4,0,36,0,13713,166,0,42,1,30,1
110,4,0,36,0,4455,80,0,23,1,30,1
111,3,0,36,0,5858,92,2,10,1,25,1
112,6,1,36,0,2178,51,3,15,1,30,1
113,22,0,36,2,15080,222,49,30,1,30,1
114,1,0,36,0,3035,24,478,6,1,30,1
115,6,0,35,0,15425,179,145,28,1,25,1
116,0,0,35,0,6440,83,181,24,1,30,1
117,0,0,35,0,815,11,0,9,1,25,1
118,0,0,36,0,650,11,8,6,1,25,1
119,0,0,35,0,0,0,0,0,1,25,0
120,0,0,35,0,7448,124,379,41,1,25,1
121,4,0,35,0,11405,151,6,45,1,30,1
122,5,0,35,0,6658,72,103,35,1,25,1
123,20,0,31,0,895,44,11,15,1,25,0
124,18,0,34,7,10375,90,0,40,1,45,1
125,10,0,34,0,5758,95,21,22,1,25,0
126,0,0,32,0,2780,19,0,12,1,30,1
127,6,0,33,0,2930,38,4,14,1,25,0
128,6,1,34,0,2208,41,29,29,1,30,0
129,0,1,34,0,0,0,0,0,1,30,0
130,0,0,34,0,1608,22,0,4,1,30,1
131,0,0,31,0,6725,94,9,20,1,45,1
132,0,0,34,0,568,4,4,2,1,45,0
133,0,0,34,0,0,0,0,0,1,55,1
134,22,0,29,2,16015,235,0,78,1,25,1
135,3,0,32,2,6905,113,266,31,2,25,1
136,0,0,34,0,3658,79,0,26,1,25,1
137,0,0,33,0,1605,41,33,18,1,30,1
138,3,0,34,0,2720,50,170,21,1,25,1
139,1,0,25,0,1255,33,188,9,2,25,1
140,1,0,24,0,1508,36,25,66,1,45,1
141,8,0,25,0,640,22,5,5,1,25,1
142,0,1,24,0,765,7,16,1,1,45,0
143,7,0,23,0,1165,29,14,11,1,25,1
144,0,0,23,0,3165,58,3,21,1,30,1
145,0,0,16,0,1635,23,23,12,1,25,1
146,13,0,15,0,6333,138,80,40,2,15,1
147,9,0,13,0,8873,168,68,38,1,45,1
148,5,0,14,2,2793,42,26,17,1,30,1
149,0,0,7,0,4330,37,210,8,1,30,1
150,0,0,7,0,1428,16,0,5,1,30,0
151,9,0,42,1,4450,73,15,21,1,30,1
152,1,1,43,0,398,7,17,8,1,30,0
153,11,0,41,1,2533,62,369,28,1,30,1
154,11,0,42,1,4278,68,11,39,1,15,1
155,4,0,42,1,2473,60,12,37,1,25,1
156,12,0,42,2,3855,84,42,32,1,30,1
157,5,0,42,1,2440,41,295,22,1,30,1
158,14,0,41,3,9195,123,154,47,1,30,1
159,8,0,42,1,13853,171,10,48,1,30,1
160,8,0,42,2,4595,85,12,29,1,30,1
161,7,0,42,1,5998,97,17,16,1,30,1
162,10,0,42,0,2318,56,18,21,1,30,1
163,26,0,42,4,15220,227,64,36,2,30,1
164,5,0,42,2,3175,29,493,12,1,30,1
165,10,0,41,1,15565,184,160,34,1,25,1
166,4,0,41,2,6580,88,196,30,1,30,1
167,1,0,41,0,955,16,10,15,1,25,1
168,3,0,42,0,790,16,23,12,1,30,1
169,1,0,41,0,80,2,10,4,1,25,0
170,4,0,41,1,7588,129,394,47,1,30,1
171,8,0,41,2,11545,156,21,51,1,45,1
172,9,0,41,2,6798,77,118,41,1,25,1
173,24,1,37,0,1035,49,26,21,1,30,0
174,22,1,40,9,10515,95,11,46,1,55,1
175,14,0,40,2,5898,100,36,28,1,25,0
176,2,0,38,1,2920,24,10,18,1,30,1
177,10,0,39,0,3070,43,19,20,1,30,0
178,10,1,40,0,2348,46,44,35,1,30,0
179,1,0,40,0,213,4,10,6,1,30,0
180,2,0,40,1,1748,27,10,10,1,45,1
181,4,0,37,2,6865,99,24,26,1,55,1
182,1,1,40,0,708,9,19,8,1,45,0
183,1,0,40,2,418,6,14,6,1,55,1
184,26,0,35,4,16155,240,10,84,1,25,1
185,7,1,38,4,7045,118,281,37,2,25,1
186,3,0,40,1,3798,84,12,32,1,30,1
187,4,0,39,0,1745,46,48,24,1,30,1
188,7,0,40,1,2860,55,185,27,1,25,1
189,5,0,31,2,1395,38,203,15,2,25,1
190,5,0,30,1,1648,41,40,72,1,45,1
191,12,0,31,0,780,27,20,11,1,30,1
192,1,0,30,0,905,12,31,7,1,45,1
193,11,0,29,1,1305,34,29,17,1,25,1
194,3,0,29,1,3305,63,18,27,1,30,1
195,3,0,22,1,1775,28,38,18,1,25,1
196,17,0,21,2,6473,143,95,46,2,25,1
197,13,0,19,1,9013,173,83,44,1,55,1
198,9,0,20,4,2933,47,41,23,1,30,1
199,3,0,13,2,4470,42,225,14,1,30,1
200,4,0,13,2,1568,21,10,11,1,30,0
201,7,0,34,0,4290,69,0,13,1,25,1
202,0,0,35,0,0,0,0,0,1,25,1
203,9,0,33,0,2373,58,349,20,1,25,1
204,9,0,34,0,4118,64,0,31,1,15,1
205,2,0,34,0,2313,56,0,29,1,15,1
206,10,0,34,0,3695,80,22,24,1,30,1
207,3,0,34,0,2280,37,275,14,1,30,1
208,12,0,33,1,9035,119,134,39,1,30,1
209,6,0,34,0,13693,167,0,40,1,30,1
210,6,0,34,0,4435,81,0,21,1,30,1
211,5,0,34,0,5838,93,0,8,1,25,1
212,8,0,34,0,2158,52,0,13,1,30,1
213,24,0,34,2,15060,223,44,28,1,30,1
214,3,0,34,0,3015,25,473,4,1,30,1
215,8,0,33,0,15405,180,140,26,1,25,1
216,2,0,33,0,6420,84,176,22,1,30,1
217,0,0,33,0,795,12,0,7,1,25,1
218,1,0,34,0,630,12,3,4,1,25,1
219,0,0,33,0,0,0,0,0,1,25,0
220,2,0,33,0,7428,125,374,39,1,25,1
221,6,0,33,0,11385,152,1,43,1,30,1
222,7,0,33,0,6638,73,98,33,1,25,1
223,22,0,29,0,875,45,6,13,1,25,0
224,20,0,32,7,10355,91,0,38,1,45,1
225,12,1,32,0,5738,96,16,20,1,25,0
226,0,0,30,0,2760,20,0,10,1,30,1
227,8,1,31,0,2910,39,0,12,1,30,0
228,8,0,32,0,2188,42,24,27,1,30,0
229,0,1,32,0,0,0,0,0,1,30,0
230,0,0,32,0,1588,23,0,2,1,30,1
231,2,0,29,0,6705,95,4,18,1,45,1
232,0,0,32,0,0,0,0,0,1,45,0
233,0,0,32,0,0,0,0,0,1,55,1
234,24,0,27,2,15995,236,0,76,1,25,1
235,5,0,30,2,6885,114,261,29,2,25,1
236,1,0,32,0,3638,80,0,24,1,25,1
237,2,0,31,0,1585,42,28,16,1,30,1
238,5,0,32,0,2700,51,165,19,1,25,1
239,3,0,23,0,1235,34,183,7,2,25,1
240,3,0,22,0,1488,37,20,64,1,45,1
241,10,0,23,0,620,23,0,3,1,25,1
242,0,0,22,0,0,0,11,0,1,45,1
243,9,0,21,0,1145,30,9,9,1,25,1
244,1,0,21,0,3145,59,0,19,1,30,1
245,1,0,14,0,1615,24,18,10,1,25,1
246,15,0,13,0,6313,139,75,38,2,15,1
247,11,0,11,0,8853,169,63,36,1,45,1
248,7,0,12,2,2773,43,21,15,1,30,1
249,1,0,5,0,4310,38,205,6,1,30,1
250,2,0,5,0,1408,17,0,3,1,30,0
251,13,0,44,1,4630,81,20,23,1,30,1
252,5,0,45,0,578,15,22,10,1,30,1
253,15,0,43,1,2713,70,374,30,1,30,1
254,15,0,44,1,4458,76,16,41,1,15,1
255,8,0,44,1,2653,68,17,39,1,25,1
256,16,0,44,2,4035,92,47,34,1,30,1
257,9,0,44,1,2620,49,300,24,1,30,1
258,18,0,43,3,9375,131,159,49,1,30,1
259,12,0,44,1,14033,179,15,50,1,30,1
260,12,0,44,2,4775,93,17,31,1,30,1
261,11,0,44,1,6178,105,22,18,1,30,1
262,14,1,44,0,2498,64,23,23,1,30,1
263,30,0,44,4,15400,235,69,38,1,30,1
264,9,0,44,2,3355,37,498,14,1,30,1
265,14,0,43,1,15745,192,165,36,1,25,1
266,8,0,43,2,6760,96,201,32,1,30,1
267,5,0,43,0,1135,24,15,17,1,25,1
268,7,0,44,0,970,24,28,14,1,30,1
269,5,0,43,0,260,10,15,6,1,25,0
270,8,0,43,1,7768,137,399,49,1,30,1
271,12,0,43,2,11725,164,26,53,1,45,1
272,13,0,43,2,6978,85,123,43,1,25,1
273,28,1,39,0,1215,57,31,23,1,30,0
274,26,0,42,9,10695,103,16,48,2,55,1
275,18,0,42,2,6078,108,41,30,1,25,1
276,6,0,40,1,3100,32,15,20,1,30,1
277,14,1,41,0,3250,51,24,22,1,30,0
278,14,1,42,0,2528,54,49,37,1,45,0
279,5,0,42,0,393,12,15,8,1,30,0
280,6,0,42,1,1928,35,15,12,1,45,1
281,8,0,39,2,7045,107,29,28,1,55,1
282,5,0,42,0,888,17,24,10,1,45,0
283,5,0,42,2,598,14,19,8,1,55,1
284,30,1,37,4,16335,248,15,86,1,25,1
285,11,1,40,4,7225,126,286,39,2,30,1
286,7,0,42,1,3978,92,17,34,1,30,1
287,8,0,41,0,1925,54,53,26,1,30,1
288,11,0,42,1,3040,63,190,29,1,25,1
289,9,0,33,2,1575,46,208,17,2,30,1
290,9,0,32,1,1828,49,45,74,1,55,1
291,16,0,33,0,960,35,25,13,1,30,1
292,5,0,32,0,1085,20,36,9,1,45,1
293,15,0,31,1,1485,42,34,19,1,25,1
294,7,0,31,1,3485,71,23,29,1,30,1
295,7,0,24,1,1955,36,43,20,1,30,1
296,21,0,23,2,6653,151,100,48,2,25,1
297,17,0,21,1,9193,181,88,46,1,55,1
298,13,0,22,4,3113,55,46,25,1,30,1
299,7,0,15,2,4650,50,230,16,1,30,1
300,8,1,15,2,1748,29,15,13,1,30,0
301,3,0,32,0,4110,61,0,11,1,25,1
302,0,0,33,0,0,0,0,0,1,25,1
303,5,0,31,0,2193,50,344,18,1,25,1
304,5,0,32,0,3938,56,0,29,1,15,1
305,0,0,32,0,2133,48,0,27,1,15,1
306,6,0,32,0,3515,72,17,22,1,25,1
307,0,0,32,0,2100,29,270,12,1,30,1
308,8,0,31,1,8855,111,129,37,1,30,1
309,2,0,32,0,13513,159,0,38,1,30,1
310,2,0,32,0,4255,73,0,19,1,30,1
311,1,0,32,0,5658,85,0,6,1,25,1
312,4,0,32,0,1978,44,0,11,1,30,1
313,20,0,32,2,14880,215,39,26,1,30,1
314,0,0,32,0,2835,17,468,2,1,30,1
315,4,0,31,0,15225,172,135,24,1,25,1
316,0,0,31,0,6240,76,171,20,1,30,1
317,0,0,31,0,615,4,0,5,1,25,1
318,0,0,32,0,450,4,0,2,1,25,1
319,0,0,31,0,0,0,0,0,1,25,0
320,0,0,31,0,7248,117,369,37,1,25,1
321,2,0,31,0,11205,144,0,41,1,30,1
322,3,0,31,0,6458,65,93,31,1,25,1
323,18,1,27,0,695,37,1,11,1,25,0
324,16,0,30,7,10175,83,0,36,1,45,1
325,8,1,30,0,5558,88,11,18,1,25,0
326,0,0,28,0,2580,12,0,8,1,30,1
327,4,0,29,0,2730,31,0,10,1,25,0
328,4,1,30,0,2008,34,19,25,1,30,0
329,0,0,30,0,0,0,0,0,1,30,0
330,0,0,30,0,0,0,0,0,1,30,1
331,0,0,27,0,6525,87,0,16,1,45,1
332,0,1,30,0,0,0,0,0,1,45,0
333,0,1,30,0,0,0,0,0,1,55,0
334,20,0,25,2,15815,228,0,74,1,25,1
335,1,0,28,2,6705,106,256,27,2,25,1
336,0,0,30,0,3458,72,0,22,1,25,1
337,0,0,29,0,1405,34,23,14,1,30,1
338,1,0,30,0,2520,43,160,17,1,25,1
339,0,0,21,0,1055,26,178,5,2,25,1
340,0,0,20,0,1308,29,15,62,1,45,1
341,6,0,21,0,440,15,0,1,1,25,1
342,0,0,20,0,0,0,6,0,1,45,1
343,5,0,19,0,965,22,4,7,1,25,1
344,0,0,19,0,2965,51,0,17,1,30,1
345,0,0,12,0,1435,16,13,8,1,25,1
346,11,0,11,0,6133,131,70,36,2,15,1
347,7,0,9,0,8673,161,58,34,1,45,1
348,3,0,10,2,2593,35,16,13,1,30,1
349,0,0,3,0,4130,30,200,4,1,30,1
350,0,1,3,0,1228,9,0,1,1,25,0
351,10,0,41,0,4550,79,16,22,1,30,1
352,2,0,42,0,498,13,18,9,1,25,1
353,12,0,40,0,2633,68,370,29,1,30,1
354,12,0,41,0,4378,74,12,40,1,15,1
355,5,0,41,0,2573,66,13,38,1,15,1
356,13,0,41,1,3955,90,43,33,1,30,1
357,6,0,41,0,2540,47,296,23,1,30,1
358,15,0,40,2,9295,129,155,48,1,30,1
359,9,0,41,0,13953,177,11,49,1,30,1
360,9,0,41,1,4695,91,13,30,1,30,1
361,8,0,41,0,6098,103,18,17,1,30,1
362,11,0,41,0,2418,62,19,22,1,30,1
363,27,0,41,3,15320,233,65,37,1,30,1
364,6,0,41,1,3275,35,494,13,1,30,1
365,11,0,40,0,15665,190,161,35,1,25,1
366,5,0,40,1,6680,94,197,31,1,30,1
367,2,0,40,0,1055,22,11,16,1,25,1
368,4,0,41,0,890,22,24,13,1,30,1
369,2,0,40,0,180,8,11,5,1,25,0
370,5,0,40,0,7688,135,395,48,1,25,1
371,9,0,40,1,11645,162,22,52,1,45,1
372,10,0,40,1,6898,83,119,42,1,25,1
373,25,1,36,0,1135,55,27,22,1,25,0
374,23,0,39,8,10615,101,12,47,1,55,1
375,15,0,39,1,5998,106,37,29,1,25,1
376,3,0,37,0,3020,30,11,19,1,30,1
377,11,1,38,0,3170,49,20,21,1,30,0
378,11,1,39,0,2448,52,45,36,1,30,0
379,2,1,39,0,313,10,11,7,1,30,0
380,3,0,39,0,1848,33,11,11,1,30,1
381,5,0,36,1,6965,105,25,27,1,55,1
382,2,0,39,0,808,15,20,9,1,45,0
383,2,0,39,1,518,12,15,7,1,55,1
384,27,1,34,3,16255,246,11,85,1,25,1
385,8,0,37,3,7145,124,282,38,2,25,1
386,4,0,39,0,3898,90,13,33,1,25,1
387,5,0,38,0,1845,52,49,25,1,30,1
388,8,0,39,0,2960,61,186,28,1,25,1
389,6,1,30,1,1495,44,204,16,2,25,0
390,6,0,29,0,1748,47,41,73,1,45,1
391,13,0,30,0,880,33,21,12,1,25,1
392,2,0,29,0,1005,18,32,8,1,45,1
393,12,0,28,0,1405,40,30,18,1,25,1
394,4,0,28,0,3405,69,19,28,1,30,1
395,4,0,21,0,1875,34,39,19,1,25,1
396,18,0,20,1,6573,149,96,47,2,25,1
397,14,0,18,0,9113,179,84,45,1,45,1
398,10,0,19,3,3033,53,42,24,1,30,1
399,4,0,12,1,4570,48,226,15,1,30,1
400,5,0,12,1,1668,27,11,12,1,30,0
401,6,0,35,0,4190,63,0,12,1,30,1
402,0,0,36,0,0,0,0,0,1,25,1
403,8,0,34,0,2273,52,348,19,1,30,1
404,8,0,35,0,4018,58,0,30,1,15,1
405,1,0,35,0,2213,50,0,28,1,15,1
406,9,0,35,1,3595,74,21,23,1,30,1
407,2,0,35,0,2180,31,274,13,1,30,1
408,11,0,34,2,8935,113,133,38,1,30,1
409,5,0,35,0,13593,161,0,39,1,30,1
410,5,0,35,1,4335,75,0,20,1,30,1
411,4,0,35,0,5738,87,0,7,1,30,1
412,7,0,35,0,2058,46,0,12,1,30,1
413,23,0,35,3,14960,217,43,27,1,30,1
414,2,0,35,1,2915,19,472,3,1,30,1
415,7,0,34,0,15305,174,139,25,1,25,1
416,1,0,34,1,6320,78,175,21,1,30,1
417,0,0,34,0,695,6,0,6,1,25,1
418,0,0,35,0,530,6,2,3,1,30,1
419,0,1,34,0,0,0,0,0,1,25,0
420,1,0,34,0,7328,119,373,38,1,25,1
421,5,0,34,1,11285,146,0,42,1,45,1
422,6,0,34,1,6538,67,97,32,1,25,1
423,21,1,30,0,775,39,5,12,1,25,0
424,19,0,33,8,10255,85,0,37,1,55,1
425,11,1,33,1,5638,90,15,19,1,25,0
426,0,0,31,0,2660,14,0,9,1,30,1
427,7,0,32,0,2810,33,0,11,1,30,0
428,7,1,33,0,2088,36,23,26,1,30,0
429,0,0,33,0,0,0,0,0,1,30,0
430,0,0,33,0,1488,17,0,1,1,30,1
431,1,0,30,1,6605,89,3,17,1,55,1
432,0,0,33,0,0,0,0,0,1,45,0
433,0,0,33,0,0,0,0,0,1,55,1
434,23,0,28,3,15895,230,0,75,1,25,1
435,4,0,31,3,6785,108,260,28,2,25,1
436,0,0,33,0,3538,74,0,23,1,25,1
437,1,0,32,0,1485,36,27,15,1,30,1
438,4,0,33,0,2600,45,164,18,1,25,1
439,2,0,24,1,1135,28,182,6,2,25,1
440,2,0,23,0,1388,31,19,63,1,45,1
441,9,0,24,0,520,17,0,2,1,25,1
442,0,0,23,0,0,0,10,0,1,45,1
443,8,0,22,0,1045,24,8,8,1,25,1
444,0,0,22,0,3045,53,0,18,1,30,1
445,0,0,15,0,1515,18,17,9,1,25,1
446,14,0,14,1,6213,133,74,37,2,25,1
447,10,0,12,0,8753,163,62,35,1,45,1
448,6,0,13,3,2673,37,20,14,1,30,1
449,0,0,6,1,4210,32,204,5,1,30,1
450,1,0,6,1,1308,11,0,2,1,30,0
451,12,0,38,2,4970,81,26,32,1,30,1
452,4,0,39,0,918,15,28,19,1,30,1
453,14,0,37,2,3053,70,380,39,1,30,1
454,14,0,38,2,4798,76,22,50,1,15,1
455,7,0,38,2,2993,68,23,48,1,25,1
456,15,0,38,3,4375,92,53,43,1,30,1
457,8,0,38,2,2960,49,306,33,1,30,1
458,17,0,37,4,9715,131,165,58,2,30,1
459,11,0,38,2,14373,179,21,59,1,30,1
460,11,0,38,3,5115,93,23,40,1,30,1
461,10,0,38,2,6518,105,28,27,1,30,1
462,13,0,38,0,2838,64,29,32,1,30,1
463,29,0,38,5,15740,235,75,47,1,30,1
464,8,0,38,3,3695,37,504,23,1,30,1
465,13,0,37,2,16085,192,171,45,1,25,1
466,7,0,37,3,7100,96,207,41,1,30,1
467,4,0,37,0,1475,24,21,26,1,25,1
468,6,0,38,0,1310,24,34,23,1,30,1
469,4,0,37,0,600,10,21,15,1,25,0
470,7,0,37,2,8108,137,405,58,1,30,1
471,11,0,37,3,12065,164,32,62,1,45,1
472,12,0,37,3,7318,85,129,52,1,25,1
473,27,1,33,0,1555,57,37,32,1,30,0
474,25,0,36,10,11035,103,22,57,2,55,1
475,17,0,36,3,6418,108,47,39,1,25,1
476,5,0,34,2,3440,32,21,29,1,30,1
477,13,1,35,0,3590,51,30,31,1,30,0
478,13,1,36,0,2868,54,55,46,1,30,0
479,4,0,36,0,733,12,21,17,1,30,0
480,5,0,36,2,2268,35,21,21,1,45,1
481,7,0,33,3,7385,107,35,37,1,55,1
482,4,0,36,0,1228,17,30,19,1,45,0
483,4,0,36,3,938,14,25,17,1,55,1
484,29,0,31,5,16675,248,21,95,1,25,1
485,10,0,34,5,7565,126,292,48,2,25,1
486,6,0,36,2,4318,92,23,43,1,30,1
487,7,1,35,0,2265,54,59,35,1,30,0
488,10,0,36,2,3380,63,196,38,1,25,1
489,8,0,27,3,1915,46,214,26,2,25,1
490,8,0,26,2,2168,49,51,83,1,45,1
491,15,0,27,0,1300,35,31,22,1,30,1
492,4,0,26,0,1425,20,42,18,1,45,1
493,14,0,25,2,1825,42,40,28,1,25,1
494,6,0,25,2,3825,71,29,38,1,30,1
495,6,0,18,2,2295,36,49,29,1,25,1
496,20,0,17,3,6993,151,106,57,2,25,1
497,16,0,15,2,9533,181,94,55,1,55,1
498,12,0,16,5,3453,55,52,34,1,30,1
499,6,0,9,3,4990,50,236,25,1,30,1
500,7,1,9,3,2088,29,21,22,1,30,0
501,4,0,38,0,3770,61,0,2,1,25,1
502,0,0,39,0,0,0,0,0,1,25,1
503,6,0,37,0,1853,50,338,9,1,25,1
504,6,0,38,0,3598,56,0,20,1,15,1
505,0,0,38,0,1793,48,0,18,1,15,1
506,7,0,38,0,3175,72,11,13,1,30,1
507,0,0,38,0,1760,29,264,3,1,30,1
508,9,0,37,0,8515,111,123,28,1,30,1
509,3,0,38,0,13173,159,0,29,1,30,1
510,3,0,38,0,3915,73,0,10,1,30,1
511,2,0,38,0,5318,85,0,15,1,25,1
512,5,0,38,0,1638,44,0,2,1,30,1
513,21,0,38,1,14540,215,33,17,1,30,1
514,0,0,38,0,2495,17,462,7,1,30,1
515,5,0,37,0,14885,172,129,15,1,25,1
516,0,0,37,0,5900,76,165,11,1,30,1
517,0,0,37,0,275,4,0,1,1,25,1
518,0,0,38,0,110,4,0,1,1,25,1
519,0,0,37,0,6908,117,363,28,1,25,1
520,3,0,37,0,10865,144,0,32,1,30,1
521,4,0,37,0,6118,65,87,22,1,25,1
522,19,0,33,0,355,37,0,2,1,25,0
523,17,0,36,6,9835,83,0,27,1,45,1
524,9,1,36,0,5218,88,5,9,1,25,0
525,0,0,34,0,2240,12,0,4,1,30,1
526,5,0,35,0,2390,31,0,1,1,30,0
527,5,0,36,0,1668,34,13,16,1,30,0
528,0,0,36,0,0,0,0,0,1,30,0
529,0,0,36,0,1068,15,0,3,1,30,1
530,0,0,33,0,6185,87,0,7,1,45,1
531,0,0,36,0,0,0,0,0,1,45,0
532,0,0,36,0,0,0,0,0,1,55,1
533,21,0,31,1,15475,228,0,65,1,25,1
534,2,0,34,1,6365,106,250,18,2,25,1
535,0,0,36,0,3118,72,0,13,1,25,1
536,0,0,35,0,1065,34,17,5,1,30,1
537,2,0,36,0,2180,43,154,8,1,25,1
538,0,0,27,0,715,26,172,1,2,25,1
539,0,0,26,0,968,29,9,53,1,45,1
540,7,0,27,0,100,15,0,3,1,25,1
541,0,0,26,0,0,0,0,0,1,45,1
542,6,0,25,0,625,22,0,2,1,25,1
543,0,0,25,0,2625,51,0,8,1,30,1
544,0,0,18,0,1095,16,7,6,1,25,1
545,12,0,17,0,5793,131,64,27,2,15,1
546,8,0,15,0,8333,161,52,25,1,45,1
547,4,0,16,1,2253,35,10,4,1,30,1
548,0,0,9,0,3790,30,194,23,1,30,1
549,0,1,9,0,888,9,0,3,1,30,0
550,8,0,39,1,4485,77,37,21,1,30,1
551,0,0,40,0,433,11,39,8,1,30,1
552,10,0,38,1,2568,66,391,28,1,30,1
553,10,0,39,1,4313,72,33,39,1,15,1
554,3,0,39,1,2508,64,34,37,1,25,1
555,11,0,39,2,3890,88,64,32,1,30,1
556,4,0,39,1,2475,45,317,22,1,45,1
557,13,0,38,3,9230,127,176,47,1,30,1
558,7,0,39,1,13888,175,32,48,1,30,1
559,7,0,39,2,4630,89,34,29,1,30,1
560,6,0,39,1,6033,101,39,16,1,30,1
561,9,1,39,0,2353,60,40,21,1,30,1
562,25,0,39,4,15255,231,86,36,1,30,1
563,4,0,39,2,3210,33,515,12,1,45,1
564,9,0,38,1,15600,188,182,34,1,25,1
565,3,0,38,2,6615,92,218,30,1,30,1
566,0,0,38,0,990,20,32,15,1,25,1
567,2,0,39,0,825,20,45,12,1,30,1
568,0,0,38,0,115,6,32,4,1,25,0
569,3,0,38,1,7623,133,416,47,1,30,1
570,7,0,38,2,11580,160,43,51,1,45,1
571,8,0,38,2,6833,81,140,41,1,25,1
572,23,1,34,0,1070,53,48,21,1,30,0
573,21,0,37,9,10550,99,33,46,1,55,1
574,13,0,37,2,5933,104,58,28,1,30,1
575,1,0,35,1,2955,28,32,18,1,30,1
576,9,1,36,0,3105,47,41,20,1,30,0
577,9,0,37,0,2383,50,66,35,1,45,0
578,0,0,37,0,248,8,32,6,1,30,0
579,1,0,37,1,1783,31,32,10,1,45,1
580,3,0,34,2,6900,103,46,26,1,55,1
581,0,0,37,0,743,13,41,8,1,45,0
582,0,0,37,2,453,10,36,6,1,55,1
583,25,0,32,4,16190,244,32,84,2,25,1
584,6,0,35,4,7080,122,303,37,2,30,1
585,2,0,37,1,3833,88,34,32,1,30,1
586,3,0,36,0,1780,50,70,24,1,45,1
587,6,0,37,1,2895,59,207,27,1,25,1
588,4,0,28,2,1430,42,225,15,2,30,1
589,4,0,27,1,1683,45,62,72,1,55,1
590,11,0,28,0,815,31,42,11,1,30,1
591,0,0,27,0,940,16,53,7,1,45,1
592,10,0,26,1,1340,38,51,17,1,25,1
593,2,0,26,1,3340,67,40,27,1,30,1
594,2,0,19,1,1810,32,60,18,1,30,1
595,16,0,18,2,6508,147,117,46,2,25,1
596,12,0,16,1,9048,177,105,44,1,55,1
597,8,0,17,4,2968,51,63,23,2,30,1
598,2,0,10,2,4505,46,247,14,1,30,1
599,3,0,10,2,1603,25,32,11,1,30,0
600,8,0,37,0,4255,65,0,13,1,25,1
601,0,0,38,0,0,0,0,0,1,25,1
602,10,0,36,0,2338,54,327,20,1,25,1
603,10,0,37,0,4083,60,0,31,1,15,1
604,3,0,37,0,2278,52,0,29,1,15,1
605,11,0,37,0,3660,76,0,24,1,25,1
606,4,0,37,0,2245,33,253,14,1,30,1
607,13,0,36,1,9000,115,112,39,1,30,1
608,7,0,37,0,13658,163,0,40,1,30,1
609,7,0,37,0,4400,77,0,21,1,30,1
610,6,0,37,0,5803,89,0,8,1,25,1
611,9,0,37,0,2123,48,0,13,1,30,1
612,25,0,37,2,15025,219,22,28,1,30,1
613,4,0,37,0,2980,21,451,4,1,30,1
614,9,0,36,0,15370,176,118,26,1,25,1
615,3,0,36,0,6385,80,154,22,1,30,1
616,0,0,36,0,760,8,0,7,1,25,1
617,2,0,37,0,595,8,0,4,1,25,1
618,0,1,36,0,0,0,0,0,1,25,0
619,3,0,36,0,7393,121,352,39,1,25,1
620,7,0,36,0,11350,148,0,43,1,30,1
621,8,0,36,0,6603,69,76,33,1,25,1
622,23,0,32,0,840,41,0,13,1,25,0
623,21,0,35,7,10320,87,0,38,2,45,1
624,13,1,35,0,5703,92,0,20,1,25,0
625,1,0,33,0,2725,16,0,10,1,30,1
626,9,1,34,0,2875,35,0,12,1,25,0
627,9,0,35,0,2153,38,2,27,1,30,0
628,1,0,35,0,1553,19,0,2,1,30,1
629,3,0,32,0,6670,91,0,18,1,45,1
630,0,0,35,0,513,1,0,3,1,45,0
631,0,0,35,0,0,0,0,0,1,45,1
632,25,0,30,2,15960,232,0,76,1,25,1
633,6,0,33,2,6850,110,239,29,2,25,1
634,2,0,35,0,3603,76,0,24,1,25,1
635,3,0,34,0,1550,38,6,16,1,30,1
636,6,0,35,0,2665,47,143,19,1,25,1
637,4,0,26,0,1200,30,161,7,2,25,1
638,4,0,25,0,1453,33,0,64,1,45,1
639,11,0,26,0,585,19,0,3,1,25,1
640,0,0,25,0,710,4,0,1,1,45,1
641,10,0,24,0,1110,26,0,9,1,25,1
642,2,0,24,0,3110,55,0,19,1,30,1
643,2,0,17,0,1580,20,0,10,1,25,1
644,16,0,16,0,6278,135,53,38,2,15,1
645,12,0,14,0,8818,165,41,36,1,45,1
646,8,0,15,2,2738,39,0,15,1,30,1
647,2,0,8,0,4275,34,183,6,1,30,1
648,3,1,8,0,1373,13,0,3,1,25,0
649,10,0,38,0,4560,72,14,20,1,30,1
650,2,0,39,0,508,6,16,7,1,25,1
651,12,0,37,0,2643,61,368,27,1,30,1
652,12,0,38,0,4388,67,10,38,1,15,1
653,5,0,38,0,2583,59,11,36,1,15,1
654,13,0,38,1,3965,83,41,31,1,30,1
655,6,0,38,0,2550,40,294,21,1,30,1
656,15,0,37,2,9305,122,153,46,1,30,1
657,9,0,38,0,13963,170,9,47,1,30,1
658,9,0,38,1,4705,84,11,28,1,30,1
659,8,0,38,0,6108,96,16,15,1,30,1
660,11,1,38,0,2428,55,17,20,1,30,1
661,27,0,38,3,15330,226,63,35,1,30,1
662,6,0,38,1,3285,28,492,11,1,30,1
663,11,0,37,0,15675,183,159,33,1,25,1
664,5,0,37,1,6690,87,195,29,1,30,1
665,2,0,37,0,1065,15,9,14,1,25,1
666,4,0,38,0,900,15,22,11,1,30,1
667,2,0,37,0,190,1,9,3,1,25,0
668,5,0,37,0,7698,128,393,46,1,25,1
669,9,0,37,1,11655,155,20,50,1,45,1
670,10,0,37,1,6908,76,117,40,1,25,1
671,25,1,33,0,1145,48,25,20,1,25,0
672,23,0,36,8,10625,94,10,45,1,55,1
673,15,0,36,1,6008,99,35,27,1,25,0
674,3,0,34,0,3030,23,9,17,1,30,1
675,11,1,35,0,3180,42,18,19,1,30,0
676,11,1,36,0,2458,45,43,34,1,30,0
677,2,0,36,0,323,3,9,5,1,30,0
678,3,0,36,0,1858,26,9,9,1,30,1
679,5,0,33,1,6975,98,23,25,1,55,1
680,2,0,36,0,818,8,18,7,1,45,0
681,2,0,36,1,528,5,13,5,1,55,1
682,27,0,31,3,16265,239,9,83,1,25,1
683,8,0,34,3,7155,117,280,36,2,25,1
684,4,0,36,0,3908,83,11,31,1,25,1
685,5,0,35,0,1855,45,47,23,1,30,1
686,8,0,36,0,2970,54,184,26,1,25,1
687,6,1,27,1,1505,37,202,14,2,25,0
688,6,0,26,0,1758,40,39,71,1,45,1
689,13,0,27,0,890,26,19,10,1,25,1
690,2,0,26,0,1015,11,30,6,1,45,1
691,12,0,25,0,1415,33,28,16,1,25,1
692,4,0,25,0,3415,62,17,26,1,30,1
693,4,0,18,0,1885,27,37,17,1,25,1
694,18,0,17,1,6582,142,94,45,2,25,1
695,14,0,15,0,9122,172,82,43,1,45,1
696,10,0,16,3,3042,46,40,22,1,30,1
697,4,0,9,1,4580,41,224,13,1,30,1
698,5,0,9,1,1677,20,9,10,1,30,0
699,6,0,38,0,4180,70,0,14,1,30,1
700,0,0,39,0,128,4,0,1,1,25,1
701,8,0,37,0,2263,59,350,21,1,30,1
702,8,0,38,0,4008,65,0,32,1,15,1
703,1,0,38,0,2203,57,0,30,1,15,1
704,9,0,38,1,3585,81,23,25,1,30,1
705,2,0,38,0,2170,38,276,15,1,30,1
706,11,0,37,2,8925,120,135,40,1,30,1
707,5,0,38,0,13583,168,0,41,1,30,1
708,5,0,38,1,4325,82,0,22,1,30,1
709,4,0,38,0,5728,94,0,9,1,30,1
710,7,0,38,0,2048,53,0,14,1,30,1
711,23,0,38,3,14950,224,45,29,1,30,1
712,2,0,38,1,2905,26,474,5,1,30,1
713,7,0,37,0,15295,181,141,27,1,25,1
714,1,0,37,1,6310,85,177,23,1,30,1
715,0,0,37,0,685,13,0,8,1,25,1
716,0,0,38,0,520,13,4,5,1,30,1
717,1,0,37,0,7318,126,375,40,1,25,1
718,5,0,37,1,11275,153,2,44,1,45,1
719,6,0,37,1,6528,74,99,34,1,25,1
720,21,0,33,0,765,46,7,14,1,25,0
721,19,0,36,8,10245,92,0,39,2,55,1
722,11,0,36,1,5628,97,17,21,1,25,0
723,0,0,34,0,2650,21,0,11,1,30,1
724,7,1,35,0,2800,40,0,13,1,30,0
725,7,0,36,0,2078,43,25,28,1,30,0
726,0,0,36,0,1478,24,0,3,1,30,1
727,1,0,33,1,6595,96,5,19,1,55,1
728,0,0,36,0,438,6,0,1,1,45,0
729,0,0,36,1,0,0,0,0,1,55,1
730,23,0,31,3,15885,237,0,77,1,25,1
731,4,0,34,3,6775,115,262,30,2,25,1
732,0,0,36,0,3528,81,0,25,1,25,1
733,1,0,35,0,1475,43,29,17,1,30,1
734,4,0,36,0,2590,52,166,20,1,25,1
735,2,0,27,1,1125,35,184,8,2,25,1
736,2,0,26,0,1378,38,21,65,1,45,1
737,9,0,27,0,510,24,1,4,1,25,1
738,0,0,26,0,635,9,12,1,1,45,1
739,8,0,25,0,1035,31,10,10,1,25,1
740,0,0,25,0,3035,60,0,20,1,30,1
741,0,0,18,0,1505,25,19,11,1,25,1
742,14,0,17,1,6202,140,76,39,2,25,1
743,10,0,15,0,8742,170,64,37,1,45,1
744,6,0,16,3,2662,44,22,16,1,30,1
745,0,0,9,1,4200,39,206,7,1,30,1
746,1,0,9,1,1297,18,0,4,1,30,0
747,6,0,33,0,4370,65,0,16,1,25,1
748,0,0,34,0,318,4,0,3,1,25,1
749,8,0,32,0,2453,54,351,23,1,25,1
750,8,0,33,0,4198,60,0,34,1,15,1
751,1,0,33,0,2393,52,0,32,1,15,1
752,9,0,33,0,3775,76,24,27,1,25,1
753,2,0,33,0,2360,33,277,17,1,30,1
754,11,0,32,1,9115,115,136,42,1,30,1
755,5,0,33,0,13773,163,0,43,1,30,1
756,5,0,33,0,4515,77,0,24,1,30,1
757,4,0,33,0,5918,89,0,11,1,25,1
758,7,1,33,0,2238,48,0,16,1,30,1
759,23,0,33,2,15140,219,46,31,1,30,1
760,2,0,33,0,3095,21,475,7,1,30,1
761,7,0,32,0,15485,176,142,29,1,25,1
762,1,0,32,0,6500,80,178,25,1,30,1
763,0,0,32,0,875,8,0,10,1,25,1
764,0,0,33,0,710,8,5,7,1,25,1
765,0,0,32,0,0,0,0,0,1,25,0
766,1,0,32,0,7508,121,376,42,1,25,1
767,5,0,32,0,11465,148,3,46,1,30,1
768,6,0,32,0,6718,69,100,36,1,25,1
769,21,1,28,0,955,41,8,16,1,25,0
770,19,0,31,7,10435,87,0,41,1,45,1
771,11,0,31,0,5818,92,18,23,1,25,0
772,0,0,29,0,2840,16,0,13,1,30,1
773,7,1,30,0,2990,35,1,15,1,25,0
774,7,1,31,0,2268,38,26,30,1,30,0
775,0,1,31,0,0,0,0,0,1,25,0
776,0,0,31,0,1668,19,0,5,1,30,1
777,1,0,28,0,6785,91,6,21,1,45,1
778,0,0,31,0,628,1,1,3,1,45,0
779,0,0,31,0,338,5,0,1,1,45,1
780,23,0,26,2,16075,232,0,79,1,25,1
781,4,0,29,2,6965,110,263,32,2,25,1
782,0,0,31,0,3718,76,0,27,1,25,1
783,1,0,30,0,1665,38,30,19,1,30,1
784,4,0,31,0,2780,47,167,22,1,25,1
785,2,0,22,0,1315,30,185,10,2,25,1
786,2,0,21,0,1568,33,22,67,1,45,1
787,9,0,22,0,700,19,2,6,1,25,1
788,0,0,21,0,825,4,13,2,1,45,1
789,8,0,20,0,1225,26,11,12,1,25,1
790,0,0,20,0,3225,55,0,22,1,30,1
791,0,0,13,0,1695,20,20,13,1,25,1
792,14,0,12,0,6392,135,77,41,2,15,1
793,10,0,10,0,8932,165,65,39,1,45,1
794,6,0,11,2,2852,39,23,18,1,30,1
795,0,0,4,0,4390,34,207,9,1,30,1
796,1,0,4,0,1487,13,0,6,1,25,0
797,10,0,43,1,4370,77,13,18,1,30,1
798,2,0,44,0,318,11,15,5,1,30,1
799,12,0,42,1,2453,66,367,25,1,30,1
800,12,0,43,1,4198,72,9,36,1,15,1
801,5,0,43,1,2393,64,10,34,1,25,1
802,13,0,43,2,3775,88,40,29,1,30,1
803,6,0,43,1,2360,45,293,19,1,45,1
804,15,0,42,3,9115,127,152,44,1,30,1
805,9,0,43,1,13773,175,8,45,1,30,1
806,9,0,43,2,4515,89,10,26,1,30,1
807,8,0,43,1,5918,101,15,13,1,30,1
808,11,1,43,0,2238,60,16,18,1,30,1
809,27,0,43,4,15140,231,62,33,1,30,1
810,6,0,43,2,3095,33,491,9,1,45,1
811,11,0,42,1,15485,188,158,31,1,25,1
812,5,0,42,2,6500,92,194,27,1,30,1
813,2,0,42,0,875,20,8,12,1,25,1
814,4,0,43,0,710,20,21,9,1,30,1
815,0,0,42,0,0,0,8,0,1,25,0
816,5,0,42,1,7508,133,392,44,1,30,1
817,9,0,42,2,11465,160,19,48,1,45,1
818,10,0,42,2,6718,81,116,38,1,25,1
819,25,1,38,0,955,53,24,18,1,30,0
820,23,0,41,9,10435,99,9,43,2,55,1
821,15,0,41,2,5818,104,34,25,1,30,1
822,3,0,39,1,2840,28,8,15,1,30,1
823,11,0,40,0,2990,47,17,17,1,30,0
824,11,1,41,0,2268,50,42,32,1,45,0
825,2,0,41,0,133,8,8,3,1,30,0
826,3,0,41,1,1668,31,8,7,1,45,1
827,5,0,38,2,6785,103,22,23,1,55,1
828,2,0,41,0,628,13,17,5,1,45,0
829,2,0,41,2,338,10,12,3,1,55,1
830,27,0,36,4,16075,244,8,81,1,25,1
831,8,0,39,4,6965,122,279,34,2,30,1
832,4,0,41,1,3718,88,10,29,1,30,1
833,5,0,40,0,1665,50,46,21,1,45,1
834,8,0,41,1,2780,59,183,24,1,25,1
835,6,1,32,2,1315,42,201,12,2,30,0
836,6,0,31,1,1568,45,38,69,1,55,1
837,13,0,32,0,700,31,18,8,1,30,1
838,2,0,31,0,825,16,29,4,1,45,1
839,12,0,30,1,1225,38,27,14,1,25,1
840,4,0,30,1,3225,67,16,24,1,30,1
841,4,0,23,1,1695,32,36,15,1,30,1
842,18,0,22,2,6392,147,93,43,2,25,1
843,14,0,20,1,8932,177,81,41,1,55,1
844,10,0,21,4,2852,51,39,20,1,30,1
845,4,0,14,2,4390,46,223,11,1,30,1
846,5,1,14,2,1487,25,8,8,1,30,0
847,14,0,39,1,5080,82,30,17,1,30,1
848,6,0,40,0,1028,16,15,4,1,30,1
849,16,0,38,1,3163,71,367,24,1,30,1
850,16,0,39,1,4908,77,9,35,1,15,1
851,9,0,39,1,3103,69,10,33,1,25,1
852,17,0,39,2,4485,93,40,28,1,30,1
853,10,0,39,1,3070,50,293,18,1,30,1
854,19,0,38,3,9825,132,152,43,1,30,1
855,13,0,39,1,14483,180,8,44,1,30,1
856,13,0,39,2,5225,94,10,25,1,30,1
857,12,0,39,1,6628,106,15,12,1,30,1
858,15,0,39,0,2948,65,16,17,1,30,1
859,31,1,39,4,15850,236,62,32,1,30,1
860,10,0,39,2,3805,38,491,8,1,30,1
861,15,0,38,1,16195,193,158,30,1,25,1
862,9,0,38,2,7210,97,194,26,1,30,1
863,6,0,38,0,1585,25,8,11,1,25,1
864,8,0,39,0,1420,25,21,8,1,30,1
865,6,0,38,0,710,11,8,2,1,25,0
866,9,0,38,1,8218,138,392,43,1,30,1
867,13,0,38,2,12175,165,19,47,1,45,1
868,14,0,38,2,7428,86,116,37,1,25,1
869,29,1,34,0,1665,58,24,17,1,30,0
870,27,0,37,9,11145,104,9,42,2,55,1
871,19,0,37,2,6528,109,34,24,1,25,1
872,7,0,35,1,3550,33,8,14,1,30,1
873,15,1,36,0,3700,52,17,16,1,30,0
874,15,1,37,0,2978,55,42,31,1,30,0
875,6,0,37,0,843,13,8,2,1,30,0
876,7,0,37,1,2378,36,8,6,1,45,1
877,9,0,34,2,7495,108,22,22,1,55,1
878,6,1,37,0,1338,18,17,4,1,45,0
879,6,0,37,2,1048,15,12,2,1,55,1
880,31,1,32,4,16785,249,8,80,1,25,1
881,12,1,35,4,7675,127,279,33,2,30,1
882,8,0,37,1,4428,93,10,28,1,30,1
883,9,0,36,0,2375,55,46,20,1,30,1
884,12,0,37,1,3490,64,183,23,1,25,1
885,10,0,28,2,2025,47,201,11,2,30,1
886,10,0,27,1,2278,50,38,68,1,45,1
887,17,0,28,0,1410,36,18,7,1,30,1
888,6,0,27,0,1535,21,29,3,1,45,1
889,16,0,26,1,1935,43,27,13,1,25,1
890,8,0,26,1,3935,72,16,23,1,30,1
891,8,0,19,1,2405,37,36,14,1,25,1
892,22,0,18,2,7102,152,93,42,2,25,1
893,18,0,16,1,9642,182,81,40,1,55,1
894,14,0,17,4,3562,56,39,19,2,30,1
895,8,0,10,2,5100,51,223,10,1,30,1
896,9,0,10,2,2197,30,8,7,1,30,0
897,2,0,37,0,3660,60,0,17,1,25,1
898,4,0,36,0,1743,49,334,24,1,25,1
899,4,0,37,0,3488,55,0,35,1,15,1
900,0,0,37,0,1683,47,0,33,1,15,1
901,5,0,37,0,3065,71,7,28,1,30,1
902,0,0,37,0,1650,28,260,18,1,30,1
903,7,0,36,1,8405,110,119,43,1,30,1
904,1,0,37,0,13063,158,0,44,1,30,1
905,1,0,37,0,3805,72,0,25,1,30,1
906,0,0,37,0,5208,84,0,12,1,25,1
907,3,0,37,0,1528,43,0,17,1,30,1
908,19,0,37,2,14430,214,29,32,1,30,1
909,0,0,37,0,2385,16,458,8,1,30,1
910,3,0,36,0,14775,171,125,30,1,25,1
911,0,0,36,0,5790,75,161,26,1,30,1
912,0,0,36,0,165,3,0,11,1,25,1
913,0,0,37,0,0,0,0,0,1,25,1
914,0,0,36,0,0,0,0,0,1,25,0
915,0,0,36,0,6798,116,359,43,1,25,1
916,1,0,36,0,10755,143,0,47,1,30,1
917,2,0,36,0,6008,64,83,37,1,25,1
918,17,0,32,0,245,36,0,17,1,25,0
919,15,0,35,7,9725,82,0,42,1,45,1
920,7,0,35,0,5108,87,1,24,1,25,0
921,0,0,33,0,2130,11,0,14,1,30,1
922,3,1,34,0,2280,30,0,16,1,25,0
923,3,0,35,0,1558,33,9,31,1,30,0
924,0,0,35,0,0,0,0,0,1,30,0
925,0,0,35,0,958,14,0,6,1,30,1
926,0,0,32,0,6075,86,0,22,1,45,1
927,0,0,35,0,0,0,0,0,1,45,0
928,0,0,35,0,0,0,0,0,1,55,1
929,19,0,30,2,15365,227,0,80,1,25,1
930,0,0,33,2,6255,105,246,33,2,25,1
931,0,0,35,0,3008,71,0,28,1,25,1
932,0,0,34,0,955,33,13,20,1,30,1
933,0,0,35,0,2070,42,150,23,1,25,1
934,0,0,26,0,605,25,168,11,2,25,1
935,0,0,25,0,858,28,5,68,1,45,1
936,0,0,26,0,0,0,0,0,1,25,1
937,0,0,25,0,0,0,0,0,1,45,1
938,4,0,24,0,515,21,0,13,1,25,1
939,0,0,24,0,2515,50,0,23,1,30,1
940,0,0,17,0,985,15,3,14,1,25,1
941,10,0,16,0,5682,130,60,42,2,15,1
942,6,0,14,0,8222,160,48,40,1,45,1
943,2,0,15,2,2142,34,6,19,1,30,1
944,0,0,8,0,3680,29,190,10,1,30,1
945,0,0,8,0,777,8,0,7,1,30,0
946,9,1,38,0,2238,54,8,17,1,30,1
947,0,0,37,0,875,14,0,11,1,25,1
948,23,0,33,0,955,47,16,17,1,25,0
949,21,1,36,8,10435,93,1,42,1,55,1
950,13,0,36,1,5818,98,26,24,1,25,0
951,9,1,35,0,2990,41,9,16,1,30,0
952,9,0,36,0,2268,44,34,31,1,30,0
953,0,0,36,0,628,7,9,4,1,45,0
954,25,0,31,3,16075,238,0,80,1,25,1
955,4,1,27,1,1315,36,193,11,2,25,0
956,0,0,26,0,825,10,21,3,1,45,1
957,16,0,17,1,6392,141,85,42,2,25,1
958,12,0,15,0,8932,171,73,40,1,45,1
959,8,0,16,3,2852,45,31,19,1,30,1
960,3,0,9,1,1487,19,0,7,1,30,0
961,21,0,36,8,10435,93,1,42,1,55,1
962,25,1,31,3,16075,238,0,80,1,25,1
963,3,1,9,1,1487,19,0,7,1,30,0
964,3,0,36,0,4065,65,0,15,1,25,1
965,5,0,35,0,2148,54,352,22,1,25,1
966,5,0,36,0,3893,60,0,33,1,15,1
967,0,0,36,0,2088,52,0,31,1,15,1
968,6,0,36,0,3470,76,25,26,1,25,1
969,0,0,36,0,2055,33,278,16,1,30,1
970,8,0,35,1,8810,115,137,41,1,30,1
971,2,0,36,0,13468,163,0,42,1,30,1
972,2,0,36,0,4210,77,0,23,1,30,1
973,1,0,36,0,5613,89,0,10,1,25,1
974,4,0,36,0,1933,48,1,15,1,30,1
975,20,0,36,2,14835,219,47,30,1,30,1
976,0,0,36,0,2790,21,476,6,1,30,1
977,4,0,35,0,15180,176,143,28,1,25,1
978,0,0,35,0,6195,80,179,24,1,30,1
979,0,0,35,0,570,8,0,9,1,25,1
980,0,0,36,0,405,8,6,6,1,25,1
981,0,0,35,0,7203,121,377,41,1,25,1
982,2,0,35,0,11160,148,4,45,1,30,1
983,3,0,35,0,6413,69,101,35,1,25,1
984,18,0,31,0,650,41,9,15,1,25,0
985,16,0,34,7,10130,87,0,40,1,45,1
986,8,1,34,0,5513,92,19,22,1,25,0
987,0,0,32,0,2535,16,0,12,1,30,1
988,4,0,33,0,2685,35,2,14,1,25,0
989,4,0,34,0,1963,38,27,29,1,30,0
990,0,0,34,0,1363,19,0,4,1,30,1
991,0,0,31,0,6480,91,7,20,1,45,1
992,0,0,34,0,323,1,2,2,1,45,0
993,20,0,29,2,15770,232,0,78,1,25,1
994,1,0,32,2,6660,110,264,31,2,25,1
995,0,0,34,0,3413,76,0,26,1,25,1
996,0,0,33,0,1360,38,31,18,1,30,1
997,1,0,34,0,2475,47,168,21,1,25,1
998,0,1,25,0,1010,30,186,9,2,25,0
999,0,0,24,0,1263,33,23,66,1,45,1
1000,6,0,25,0,395,19,3,5,1,25,1
1001,0,0,24,0,520,4,14,1,1,45,1
1002,5,0,23,0,920,26,12,11,1,25,1
1003,0,0,23,0,2920,55,1,21,1,30,1
1004,0,0,16,0,1390,20,21,12,1,25,1
1005,11,0,15,0,6088,135,78,40,2,15,1
1006,7,0,13,0,8628,165,66,38,1,45,1
1007,3,0,14,2,2548,39,24,17,1,30,1
1008,0,0,7,0,4085,34,208,8,1,30,1
1009,0,1,7,0,1183,13,0,5,1,25,0
1010,6,0,38,0,4125,68,3,17,1,25,1
1011,0,0,39,0,73,2,5,4,1,25,1
1012,8,0,37,0,2208,57,357,24,1,25,1
1013,8,0,38,0,3953,63,0,35,1,15,1
1014,1,0,38,0,2148,55,0,33,1,15,1
1015,9,0,38,1,3530,79,30,28,1,30,1
1016,2,0,38,0,2115,36,283,18,1,30,1
1017,11,0,37,2,8870,118,142,43,1,30,1
1018,5,0,38,0,13528,166,0,44,1,30,1
1019,5,0,38,1,4270,80,0,25,1,30,1
1020,4,0,38,0,5673,92,5,12,1,25,1
1021,7,0,38,0,1993,51,6,17,1,30,1
1022,23,0,38,3,14895,222,52,32,1,30,1
1023,2,0,38,1,2850,24,481,8,1,30,1
1024,7,0,37,0,15240,179,148,30,1,25,1
1025,1,0,37,1,6255,83,184,26,1,30,1
1026,0,0,37,0,630,11,0,11,1,25,1
1027,0,0,38,0,465,11,11,8,1,25,1
1028,1,0,37,0,7263,124,382,43,1,25,1
1029,5,0,37,1,11220,151,9,47,1,30,1
1030,6,0,37,1,6473,72,106,37,1,25,1
1031,21,1,33,0,710,44,14,17,1,25,0
1032,19,0,36,8,10190,90,0,42,1,45,1
1033,11,1,36,1,5573,95,24,24,1,25,0
1034,0,0,34,0,2595,19,0,14,1,30,1
1035,7,0,35,0,2745,38,7,16,1,30,0
1036,7,1,36,0,2023,41,32,31,1,30,0
1037,0,0,36,0,1423,22,0,6,1,30,1
1038,1,0,33,1,6540,94,12,22,1,45,1
1039,0,0,36,0,383,4,7,4,1,45,0
1040,0,0,36,1,93,1,2,2,1,55,1
1041,23,0,31,3,15830,235,0,80,1,25,1
1042,4,0,34,3,6720,113,269,33,2,25,1
1043,0,0,36,0,3473,79,0,28,1,25,1
1044,1,0,35,0,1420,41,36,20,1,30,1
1045,4,0,36,0,2535,50,173,23,1,25,1
1046,2,1,27,1,1070,33,191,11,2,25,1
1047,2,0,26,0,1323,36,28,68,1,45,1
1048,9,0,27,0,455,22,8,7,1,25,1
1049,0,0,26,0,580,7,19,3,1,45,1
1050,8,0,25,0,980,29,17,13,1,25,1
1051,0,0,25,0,2980,58,6,23,1,30,1
1052,0,0,18,0,1450,23,26,14,1,25,1
1053,14,1,17,1,6148,138,83,42,2,15,1
1054,10,0,15,0,8688,168,71,40,1,45,1
1055,6,0,16,3,2608,42,29,19,1,30,1
1056,0,0,9,1,4145,37,213,10,1,30,1
1057,1,1,9,1,1243,16,0,7,1,30,0
1058,0,0,34,0,4005,62,0,13,1,25,1
1059,2,0,33,0,2088,51,347,20,1,25,1
1060,2,0,34,0,3833,57,0,31,1,25,1
1061,0,0,34,0,2028,49,0,29,1,15,1
1062,3,0,34,0,3410,73,20,24,1,25,1
1063,0,0,34,0,1995,30,273,14,1,30,1
1064,5,0,33,0,8750,112,132,39,1,30,1
1065,0,0,34,0,13408,160,0,40,1,30,1
1066,0,0,34,0,4150,74,0,21,1,30,1
1067,0,0,34,0,5553,86,0,8,1,25,1
1068,1,0,34,0,1873,45,0,13,1,30,1
1069,17,0,34,1,14775,216,42,28,1,25,1
1070,0,0,34,0,2730,18,471,4,1,30,1
1071,1,0,33,0,15120,173,138,26,1,25,1
1072,0,0,33,0,6135,77,174,22,1,30,1
1073,0,0,33,0,510,5,0,7,1,25,1
1074,0,0,34,0,345,5,1,4,1,25,1
1075,0,0,33,0,7143,118,372,39,1,25,1
1076,0,0,33,0,11100,145,0,43,1,30,1
1077,0,0,33,0,6353,66,96,33,1,25,1
1078,15,0,29,0,590,38,4,13,1,25,0
1079,13,0,32,6,10070,84,0,38,1,45,1
1080,5,1,32,0,5453,89,14,20,1,25,0
1081,0,0,30,0,2475,13,0,10,1,30,1
1082,1,1,31,0,2625,32,0,12,1,25,0
1083,1,0,32,0,1903,35,22,27,1,30,0
1084,0,1,32,0,0,0,0,0,1,25,0
1085,0,0,32,0,1303,16,0,2,1,30,1
1086,0,0,29,0,6420,88,2,18,1,45,1
1087,0,0,32,0,263,1,0,1,1,30,0
1088,0,0,32,0,0,0,0,0,1,45,1
1089,17,0,27,1,15710,229,0,76,1,25,1
1090,0,0,30,1,6600,107,259,29,2,25,1
1091,0,0,32,0,3353,73,0,24,1,25,1
1092,0,0,31,0,1300,35,26,16,1,30,1
1093,0,0,32,0,2415,44,163,19,1,25,1
1094,0,0,23,0,950,27,181,7,2,25,1
1095,0,0,22,0,1203,30,18,64,1,45,1
1096,3,0,23,0,335,16,0,3,1,25,1
1097,0,0,22,0,0,0,9,0,1,45,1
1098,2,0,21,0,860,23,7,9,1,25,1
1099,0,0,21,0,2860,52,0,19,1,30,1
1100,0,0,14,0,1330,17,16,10,1,25,1
1101,8,0,13,0,6028,132,73,38,2,15,1
1102,4,0,11,0,8568,162,61,36,1,45,1
1103,0,0,12,1,2488,36,19,15,1,30,1
1104,0,0,5,0,4025,31,203,6,1,30,1
1105,0,1,5,0,1123,10,0,3,1,25,0
1106,4,0,40,0,4145,67,8,19,1,25,1
1107,0,0,41,0,93,1,10,6,1,25,1
1108,6,0,39,0,2228,56,362,26,1,25,1
1109,6,0,40,0,3973,62,4,37,1,25,1
1110,0,0,40,0,2168,54,5,35,1,15,1
1111,7,0,40,1,3550,78,35,30,1,30,1
1112,0,0,40,0,2135,35,288,20,1,30,1
1113,9,0,39,2,8890,117,147,45,1,30,1
1114,3,0,40,0,13548,165,3,46,1,30,1
1115,3,0,40,1,4290,79,5,27,1,30,1
1116,2,0,40,0,5693,91,10,14,1,25,1
1117,5,0,40,0,2013,50,11,19,1,30,1
1118,21,0,40,3,14915,221,57,34,1,30,1
1119,0,0,40,1,2870,23,486,10,1,30,1
1120,5,0,39,0,15260,178,153,32,1,25,1
1121,0,0,39,1,6275,82,189,28,1,30,1
1122,0,0,39,0,650,10,3,13,1,25,1
1123,0,0,40,0,485,10,16,10,1,25,1
1124,0,0,39,0,0,0,3,0,1,25,0
1125,0,0,39,0,7283,123,387,45,1,25,1
1126,3,0,39,1,11240,150,14,49,1,30,1
1127,4,0,39,1,6493,71,111,39,1,25,1
1128,19,0,35,0,730,43,19,19,1,25,0
1129,17,0,38,8,10210,89,4,44,2,45,1
1130,9,0,38,1,5593,94,29,26,1,25,0
1131,0,0,36,0,2615,18,3,16,1,30,1
1132,5,1,37,0,2765,37,12,18,1,25,0
1133,5,0,38,0,2043,40,37,33,1,30,0
1134,0,0,38,0,0,0,3,0,1,30,0
1135,0,0,38,0,1443,21,3,8,1,30,1
1136,0,0,35,1,6560,93,17,24,1,45,1
1137,0,1,38,0,403,3,12,6,1,45,0
1138,0,0,38,1,0,0,7,0,1,55,1
1139,21,0,33,3,15850,234,3,82,1,25,1
1140,2,0,36,3,6740,112,274,35,2,25,1
1141,0,0,38,0,3493,78,5,30,1,25,1
1142,0,0,37,0,1440,40,41,22,1,30,1
1143,2,0,38,0,2555,49,178,25,1,25,1
1144,0,0,29,1,1090,32,196,13,2,25,1
1145,0,0,28,0,1343,35,33,70,1,45,1
1146,7,0,29,0,475,21,13,9,1,25,1
1147,0,0,28,0,600,6,24,5,1,45,1
1148,6,0,27,0,1000,28,22,15,1,25,1
1149,0,0,27,0,3000,57,11,25,1,30,1
1150,0,0,20,0,1470,22,31,16,1,25,1
1151,12,0,19,1,6168,137,88,44,2,15,1
1152,8,0,17,0,8708,167,76,42,1,45,1
1153,4,0,18,3,2628,41,34,21,1,30,1
1154,0,0,11,1,4165,36,218,12,1,30,1
1155,0,1,11,1,1263,15,3,9,1,30,0
1156,2,0,32,0,3985,63,0,11,1,25,1
1157,4,0,31,0,2068,52,342,18,1,25,1
1158,4,0,32,0,3813,58,0,29,1,15,1
1159,0,0,32,0,2008,50,0,27,1,15,1
1160,5,0,32,0,3390,74,15,22,1,25,1
1161,0,0,32,0,1975,31,268,12,1,30,1
1162,7,0,31,0,8730,113,127,37,1,30,1
1163,1,0,32,0,13388,161,0,38,1,30,1
1164,1,0,32,0,4130,75,0,19,1,30,1
1165,0,0,32,0,5533,87,0,6,1,25,1
1166,3,0,32,0,1853,46,0,11,1,30,1
1167,19,0,32,1,14755,217,37,26,1,30,1
1168,0,0,32,0,2710,19,466,2,1,30,1
1169,3,0,31,0,15100,174,133,24,1,25,1
1170,0,0,31,0,6115,78,169,20,1,30,1
1171,0,0,31,0,490,6,0,5,1,25,1
1172,0,0,32,0,325,6,0,2,1,25,1
1173,0,0,31,0,7123,119,367,37,1,25,1
1174,1,0,31,0,11080,146,0,41,1,30,1
1175,2,0,31,0,6333,67,91,31,1,25,1
1176,17,0,27,0,570,39,0,11,1,25,0
1177,15,0,30,6,10050,85,0,36,1,45,1
1178,7,0,30,0,5433,90,9,18,1,25,0
1179,0,0,28,0,2455,14,0,8,1,30,1
1180,3,1,29,0,2605,33,0,10,1,25,0
1181,3,0,30,0,1883,36,17,25,1,30,0
1182,0,0,30,0,0,0,0,0,1,25,0
1183,0,0,30,0,1283,17,0,5,1,30,1
1184,0,0,27,0,6400,89,0,16,1,45,1
1185,0,0,30,0,0,0,0,0,1,45,1
1186,19,0,25,1,15690,230,0,74,1,25,1
1187,0,0,28,1,6580,108,254,27,2,25,1
1188,0,0,30,0,3333,74,0,22,1,25,1
1189,0,0,29,0,1280,36,21,14,1,30,1
1190,0,0,30,0,2395,45,158,17,1,25,1
1191,0,0,21,0,930,28,176,5,2,25,1
1192,0,0,20,0,1183,31,13,62,1,45,1
1193,5,0,21,0,315,17,0,1,1,25,1
1194,0,0,20,0,0,0,4,0,1,45,1
1195,4,0,19,0,840,24,2,7,1,25,1
1196,0,0,19,0,2840,53,0,17,1,30,1
1197,0,0,12,0,1310,18,11,8,1,25,1
1198,10,0,11,0,6008,133,68,36,2,15,1
1199,6,0,9,0,8548,163,56,34,1,45,1
1200,2,0,10,1,2468,37,14,13,1,30,1
1201,0,0,3,0,4005,32,198,4,1,30,1
1202,0,0,3,0,1103,11,0,1,1,25,0
1203,8,0,42,0,4325,75,13,21,1,30,1
1204,0,0,43,0,273,9,15,8,1,25,1
1205,10,0,41,0,2408,64,367,28,1,30,1
1206,10,0,42,0,4153,70,9,39,1,15,1
1207,3,0,42,0,2348,62,10,37,1,15,1
1208,11,0,42,1,3730,86,40,32,1,30,1
1209,4,0,42,0,2315,43,293,22,1,30,1
1210,13,0,41,2,9070,125,152,47,1,30,1
1211,7,0,42,0,13728,173,8,48,1,30,1
1212,7,0,42,1,4470,87,10,29,1,30,1
1213,6,0,42,0,5873,99,15,16,1,30,1
1214,9,1,42,0,2193,58,16,21,1,30,1
1215,25,0,42,3,15095,229,62,36,1,30,1
1216,4,0,42,1,3050,31,491,12,1,30,1
1217,9,0,41,0,15440,186,158,34,1,25,1
1218,3,0,41,1,6455,90,194,30,1,30,1
1219,0,0,41,0,830,18,8,15,1,25,1
1220,2,0,42,0,665,18,21,12,1,30,1
1221,0,0,41,0,0,0,8,0,1,25,0
1222,3,0,41,0,7463,131,392,47,1,25,1
1223,7,0,41,1,11420,158,19,51,1,45,1
1224,8,0,41,1,6673,79,116,41,1,25,1
1225,23,1,37,0,910,51,24,21,1,25,0
1226,21,1,40,8,10390,97,9,46,2,55,1
1227,13,0,40,1,5773,102,34,28,1,25,1
1228,1,0,38,0,2795,26,8,18,1,30,1
1229,9,1,39,0,2945,45,17,20,1,30,0
1230,9,0,40,0,2223,48,42,35,1,30,0
1231,0,0,40,0,88,6,8,6,1,30,0
1232,1,0,40,0,1623,29,8,10,1,30,1
1233,3,0,37,1,6740,101,22,26,1,55,1
1234,0,1,40,0,583,11,17,8,1,45,0
1235,0,0,40,1,293,8,12,6,1,55,1
1236,25,0,35,3,16030,242,8,84,1,25,1
1237,6,0,38,3,6920,120,279,37,2,25,1
1238,2,0,40,0,3673,86,10,32,1,25,1
1239,3,0,39,0,1620,48,46,24,1,30,1
1240,6,0,40,0,2735,57,183,27,1,25,1
1241,4,0,31,1,1270,40,201,15,2,25,1
1242,4,0,30,0,1523,43,38,72,1,45,1
1243,11,0,31,0,655,29,18,11,1,25,1
1244,0,0,30,0,780,14,29,7,1,45,1
1245,10,0,29,0,1180,36,27,17,1,25,1
1246,2,0,29,0,3180,65,16,27,1,30,1
1247,2,0,22,0,1650,30,36,18,1,25,1
1248,16,0,21,1,6348,145,93,46,2,25,1
1249,12,0,19,0,8888,175,81,44,1,45,1
1250,8,0,20,3,2808,49,39,23,1,30,1
1251,2,0,13,1,4345,44,223,14,1,30,1
1252,3,0,13,1,1443,23,8,11,1,30,0
1253,0,0,30,0,3805,55,0,9,1,25,1
1254,0,0,31,0,0,0,0,0,1,25,1
1255,0,0,29,0,1888,44,337,16,1,25,1
1256,0,0,30,0,3633,50,0,27,1,15,1
1257,0,0,30,0,1828,42,0,25,1,15,1
1258,1,0,30,0,3210,66,10,20,1,25,1
1259,0,0,30,0,1795,23,263,10,1,30,1
1260,3,0,29,0,8550,105,122,35,1,30,1
1261,0,0,30,0,13208,153,0,36,1,30,1
1262,0,0,30,0,3950,67,0,17,1,30,1
1263,0,0,30,0,5353,79,0,4,1,25,1
1264,0,0,30,0,1673,38,0,9,1,30,1
1265,15,0,30,1,14575,209,32,24,1,25,1
1266,0,0,30,0,2530,11,461,7,1,30,1
1267,0,0,29,0,14920,166,128,22,1,25,1
1268,0,0,29,0,5935,70,164,18,1,30,1
1269,0,0,29,0,0,0,0,0,1,25,1
1270,0,0,30,0,0,0,0,0,1,25,1
1271,0,0,29,0,0,0,0,0,1,25,0
1272,0,0,29,0,6943,111,362,35,1,25,1
1273,0,0,29,0,10900,138,0,39,1,30,1
1274,0,0,29,0,6153,59,86,29,1,25,1
1275,13,1,25,0,390,31,0,9,1,25,0
1276,11,0,28,6,9870,77,0,34,2,45,1
1277,3,0,28,0,5253,82,4,16,1,25,0
1278,0,0,26,0,2275,6,0,6,1,30,1
1279,0,1,27,0,2425,25,0,8,1,25,0
1280,0,1,28,0,1703,28,12,23,1,30,0
1281,0,0,28,0,0,0,0,0,1,25,0
1282,0,0,28,0,0,0,0,0,1,30,1
1283,0,0,25,0,6220,81,0,14,1,45,1
1284,0,0,28,0,0,0,0,0,1,30,0
1285,0,1,28,0,0,0,0,0,1,45,0
1286,15,0,23,1,15510,222,0,72,1,25,1
1287,0,0,26,1,6400,100,249,25,2,25,1
1288,0,0,28,0,3153,66,0,20,1,25,1
1289,0,0,27,0,1100,28,16,12,1,30,1
1290,0,0,28,0,2215,37,153,15,1,25,1
1291,0,0,19,0,750,20,171,3,2,25,1
1292,0,0,18,0,1003,23,8,60,1,45,1
1293,0,0,19,0,0,0,0,0,1,25,1
1294,0,0,18,0,0,0,0,0,1,45,1
1295,0,0,17,0,660,16,0,5,1,25,1
1296,0,0,17,0,2660,45,0,15,1,30,1
1297,0,0,10,0,1130,10,6,6,1,25,1
1298,6,0,9,0,5828,125,63,34,2,15,1
1299,2,0,7,0,8368,155,51,32,1,45,1
1300,0,0,8,1,2288,29,9,11,1,30,1
1301,0,0,3,0,3825,24,193,2,1,25,1
1302,0,0,3,0,0,0,0,0,1,25,0
1303,5,0,39,0,4245,73,9,20,1,25,1
1304,0,0,40,0,193,7,11,7,1,25,1
1305,7,0,38,0,2328,62,363,27,1,25,1
1306,7,0,39,0,4073,68,5,38,1,15,1
1307,0,0,39,0,2268,60,6,36,1,15,1
1308,8,0,39,0,3650,84,36,31,1,25,1
1309,1,0,39,0,2235,41,289,21,1,30,1
1310,10,0,38,1,8990,123,148,46,1,30,1
1311,4,0,39,0,13648,171,4,47,1,30,1
1312,4,0,39,0,4390,85,6,28,1,30,1
1313,3,0,39,0,5793,97,11,15,1,25,1
1314,6,0,39,0,2113,56,12,20,1,30,1
1315,22,0,39,2,15015,227,58,35,1,30,1
1316,1,0,39,0,2970,29,487,11,1,30,1
1317,6,0,38,0,15360,184,154,33,1,25,1
1318,0,0,38,0,6375,88,190,29,1,30,1
1319,0,0,38,0,750,16,4,14,1,25,1
1320,0,0,39,0,585,16,17,11,1,25,1
1321,0,0,38,0,0,0,4,0,1,25,0
1322,0,0,38,0,7383,129,388,46,1,25,1
1323,4,0,38,0,11340,156,15,50,1,30,1
1324,5,0,38,0,6593,77,112,40,1,25,1
1325,20,1,34,0,830,49,20,20,1,25,0
1326,18,0,37,7,10310,95,5,45,2,45,1
1327,10,0,37,0,5693,100,30,27,1,25,0
1328,0,0,35,0,2715,24,4,17,1,30,1
1329,6,1,36,0,2865,43,13,19,1,25,0
1330,6,1,37,0,2143,46,38,34,1,30,0
1331,0,0,37,0,8,4,4,5,1,30,0
1332,0,0,37,0,1543,27,4,9,1,30,1
1333,0,0,34,0,6660,99,18,25,1,45,1
1334,0,1,37,0,503,9,13,7,1,45,0
1335,0,0,37,0,213,6,8,5,1,55,1
1336,22,0,32,2,15950,240,4,83,1,25,1
1337,3,0,35,2,6840,118,275,36,2,25,1
1338,0,0,37,0,3593,84,6,31,1,25,1
1339,0,0,36,0,1540,46,42,23,1,30,1
1340,3,0,37,0,2655,55,179,26,1,25,1
1341,1,0,28,0,1190,38,197,14,2,25,1
1342,1,0,27,0,1443,41,34,71,1,45,1
1343,8,0,28,0,575,27,14,10,1,25,1
1344,0,0,27,0,700,12,25,6,1,45,1
1345,7,0,26,0,1100,34,23,16,1,25,1
1346,0,0,26,0,3100,63,12,26,1,30,1
1347,0,0,19,0,1570,28,32,17,1,25,1
1348,13,0,18,0,6268,143,89,45,2,15,1
1349,9,0,16,0,8808,173,77,43,1,45,1
1350,5,0,17,2,2728,47,35,22,1,30,1
1351,0,0,10,0,4265,42,219,13,1,30,1
1352,0,1,10,0,1363,21,4,10,1,25,0
1353,1,0,33,0,3885,57,0,10,1,25,1
1354,0,0,34,0,0,0,0,0,1,25,1
1355,3,0,32,0,1968,46,341,17,1,25,1
1356,3,0,33,0,3713,52,0,28,1,15,1
1357,0,0,33,0,1908,44,0,26,1,15,1
1358,4,0,33,0,3290,68,14,21,1,25,1
1359,0,0,33,0,1875,25,267,11,1,30,1
1360,6,0,32,1,8630,107,126,36,1,30,1
1361,0,0,33,0,13288,155,0,37,1,30,1
1362,0,0,33,0,4030,69,0,18,1,30,1
1363,0,0,33,0,5433,81,0,5,1,25,1
1364,2,0,33,0,1753,40,0,10,1,30,1
1365,18,0,33,2,14655,211,36,25,1,30,1
1366,0,0,33,0,2610,13,465,1,1,30,1
1367,2,0,32,0,15000,168,132,23,1,25,1
1368,0,0,32,0,6015,72,168,19,1,30,1
1369,0,0,32,0,0,0,0,0,1,25,1
1370,0,0,32,0,7023,113,366,36,1,25,1
1371,0,0,32,0,10980,140,0,40,1,30,1
1372,1,0,32,0,6233,61,90,30,1,25,1
1373,16,0,28,0,470,33,0,10,1,25,0
1374,14,0,31,7,9950,79,0,35,1,45,1
1375,6,1,31,0,5333,84,8,17,1,25,0
1376,0,0,29,0,2355,8,0,7,1,30,1
1377,2,1,30,0,2505,27,0,9,1,25,0
1378,2,0,31,0,1783,30,16,24,1,30,0
1379,0,0,31,0,0,0,0,0,1,30,0
1380,0,0,31,0,0,0,0,0,1,30,1
1381,0,0,28,0,6300,83,0,15,1,45,1
1382,0,0,31,0,0,0,0,0,1,45,0
1383,0,0,31,0,0,0,0,0,1,55,1
1384,18,0,26,2,15590,224,0,73,1,25,1
1385,0,0,29,2,6480,102,253,26,2,25,1
1386,0,0,31,0,3233,68,0,21,1,25,1
1387,0,0,30,0,1180,30,20,13,1,30,1
1388,0,0,31,0,2295,39,157,16,1,25,1
1389,0,0,22,0,830,22,175,4,2,25,1
1390,0,0,21,0,1083,25,12,61,1,45,1
1391,4,0,22,0,215,11,0,3,1,25,1
1392,0,0,21,0,0,0,3,0,1,45,1
1393,3,0,20,0,740,18,1,6,1,25,1
1394,0,0,20,0,2740,47,0,16,1,30,1
1395,0,0,13,0,1210,12,10,7,1,25,1
1396,9,0,12,0,5908,127,67,35,2,15,1
1397,5,0,10,0,8448,157,55,33,1,45,1
1398,1,0,11,2,2368,31,13,12,1,30,1
1399,0,0,4,0,3905,26,197,3,1,30,1
1400,0,0,4,0,1003,5,0,4,1,25,0
1401,7,0,36,1,4665,75,19,30,1,25,1
1402,0,0,37,0,613,9,21,17,1,25,1
1403,9,0,35,1,2748,64,373,37,1,25,1
1404,9,0,36,1,4493,70,15,48,1,15,1
1405,2,0,36,1,2688,62,16,46,1,15,1
1406,10,0,36,2,4070,86,46,41,1,30,1
1407,3,0,36,1,2655,43,299,31,1,30,1
1408,12,0,35,3,9410,125,158,56,1,30,1
1409,6,0,36,1,14068,173,14,57,1,30,1
1410,6,0,36,2,4810,87,16,38,1,30,1
1411,5,0,36,1,6213,99,21,25,1,25,1
1412,8,0,36,0,2533,58,22,30,1,30,1
1413,24,0,36,4,15435,229,68,45,2,30,1
1414,3,0,36,2,3390,31,497,21,1,30,1
1415,8,0,35,1,15780,186,164,43,1,25,1
1416,2,0,35,2,6795,90,200,39,1,30,1
1417,0,0,35,0,1170,18,14,24,1,25,1
1418,1,0,36,0,1005,18,27,21,1,25,1
1419,0,1,35,0,295,4,14,13,1,25,0
1420,2,0,35,1,7803,131,398,56,1,25,1
1421,6,0,35,2,11760,158,25,60,1,30,1
1422,7,0,35,2,7013,79,122,50,1,25,1
1423,22,0,31,0,1250,51,30,30,1,25,0
1424,20,0,34,9,10730,97,15,55,1,45,1
1425,12,0,34,2,6113,102,40,37,1,25,1
1426,0,0,32,1,3135,26,14,27,1,30,1
1427,8,0,33,0,3285,45,23,29,1,25,0
1428,8,1,34,0,2563,48,48,44,1,30,0
1429,0,0,34,0,428,6,14,15,1,30,0
1430,0,0,34,1,1963,29,14,19,1,30,1
1431,2,0,31,2,7080,101,28,35,1,45,1
1432,0,0,34,0,923,11,23,17,1,45,0
1433,0,0,34,2,633,8,18,15,1,55,1
1434,24,0,29,4,16370,242,14,93,1,25,1
1435,5,0,32,4,7260,120,285,46,2,25,1
1436,1,0,34,1,4013,86,16,41,1,25,1
1437,2,1,33,0,1960,48,52,33,1,30,0
1438,5,0,34,1,3075,57,189,36,1,25,1
1439,3,0,25,2,1610,40,207,24,2,25,1
1440,3,0,24,1,1863,43,44,81,1,45,1
1441,10,0,25,0,995,29,24,20,1,25,1
1442,0,0,24,0,1120,14,35,16,1,45,1
1443,9,0,23,1,1520,36,33,26,1,25,1
1444,1,0,23,1,3520,65,22,36,1,30,1
1445,1,0,16,1,1990,30,42,27,1,25,1
1446,15,0,15,2,6688,145,99,55,2,15,1
1447,11,0,13,1,9228,175,87,53,1,45,1
1448,7,0,14,4,3148,49,45,32,1,30,1
1449,1,0,7,2,4685,44,229,23,1,30,1
1450,2,1,7,2,1783,23,14,20,1,30,0
1451,0,0,36,0,3465,55,0,10,1,25,1
1452,1,0,35,0,1548,44,331,7,1,25,1
1453,1,0,36,0,3293,50,0,18,1,15,1
1454,0,0,36,0,1488,42,0,16,1,15,1
1455,2,0,36,0,2870,66,4,11,1,25,1
1456,0,0,36,0,1455,23,257,1,1,30,1
1457,4,0,35,0,8210,105,116,26,1,30,1
1458,0,0,36,0,12868,153,0,27,1,30,1
1459,0,0,36,0,3610,67,0,8,1,30,1
1460,0,0,36,0,5013,79,0,13,1,25,1
1461,0,0,36,0,1333,38,0,4,1,30,1
1462,16,0,36,0,14235,209,26,15,1,30,1
1463,0,0,36,0,2190,11,455,5,1,30,1
1464,0,0,35,0,14580,166,122,13,1,25,1
1465,0,0,35,0,5595,70,158,9,1,30,1
1466,0,0,35,0,6603,111,356,26,1,25,1
1467,0,0,35,0,10560,138,0,30,1,30,1
1468,0,0,35,0,5813,59,80,20,1,25,1
1469,7,0,31,0,50,2,0,1,1,25,0
1470,12,0,34,5,9530,77,0,25,1,45,1
1471,4,0,34,0,4913,82,0,7,1,25,0
1472,0,0,32,0,1935,6,0,2,1,30,1
1473,0,0,33,0,2085,25,0,9,1,25,0
1474,0,1,34,0,1363,28,6,14,1,30,0
1475,0,0,34,0,0,0,0,0,1,25,0
1476,0,0,34,0,0,0,0,0,1,30,1
1477,0,0,31,0,5880,81,0,5,1,45,1
1478,0,1,34,0,0,0,0,0,1,45,0
1479,0,0,34,0,0,0,0,0,1,45,1
1480,16,0,29,0,15170,222,0,63,1,25,1
1481,0,0,32,0,6060,100,243,16,2,25,1
1482,0,0,34,0,2813,66,0,11,1,25,1
1483,0,0,33,0,760,28,10,3,1,30,1
1484,0,0,34,0,1875,37,147,6,1,25,1
1485,0,0,25,0,1903,20,165,8,2,25,1
1486,0,0,24,0,663,23,2,51,1,45,1
1487,0,0,25,0,0,0,0,0,1,25,1
1488,0,0,24,0,0,0,0,0,1,45,1
1489,0,0,23,0,0,0,0,0,1,25,1
1490,0,0,23,0,2320,45,0,6,1,30,1
1491,0,0,16,0,0,0,0,0,1,25,1
1492,7,0,15,0,5488,125,57,25,2,15,1
1493,3,0,13,0,8028,155,45,23,1,45,1
1494,0,0,14,0,1948,29,3,2,1,30,1
1495,0,0,7,0,3485,24,187,21,1,30,1
1496,0,0,7,0,0,0,0,0,1,25,0
1497,3,0,37,0,4180,71,30,19,1,30,1
1498,0,0,38,0,128,5,32,6,1,30,1
1499,5,0,36,0,2263,60,384,26,1,30,1
1500,5,0,37,0,4008,66,26,37,1,15,1
1501,0,0,37,0,2203,58,27,35,1,25,1
1502,6,0,37,1,3585,82,57,30,1,30,1
1503,0,0,37,0,2170,39,310,20,1,30,1
1504,8,0,36,2,8925,121,169,45,1,30,1
1505,2,0,37,0,13583,169,25,46,1,30,1
1506,2,0,37,1,4325,83,27,27,1,30,1
1507,1,0,37,0,5728,95,32,14,1,30,1
1508,4,0,37,0,2048,54,33,19,1,30,1
1509,20,0,37,3,14950,225,79,34,1,30,1
1510,0,0,37,1,2905,27,508,10,1,30,1
1511,4,0,36,0,15295,182,175,32,1,25,1
1512,0,0,36,1,6310,86,211,28,1,30,1
1513,0,0,36,0,685,14,25,13,1,25,1
1514,0,0,37,0,520,14,38,10,1,30,1
1515,0,0,36,0,0,0,25,0,1,25,0
1516,0,0,36,0,7318,127,409,45,1,30,1
1517,2,0,36,1,11275,154,36,49,1,45,1
1518,3,0,36,1,6528,75,133,39,1,25,1
1519,18,0,32,0,765,47,41,19,1,30,0
1520,16,0,35,8,10245,93,26,44,2,55,1
1521,8,1,35,1,5628,98,51,26,1,25,0
1522,0,0,33,0,2650,22,25,16,1,30,1
1523,4,1,34,0,2800,41,34,18,1,30,0
1524,4,0,35,0,2078,44,59,33,1,30,0
1525,0,0,35,0,0,0,25,0,1,30,0
1526,0,0,35,0,1478,25,25,8,1,45,1
1527,0,0,32,1,6595,97,39,24,1,55,1
1528,0,0,35,0,438,7,34,6,1,45,0
1529,0,0,35,1,148,4,29,4,1,55,1
1530,20,0,30,3,15885,238,25,82,1,25,1
1531,1,0,33,3,6775,116,296,35,2,25,1
1532,0,0,35,0,3528,82,27,30,1,30,1
1533,0,0,34,0,1475,44,63,22,1,30,1
1534,1,0,35,0,2590,53,200,25,1,25,1
1535,0,0,26,1,1125,36,218,13,2,25,1
1536,0,0,25,0,1378,39,55,70,1,45,1
1537,6,0,26,0,510,25,35,9,1,30,1
1538,0,0,25,0,635,10,46,5,1,45,1
1539,5,0,24,0,1035,32,44,15,1,25,1
1540,0,0,24,0,3035,61,33,25,1,30,1
1541,0,0,17,0,1505,26,53,16,1,25,1
1542,11,0,16,1,6203,141,110,44,2,25,1
1543,7,0,14,0,8743,171,98,42,1,55,1
1544,3,0,15,3,2663,45,56,21,1,30,1
1545,0,0,8,1,4200,40,240,12,1,30,1
1546,0,1,8,1,1298,19,25,9,1,30,0
1547,3,0,35,0,3950,59,0,11,1,25,1
1548,5,0,34,0,2033,48,320,18,1,25,1
1549,5,0,35,0,3778,54,0,29,1,15,1
1550,0,0,35,0,1973,46,0,27,1,15,1
1551,6,0,35,0,3355,70,0,22,1,25,1
1552,0,0,35,0,1940,27,246,12,1,30,1
1553,8,0,34,0,8695,109,105,37,1,30,1
1554,2,0,35,0,13353,157,0,38,1,30,1
1555,2,0,35,0,4095,71,0,19,1,30,1
1556,1,0,35,0,5498,83,0,6,1,25,1
1557,4,0,35,0,1818,42,0,11,1,30,1
1558,20,0,35,1,14720,213,15,26,1,25,1
1559,0,0,35,0,2675,15,444,2,1,30,1
1560,4,0,34,0,15065,170,111,24,1,25,1
1561,0,0,34,0,6080,74,147,20,1,30,1
1562,0,0,34,0,455,2,0,5,1,25,1
1563,0,0,35,0,290,2,0,2,1,25,1
1564,0,0,34,0,7088,115,345,37,1,25,1
1565,2,0,34,0,11045,142,0,41,1,30,1
1566,3,0,34,0,6298,63,69,31,1,25,1
1567,18,0,30,0,535,35,0,11,1,25,0
1568,16,0,33,6,10015,81,0,36,1,45,1
1569,8,0,33,0,5398,86,0,18,1,25,0
1570,0,0,31,0,2420,10,0,8,1,30,1
1571,4,1,32,0,2570,29,0,10,1,25,0
1572,4,0,33,0,1848,32,0,25,1,30,0
1573,0,0,33,0,1248,13,0,3,1,30,1
1574,0,0,30,0,6365,85,0,16,1,45,1
1575,0,0,33,0,0,0,0,0,1,45,1
1576,20,0,28,1,15655,226,0,74,1,25,1
1577,1,0,31,1,6545,104,232,27,2,25,1
1578,0,0,33,0,3298,70,0,22,1,25,1
1579,0,0,32,0,1245,32,0,14,1,30,1
1580,1,0,33,0,2360,41,136,17,1,25,1
1581,0,0,24,0,895,24,154,5,2,25,1
1582,0,0,23,0,1148,27,0,62,1,45,1
1583,6,0,24,0,280,13,0,1,1,25,1
1584,0,0,23,0,0,0,0,0,1,45,1
1585,5,0,22,0,805,20,0,7,1,15,1
1586,0,0,22,0,2805,49,0,17,1,30,1
1587,0,0,15,0,1275,14,0,8,1,25,1
1588,11,0,14,0,5973,129,46,36,2,15,1
1589,7,0,12,0,8513,159,34,34,1,45,1
1590,3,0,13,1,2433,33,0,13,1,30,1
1591,0,0,6,0,3970,28,176,4,1,25,1
1592,0,1,6,0,1068,7,0,1,1,25,0
1593,5,0,36,0,4255,66,7,18,1,25,1
1594,0,0,37,0,0,0,9,0,1,25,1
1595,7,0,35,0,2338,55,361,25,1,25,1
1596,7,0,36,0,4083,61,3,36,1,15,1
1597,0,0,36,0,2278,53,4,34,1,15,1
1598,8,0,36,0,3660,77,34,29,1,25,1
1599,1,0,36,0,2245,34,287,19,1,30,1
1600,10,0,35,1,9000,116,146,44,1,30,1
1601,4,0,36,0,13658,164,2,45,1,30,1
1602,4,0,36,0,4400,78,4,26,1,30,1
1603,3,0,36,0,5803,90,9,13,1,25,1
1604,6,1,36,0,2123,49,10,18,1,30,1
1605,22,0,36,2,15025,220,56,33,1,30,1
1606,1,0,36,0,2980,22,485,9,1,30,1
1607,6,0,35,0,15370,177,152,31,1,25,1
1608,0,0,35,0,6385,81,188,27,1,30,1
1609,0,0,35,0,760,9,2,12,1,25,1
1610,0,0,36,0,595,9,15,9,1,25,1
1611,0,0,35,0,0,0,2,0,1,25,0
1612,0,0,35,0,7393,122,386,44,1,25,1
1613,4,0,35,0,11350,149,13,48,1,30,1
1614,5,0,35,0,6603,70,110,38,1,25,1
1615,20,0,31,0,840,42,18,18,1,25,0
1616,18,0,34,7,10320,88,3,43,1,45,1
1617,10,0,34,0,5703,93,28,25,1,25,0
1618,0,0,32,0,2725,17,2,15,1,30,1
1619,6,0,33,0,2875,36,11,17,1,25,0
1620,6,1,34,0,2153,39,36,32,1,30,0
1621,0,0,34,0,0,0,2,0,1,30,0
1622,0,0,34,0,1553,20,2,7,1,30,1
1623,0,0,31,0,6670,92,16,23,1,45,1
1624,0,0,34,0,513,2,11,5,1,45,0
1625,0,0,34,0,0,0,6,0,1,55,1
1626,22,0,29,2,15960,233,2,81,1,25,1
1627,3,0,32,2,6850,111,273,34,2,25,1
1628,0,0,34,0,3603,77,4,29,1,25,1
1629,0,0,33,0,1550,39,40,21,1,30,1
1630,3,0,34,0,2665,48,177,24,1,25,1
1631,1,0,25,0,1200,31,195,12,2,25,1
1632,1,0,24,0,1453,34,32,69,1,45,1
1633,8,0,25,0,585,20,12,8,1,25,1
1634,0,0,24,0,710,5,23,4,1,45,1
1635,7,0,23,0,1110,27,21,14,1,25,1
1636,0,0,23,0,3110,56,10,24,1,30,1
1637,0,0,16,0,1580,21,30,15,1,25,1
1638,13,0,15,0,6277,136,87,43,2,15,1
1639,9,0,13,0,8817,166,75,41,1,45,1
1640,5,0,14,2,2737,40,33,20,1,30,1
1641,0,0,7,0,4275,35,217,11,1,30,1
1642,0,1,7,0,1372,14,2,8,1,25,0
1643,1,0,36,0,3875,64,0,12,1,25,1
1644,3,0,35,0,1958,53,343,19,1,25,1
1645,3,0,36,0,3703,59,0,30,1,25,1
1646,0,0,36,0,1898,51,0,28,1,15,1
1647,4,0,36,0,3280,75,16,23,1,25,1
1648,0,0,36,0,1865,32,269,13,1,30,1
1649,6,0,35,1,8620,114,128,38,1,30,1
1650,0,0,36,0,13278,162,0,39,1,30,1
1651,0,0,36,0,4020,76,0,20,1,30,1
1652,0,0,36,0,5423,88,0,7,1,25,1
1653,2,0,36,0,1743,47,0,12,1,30,1
1654,18,0,36,2,14645,218,38,27,1,30,1
1655,0,0,36,0,2600,20,467,3,1,30,1
1656,2,0,35,0,14990,175,134,25,1,25,1
1657,0,0,35,0,6005,79,170,21,1,30,1
1658,0,0,35,0,380,7,0,6,1,25,1
1659,0,0,36,0,215,7,0,3,1,25,1
1660,0,0,35,0,7013,120,368,38,1,25,1
1661,0,0,35,0,10970,147,0,42,1,30,1
1662,1,0,35,0,6223,68,92,32,1,25,1
1663,16,1,31,0,460,40,0,12,1,25,0
1664,14,0,34,7,9940,86,0,37,1,45,1
1665,6,0,34,0,5323,91,10,19,1,25,0
1666,0,0,32,0,2345,15,0,9,1,30,1
1667,2,1,33,0,2495,34,0,11,1,25,0
1668,2,0,34,0,1773,37,18,26,1,30,0
1669,0,0,34,0,0,0,0,0,1,30,0
1670,0,0,34,0,1173,18,0,1,1,30,1
1671,0,0,31,0,6290,90,0,17,1,45,1
1672,0,0,34,0,0,0,0,0,1,45,0
1673,18,0,29,2,15580,231,0,75,1,25,1
1674,0,0,32,2,6470,109,255,28,2,25,1
1675,0,0,34,0,3223,75,0,23,1,25,1
1676,0,0,33,0,1170,37,22,15,1,30,1
1677,0,0,34,0,2285,46,159,18,1,25,1
1678,0,0,25,0,820,29,177,6,2,25,1
1679,0,0,24,0,1073,32,14,63,1,45,1
1680,4,0,25,0,205,18,0,2,1,25,1
1681,0,0,24,0,0,0,5,0,1,45,1
1682,3,0,23,0,730,25,3,8,1,25,1
1683,0,0,23,0,2730,54,0,18,1,30,1
1684,0,0,16,0,1200,19,12,9,1,25,1
1685,9,0,15,0,5897,134,69,37,2,15,1
1686,5,0,13,0,8437,164,57,35,1,45,1
1687,1,0,14,2,2357,38,15,14,1,30,1
1688,0,0,7,0,3895,33,199,5,1,30,1
1689,0,0,7,0,992,12,0,2,1,25,0
1690,1,0,31,0,4065,59,0,14,1,25,1
1691,3,0,30,0,2148,48,344,21,1,25,1
1692,3,0,31,0,3893,54,0,32,1,15,1
1693,0,0,31,0,2088,46,0,30,1,15,1
1694,4,0,31,0,3470,70,17,25,1,25,1
1695,0,0,31,0,2055,27,270,15,1,30,1
1696,6,0,30,0,8810,109,129,40,1,30,1
1697,0,0,31,0,13468,157,0,41,1,30,1
1698,0,0,31,0,4210,71,0,22,1,30,1
1699,0,0,31,0,5613,83,0,9,1,25,1
1700,2,0,31,0,1933,42,0,14,1,30,1
1701,18,0,31,1,14835,213,39,29,1,25,1
1702,0,0,31,0,2790,15,468,5,1,30,1
1703,2,0,30,0,15180,170,135,27,1,25,1
1704,0,0,30,0,6195,74,171,23,1,30,1
1705,0,0,30,0,570,2,0,8,1,25,1
1706,0,0,31,0,405,2,0,5,1,25,1
1707,0,0,30,0,7203,115,369,40,1,25,1
1708,0,0,30,0,11160,142,0,44,1,30,1
1709,1,0,30,0,6413,63,93,34,1,25,1
1710,16,0,26,0,650,35,1,14,1,25,0
1711,14,0,29,6,10130,81,0,39,1,45,1
1712,6,0,29,0,5513,86,11,21,1,25,0
1713,0,0,27,0,2535,10,0,11,1,30,1
1714,2,0,28,0,2685,29,0,13,1,25,0
1715,2,0,29,0,1963,32,19,28,1,30,0
1716,0,0,29,0,1363,13,0,3,1,30,1
1717,0,0,26,0,6480,85,0,19,1,45,1
1718,0,0,29,0,0,0,0,0,1,30,0
1719,0,0,29,0,0,0,0,0,1,45,1
1720,18,0,24,1,15770,226,0,77,1,25,1
1721,0,0,27,1,6660,104,256,30,2,25,1
1722,0,0,29,0,3413,70,0,25,1,25,1
1723,0,0,28,0,1360,32,23,17,1,30,1
1724,0,0,29,0,2475,41,160,20,1,25,1
1725,0,0,20,0,1010,24,178,8,2,25,1
1726,0,0,19,0,1263,27,15,65,1,45,1
1727,4,0,20,0,395,13,0,4,1,25,1
1728,0,0,19,0,520,4,6,2,1,45,1
1729,3,0,18,0,920,20,4,10,1,15,1
1730,0,0,18,0,2920,49,0,20,1,30,1
1731,0,0,11,0,1390,14,13,11,1,25,1
1732,9,0,10,0,6087,129,70,39,2,15,1
1733,5,0,8,0,8627,159,58,37,1,45,1
1734,1,0,9,1,2547,33,16,16,1,30,1
1735,0,0,3,0,4085,28,200,7,1,25,1
1736,0,0,3,0,1182,7,0,4,1,25,0
1737,5,0,41,0,4065,71,6,16,1,30,1
1738,0,0,42,0,13,5,8,3,1,30,1
1739,7,0,40,0,2148,60,360,23,1,30,1
1740,7,0,41,0,3893,66,2,34,1,15,1
1741,0,0,41,0,2088,58,3,32,1,25,1
1742,8,0,41,1,3470,82,33,27,1,30,1
1743,1,0,41,0,2055,39,286,17,1,30,1
1744,10,0,40,2,8810,121,145,42,1,30,1
1745,4,0,41,0,13468,169,1,43,1,30,1
1746,4,0,41,1,4210,83,3,24,1,30,1
1747,3,0,41,0,5613,95,8,11,1,30,1
1748,6,0,41,0,1933,54,9,16,1,30,1
1749,22,0,41,3,14835,225,55,31,1,30,1
1750,1,0,41,1,2790,27,484,7,1,30,1
1751,6,0,40,0,15180,182,151,29,1,25,1
1752,0,0,40,1,6195,86,187,25,1,30,1
1753,0,0,40,0,570,14,1,10,1,25,1
1754,0,0,41,0,405,14,14,7,1,30,1
1755,0,0,40,0,0,0,1,0,1,25,0
1756,0,0,40,0,7203,127,385,42,1,30,1
1757,4,0,40,1,11160,154,12,46,1,45,1
1758,5,0,40,1,6413,75,109,36,1,25,1
1759,20,0,36,0,650,47,17,16,1,30,0
1760,18,0,39,8,10130,93,2,41,1,55,1
1761,10,0,39,1,5513,98,27,23,1,25,0
1762,0,0,37,0,2535,22,1,13,1,30,1
1763,6,1,38,0,2685,41,10,15,1,30,0
1764,6,0,39,0,1963,44,35,30,1,30,0
1765,0,0,39,0,0,0,1,0,1,30,0
1766,0,0,39,0,1363,25,1,5,1,45,1
1767,0,0,36,1,6480,97,15,21,1,55,1
1768,0,0,39,0,323,7,10,3,1,45,0
1769,0,0,39,1,33,4,5,1,1,55,1
1770,22,0,34,3,15770,238,1,79,1,25,1
1771,3,0,37,3,6660,116,272,32,2,25,1
1772,0,0,39,0,3413,82,3,27,1,30,1
1773,0,0,38,0,1360,44,39,19,1,30,1
1774,3,0,39,0,2475,53,176,22,1,25,1
1775,1,0,30,1,1010,36,194,10,2,25,1
1776,1,0,29,0,1263,39,31,67,1,45,1
1777,8,0,30,0,395,25,11,6,1,30,1
1778,0,0,29,0,520,10,22,2,1,45,1
1779,7,0,28,0,920,32,20,12,1,25,1
1780,0,0,28,0,2920,61,9,22,1,30,1
1781,0,0,21,0,1390,26,29,13,1,25,1
1782,13,0,20,1,6087,141,86,41,2,25,1
1783,9,0,18,0,8627,171,74,39,1,55,1
1784,5,0,19,3,2547,45,32,18,1,30,1
1785,0,0,12,1,4085,40,216,9,1,30,1
1786,0,0,12,1,1182,19,1,6,1,30,0
1787,9,0,37,0,4775,76,23,15,1,25,1
1788,1,0,38,0,723,10,8,2,1,25,1
1789,11,0,36,0,2858,65,360,22,1,25,1
1790,11,0,37,0,4603,71,2,33,1,15,1
1791,4,0,37,0,2798,63,3,31,1,15,1
1792,12,0,37,1,4180,87,33,26,1,30,1
1793,5,0,37,0,2765,44,286,16,1,30,1
1794,14,0,36,2,9520,126,145,41,1,30,1
1795,8,0,37,0,14178,174,1,42,1,30,1
1796,8,0,37,1,4920,88,3,23,1,30,1
1797,7,0,37,0,6323,100,8,10,1,25,1
1798,10,0,37,0,2643,59,9,15,1,30,1
1799,26,1,37,3,15545,230,55,30,1,30,1
1800,5,0,37,1,3500,32,484,6,1,30,1
1801,10,0,36,0,15890,187,151,28,1,25,1
1802,4,0,36,1,6905,91,187,24,1,30,1
1803,1,0,36,0,1280,19,1,9,1,25,1
1804,3,0,37,0,1115,19,14,6,1,25,1
1805,0,0,36,0,0,0,1,0,1,25,0
1806,4,0,36,0,7913,132,385,41,1,25,1
1807,8,0,36,1,11870,159,12,45,1,30,1
1808,9,0,36,1,7123,80,109,35,1,25,1
1809,24,0,32,0,1360,52,17,15,1,25,0
1810,22,0,35,8,10840,98,2,40,1,45,1
1811,14,0,35,1,6223,103,27,22,1,25,1
1812,2,0,33,0,3245,27,1,12,1,30,1
1813,10,0,34,0,3395,46,10,14,1,30,0
1814,10,1,35,0,2673,49,35,29,1,30,0
1815,1,0,35,0,538,7,1,1,1,30,0
1816,2,0,35,0,2073,30,1,4,1,30,1
1817,4,0,32,1,7190,102,15,20,1,45,1
1818,1,0,35,0,1033,12,10,2,1,45,0
1819,1,0,35,1,743,9,5,1,1,55,1
1820,26,0,30,3,16480,243,1,78,1,25,1
1821,7,0,33,3,7370,121,272,31,2,25,1
1822,3,0,35,0,4123,87,3,26,1,25,1
1823,4,0,34,0,2070,49,39,18,1,30,1
1824,7,0,35,0,3185,58,176,21,1,25,1
1825,5,0,26,1,1720,41,194,9,2,25,1
1826,5,0,25,0,1973,44,31,66,1,45,1
1827,12,0,26,0,1105,30,11,5,1,25,1
1828,1,0,25,0,1230,15,22,1,1,45,1
1829,11,0,24,0,1630,37,20,11,1,25,1
1830,3,0,24,0,3630,66,9,21,1,30,1
1831,3,0,17,0,2100,31,29,12,1,25,1
1832,17,0,16,1,6797,146,86,40,2,15,1
1833,13,0,14,0,9337,176,74,38,1,45,1
1834,9,0,15,3,3257,50,32,17,1,30,1
1835,3,0,8,1,4795,45,216,8,1,30,1
1836,4,0,8,1,1892,24,1,5,1,30,0
1837,0,0,35,0,3355,54,0,15,1,25,1
1838,0,0,34,0,1438,43,327,22,1,25,1
1839,0,0,35,0,3183,49,0,33,1,15,1
1840,0,0,35,0,1378,41,0,31,1,15,1
1841,0,0,35,0,2760,65,0,26,1,25,1
1842,0,0,35,0,1345,22,253,16,1,30,1
1843,2,0,34,0,8100,104,112,41,1,30,1
1844,0,0,35,0,12758,152,0,42,1,30,1
1845,0,0,35,0,3500,66,0,23,1,30,1
1846,0,0,35,0,4903,78,0,10,1,25,1
1847,0,0,35,0,1223,37,0,15,1,30,1
1848,14,0,35,1,14125,208,22,30,1,25,1
1849,0,0,35,0,2080,10,451,6,1,30,1
1850,0,0,34,0,14470,165,118,28,1,25,1
1851,0,0,34,0,5485,69,154,24,1,30,1
1852,0,0,34,0,6493,110,352,41,1,25,1
1853,0,0,34,0,10450,137,0,45,1,30,1
1854,0,0,34,0,5703,58,76,35,1,25,1
1855,0,1,30,0,0,0,0,0,1,25,0
1856,10,0,33,6,9420,76,0,40,1,45,1
1857,2,1,33,0,4803,81,0,22,1,25,0
1858,0,0,31,0,1825,5,0,12,1,30,1
1859,0,0,32,0,1975,24,0,14,1,25,0
1860,0,0,33,0,1253,27,2,29,1,30,0
1861,0,1,33,0,0,0,0,0,1,25,0
1862,0,0,33,0,653,8,0,4,1,30,1
1863,0,0,30,0,5770,80,0,20,1,45,1
1864,14,0,28,1,15060,221,0,78,1,25,1
1865,0,0,31,1,5950,99,239,31,2,25,1
1866,0,0,33,0,2703,65,0,26,1,25,1
1867,0,0,32,0,650,27,6,18,1,30,1
1868,0,0,33,0,1765,36,143,21,1,25,1
1869,0,0,24,0,300,19,161,9,2,25,1
1870,0,0,23,0,553,22,0,66,1,45,1
1871,0,0,24,0,0,0,0,0,1,25,1
1872,0,0,22,0,210,15,0,11,1,25,1
1873,0,0,22,0,2210,44,0,21,1,30,1
1874,0,0,15,0,680,9,0,12,1,25,1
1875,5,0,14,0,5377,124,53,40,2,15,1
1876,1,0,12,0,7917,154,41,38,1,45,1
1877,0,0,13,1,1837,28,0,17,1,30,1
1878,0,0,6,0,3375,23,183,8,1,30,1
1879,0,0,6,0,472,2,0,5,1,25,0
1880,0,1,35,0,0,0,0,0,1,25,0
1881,8,0,34,0,5513,92,19,22,1,25,0
1882,4,1,34,0,1963,38,27,29,1,30,0
1883,0,1,34,0,323,1,2,2,1,45,0
1884,0,0,25,0,1010,30,186,9,2,25,1
1885,11,0,15,0,6087,135,78,40,2,15,1
1886,7,0,13,0,8627,165,66,38,1,45,1
1887,3,0,14,2,2547,39,24,17,1,30,1
1888,0,0,7,0,1182,13,0,5,1,25,0
1889,18,1,31,0,650,41,9,15,1,25,0
1890,4,1,33,0,2685,35,2,14,1,25,0
1891,13,0,40,1,4675,77,12,19,1,30,1
1892,5,0,41,0,623,11,14,6,1,30,1
1893,15,0,39,1,2758,66,366,26,1,30,1
1894,15,0,40,1,4503,72,8,37,1,15,1
1895,8,0,40,1,2698,64,9,35,1,25,1
1896,16,0,40,2,4080,88,39,30,1,30,1
1897,9,0,40,1,2665,45,292,20,1,30,1
1898,18,0,39,3,9420,127,151,45,1,30,1
1899,12,0,40,1,14078,175,7,46,1,30,1
1900,12,0,40,2,4820,89,9,27,1,30,1
1901,11,0,40,1,6223,101,14,14,1,30,1
1902,14,1,40,0,2543,60,15,19,1,30,1
1903,30,0,40,4,15445,231,61,34,2,30,1
1904,9,0,40,2,3400,33,490,10,1,30,1
1905,14,0,39,1,15790,188,157,32,1,25,1
1906,8,0,39,2,6805,92,193,28,1,30,1
1907,5,0,39,0,1180,20,7,13,1,25,1
1908,7,0,40,0,1015,20,20,10,1,30,1
1909,5,0,39,0,305,6,7,2,1,25,0
1910,8,0,39,1,7813,133,391,45,1,30,1
1911,12,0,39,2,11770,160,18,49,1,45,1
1912,13,0,39,2,7023,81,115,39,1,25,1
1913,28,0,35,0,1260,53,23,19,1,30,0
1914,26,0,38,9,10740,99,8,44,1,55,1
1915,18,0,38,2,6123,104,33,26,1,25,1
1916,6,0,36,1,3145,28,7,16,1,30,1
1917,14,1,37,0,3295,47,16,18,1,30,0
1918,14,1,38,0,2573,50,41,33,1,45,0
1919,5,0,38,0,438,8,7,4,1,30,0
1920,6,0,38,1,1973,31,7,8,1,45,1
1921,8,0,35,2,7090,103,21,24,1,55,1
1922,5,0,38,0,933,13,16,6,1,45,0
1923,5,0,38,2,643,10,11,4,1,55,1
1924,30,0,33,4,16380,244,7,82,2,25,1
1925,11,0,36,4,7270,122,278,35,2,30,1
1926,7,0,38,1,4023,88,9,30,1,30,1
1927,8,0,37,0,1970,50,45,22,1,30,1
1928,11,0,38,1,3085,59,182,25,1,25,1
1929,9,0,29,2,1620,42,200,13,2,30,1
1930,9,0,28,1,1873,45,37,70,1,55,1
1931,16,0,29,0,1005,31,17,9,1,30,1
1932,5,0,28,0,1130,16,28,5,1,45,1
1933,15,0,27,1,1530,38,26,15,1,25,1
1934,7,0,27,1,3530,67,15,25,1,30,1
1935,7,0,20,1,2000,32,35,16,1,30,1
1936,21,0,19,2,6698,147,92,44,2,25,1
1937,17,0,17,1,9238,177,80,42,1,55,1
1938,13,0,18,4,3158,51,38,21,2,30,1
1939,7,0,11,2,4695,46,222,12,1,30,1
1940,8,1,11,2,1793,25,7,9,1,30,0
1941,16,0,42,2,4735,80,17,21,1,30,1
1942,8,0,43,2,683,14,19,8,1,30,1
1943,18,0,41,2,2818,69,371,28,1,30,1
1944,18,0,42,2,4563,75,13,39,1,15,1
1945,11,0,42,2,2758,67,14,37,1,25,1
1946,19,0,42,3,4140,91,44,32,1,30,1
1947,12,0,42,2,2725,48,297,22,1,45,1
1948,21,0,41,4,9480,130,156,47,1,30,1
1949,15,0,42,2,14138,178,12,48,1,30,1
1950,15,0,42,3,4880,92,14,29,1,45,1
1951,14,0,42,2,6283,104,19,16,1,30,1
1952,17,0,42,2,2603,63,20,21,1,45,1
1953,33,0,42,5,15505,234,66,36,2,30,1
1954,12,0,42,3,3460,36,495,12,1,45,1
1955,17,0,41,2,15850,191,162,34,1,25,1
1956,11,0,41,3,6865,95,198,30,1,30,1
1957,8,0,41,2,1240,23,12,15,1,25,1
1958,10,0,42,2,1075,23,25,12,1,30,1
1959,8,0,41,2,365,9,12,4,1,30,0
1960,11,0,41,2,7873,136,396,47,1,30,1
1961,15,0,41,3,11830,163,23,51,1,45,1
1962,16,0,41,3,7083,84,120,41,1,25,1
1963,31,1,37,2,1320,56,28,21,1,30,0
1964,29,1,40,10,10800,102,13,46,2,55,1
1965,21,0,40,3,6183,107,38,28,1,30,1
1966,9,0,38,2,3205,31,12,18,1,30,1
1967,17,1,39,2,3355,50,21,20,1,30,0
1968,17,0,40,2,2633,53,46,35,1,45,0
1969,8,0,40,2,498,11,12,6,1,30,0
1970,9,0,40,2,2033,34,12,10,1,45,1
1971,11,0,37,3,7150,106,26,26,1,55,1
1972,8,1,40,2,993,16,21,8,1,45,0
1973,8,0,40,3,703,13,16,6,1,55,1
1974,33,0,35,5,16440,247,12,84,2,25,1
1975,14,0,38,5,7330,125,283,37,2,30,1
1976,10,0,40,2,4083,91,14,32,1,30,1
1977,11,0,39,2,2030,53,50,24,1,45,1
1978,14,0,40,2,3145,62,187,27,1,25,1
1979,12,0,31,3,1680,45,205,15,2,30,1
1980,12,0,30,2,1933,48,42,72,1,55,1
1981,19,0,31,2,1065,34,22,11,1,30,1
1982,8,0,30,2,1190,19,33,7,1,45,1
1983,18,0,29,2,1590,41,31,17,1,25,1
1984,10,0,29,2,3590,70,20,27,1,30,1
1985,10,0,22,2,2060,35,40,18,1,30,1
1986,24,0,21,3,6758,150,97,46,2,25,1
1987,20,0,19,2,9298,180,85,44,1,55,1
1988,16,0,20,5,3218,54,43,23,2,30,1
1989,10,0,13,3,4755,49,227,14,1,30,1
1990,11,1,13,3,1853,28,12,11,1,30,0
1991,10,0,38,1,4615,74,7,17,1,30,1
1992,5,0,39,0,563,8,9,4,1,30,1
1993,12,0,37,1,2698,63,361,24,1,30,1
1994,12,0,38,1,4443,69,7,35,1,15,1
1995,5,0,38,1,2638,61,7,33,1,25,1
1996,13,0,38,1,4020,85,34,28,1,30,1
1997,6,0,38,1,2605,42,287,18,1,30,1
1998,15,0,37,2,9360,124,146,43,1,30,1
1999,9,0,38,1,14018,172,7,44,1,30,1
2000,9,0,38,1,4760,86,7,25,1,30,1
2001,8,0,38,1,6163,98,9,12,1,30,1
2002,11,0,38,0,2483,57,10,17,1,30,1
2003,27,0,38,3,15385,228,56,32,1,30,1
2004,6,0,38,1,3340,30,485,8,1,30,1
2005,11,0,37,1,15730,185,152,30,1,25,1
2006,5,0,37,1,6745,89,188,26,1,30,1
2007,5,0,37,0,1120,17,7,11,1,25,1
2008,5,0,38,0,955,17,15,8,1,30,1
2009,5,0,37,0,305,6,7,2,1,25,0
2010,5,0,37,1,7753,130,386,43,1,30,1
2011,9,0,37,1,11710,157,13,47,1,45,1
2012,10,0,37,1,6963,78,110,37,1,25,1
2013,25,1,33,0,1200,50,18,17,1,30,0
2014,23,0,36,8,10680,96,7,42,1,55,1
2015,15,0,36,1,6063,101,28,24,1,25,1
2016,5,0,34,1,3085,25,7,14,1,30,1
2017,11,0,35,0,3235,44,11,16,1,30,0
2018,11,1,36,0,2513,47,36,31,1,30,0
2019,5,0,36,0,305,6,7,2,1,30,0
2020,5,0,36,1,1913,28,7,6,1,45,1
2021,5,0,33,1,7030,100,16,22,1,55,1
2022,5,0,36,0,873,10,11,4,1,45,0
2023,5,0,36,1,305,6,7,2,1,55,1
2024,27,0,31,3,16320,241,7,80,1,25,1
2025,8,0,34,3,7210,119,273,33,2,25,1
2026,5,0,36,1,3963,85,7,28,1,30,1
2027,5,0,35,0,1910,47,40,20,1,30,1
2028,8,0,36,1,3025,56,177,23,1,25,1
2029,6,0,27,1,1560,39,195,11,2,25,1
2030,6,0,26,1,1813,42,32,68,1,45,1
2031,13,0,27,0,945,28,12,7,1,30,1
2032,5,0,26,0,1070,13,23,3,1,45,1
2033,12,0,25,1,1470,35,21,13,1,25,1
2034,5,0,25,1,3470,64,10,23,1,30,1
2035,5,0,18,1,1940,29,30,14,1,25,1
2036,18,0,17,1,6638,144,87,42,2,25,1
2037,14,0,15,1,9178,174,75,40,1,55,1
2038,10,0,16,3,3098,48,33,19,1,30,1
2039,5,0,9,1,4635,43,217,10,1,30,1
2040,5,1,9,1,1733,22,7,7,1,30,0
2041,14,0,44,2,4755,79,22,23,1,30,1
2042,6,0,45,0,703,13,24,10,1,30,1
2043,16,0,43,2,2838,68,376,30,1,30,1
2044,16,0,44,2,4583,74,18,41,1,15,1
2045,9,0,44,2,2778,66,19,39,1,25,1
2046,17,0,44,3,4160,90,49,34,1,30,1
2047,10,0,44,2,2745,47,302,24,1,45,1
2048,19,0,43,4,9500,129,161,49,1,30,1
2049,13,0,44,2,14158,177,17,50,1,30,1
2050,13,0,44,3,4900,91,19,31,1,30,1
2051,12,0,44,2,6303,103,24,18,1,30,1
2052,15,1,44,0,2623,62,25,23,1,30,1
2053,31,0,44,5,15525,233,71,38,1,30,1
2054,10,0,44,3,3480,35,500,14,1,45,1
2055,15,0,43,2,15870,190,167,36,1,25,1
2056,9,0,43,3,6885,94,203,32,1,30,1
2057,6,0,43,0,1260,22,17,17,1,25,1
2058,8,0,44,0,1095,22,30,14,1,30,1
2059,6,0,43,0,385,8,17,6,1,25,0
2060,9,0,43,2,7893,135,401,49,1,30,1
2061,13,0,43,3,11850,162,28,53,1,45,1
2062,14,0,43,3,7103,83,125,43,1,25,1
2063,29,1,39,0,1340,55,33,23,1,30,0
2064,27,0,42,10,10820,101,18,48,1,55,1
2065,19,0,42,3,6203,106,43,30,1,30,1
2066,7,0,40,2,3225,30,17,20,1,30,1
2067,15,1,41,0,3375,49,26,22,1,30,0
2068,15,1,42,0,2653,52,51,37,1,45,0
2069,6,0,42,0,518,10,17,8,1,30,0
2070,7,0,42,2,2053,33,17,12,1,45,1
2071,9,0,39,3,7170,105,31,28,1,55,1
2072,6,1,42,0,1013,15,26,10,1,45,0
2073,6,0,42,3,723,12,21,8,1,55,1
2074,31,0,37,5,16460,246,17,86,1,25,1
2075,12,0,40,5,7350,124,288,39,2,30,1
2076,8,0,42,2,4103,90,19,34,1,30,1
2077,9,1,41,0,2050,52,55,26,1,45,1
2078,12,0,42,2,3165,61,192,29,1,25,1
2079,10,0,33,3,1700,44,210,17,2,30,1
2080,10,0,32,2,1953,47,47,74,1,55,1
2081,17,0,33,0,1085,33,27,13,1,30,1
2082,6,0,32,0,1210,18,38,9,1,45,1
2083,16,0,31,2,1610,40,36,19,1,25,1
2084,8,0,31,2,3610,69,25,29,1,30,1
2085,8,0,24,2,2080,34,45,20,1,30,1
2086,22,0,23,3,6778,149,102,48,2,25,1
2087,18,0,21,2,9318,179,90,46,1,55,1
2088,14,0,22,5,3238,53,48,25,2,30,1
2089,8,0,15,3,4775,48,232,16,1,30,1
2090,9,1,15,3,1873,27,17,13,1,30,0
2091,12,0,36,1,4595,75,7,15,1,30,1
2092,5,0,37,0,305,6,7,2,1,30,1
2093,14,0,35,1,2678,64,356,22,1,30,1
2094,14,0,36,1,4423,70,7,33,1,25,1
2095,7,0,36,1,2618,62,7,31,1,25,1
2096,15,0,36,1,4000,86,29,26,1,30,1
2097,8,0,36,1,2585,43,282,16,1,30,1
2098,17,0,35,2,9340,125,141,41,1,30,1
2099,11,0,36,1,13998,173,7,42,1,30,1
2100,11,0,36,1,4740,87,7,23,1,30,1
2101,10,0,36,1,6143,99,7,10,1,30,1
2102,13,0,36,0,2463,58,7,15,1,30,1
2103,29,0,36,3,15365,229,51,30,1,30,1
2104,8,0,36,1,3320,31,480,6,1,30,1
2105,13,0,35,1,15710,186,147,28,1,25,1
2106,7,0,35,1,6725,90,183,24,1,30,1
2107,5,0,35,0,1100,18,7,9,1,25,1
2108,6,0,36,0,935,18,10,6,1,30,1
2109,5,0,35,0,305,6,7,2,1,25,0
2110,7,0,35,1,7733,131,381,41,1,30,1
2111,11,0,35,1,11690,158,8,45,1,45,1
2112,12,0,35,1,6943,79,105,35,1,25,1
2113,27,1,31,0,1180,51,13,15,1,30,0
2114,25,0,34,8,10660,97,7,40,1,55,1
2115,17,0,34,1,6043,102,23,22,1,25,1
2116,5,0,32,1,3065,26,7,12,1,30,1
2117,13,1,33,0,3215,45,7,14,1,30,0
2118,13,1,34,0,2493,48,31,29,1,30,0
2119,5,0,34,0,305,6,7,2,1,30,0
2120,5,0,34,1,1893,29,7,4,1,45,1
2121,7,0,31,1,7010,101,11,20,1,55,1
2122,5,0,34,0,305,6,7,2,1,45,0
2123,5,0,34,1,305,6,7,2,1,55,1
2124,29,0,29,3,16300,242,7,78,1,25,1
2125,10,0,32,3,7190,120,268,31,2,30,1
2126,6,0,34,1,3943,86,7,26,1,30,1
2127,7,0,33,0,1890,48,35,18,1,30,1
2128,10,0,34,1,3005,57,172,21,1,25,1
2129,8,0,25,1,1540,40,190,9,2,30,1
2130,8,0,24,1,1793,43,27,66,1,45,1
2131,15,0,25,0,925,29,7,5,1,30,1
2132,5,0,24,0,305,6,18,2,1,45,1
2133,14,0,23,1,1450,36,16,11,1,25,1
2134,6,0,23,1,3450,65,7,21,1,30,1
2135,6,0,16,1,1920,30,25,12,1,25,1
2136,20,0,15,1,6618,145,82,40,2,25,1
2137,16,0,13,1,9158,175,70,38,1,55,1
2138,12,0,14,3,3078,49,28,17,1,30,1
2139,6,0,7,1,4615,44,212,8,1,30,1
2140,7,1,7,1,1713,23,7,5,1,30,0
2141,18,0,46,2,4935,87,27,25,1,30,1
2142,10,0,47,0,883,21,29,12,1,30,1
2143,20,0,45,2,3018,76,381,32,1,30,1
2144,20,0,46,2,4763,82,23,43,1,15,1
2145,13,0,46,2,2958,74,24,41,1,25,1
2146,21,0,46,3,4340,98,54,36,1,30,1
2147,14,0,46,2,2925,55,307,26,1,45,1
2148,23,0,45,4,9680,137,166,51,1,30,1
2149,17,0,46,2,14338,185,22,52,1,30,1
2150,17,0,46,3,5080,99,24,33,1,45,1
2151,16,0,46,2,6483,111,29,20,1,30,1
2152,19,0,46,0,2803,70,30,25,1,45,1
2153,35,0,46,5,15705,241,76,40,1,30,1
2154,14,0,46,3,3660,43,505,16,1,45,1
2155,19,0,45,2,16050,198,172,38,1,25,1
2156,13,0,45,3,7065,102,208,34,1,45,1
2157,10,0,45,0,1440,30,22,19,1,30,1
2158,12,0,46,0,1275,30,35,16,1,30,1
2159,10,0,45,0,565,16,22,8,1,30,0
2160,13,0,45,2,8073,143,406,51,1,30,1
2161,17,0,45,3,12030,170,33,55,1,45,1
2162,18,0,45,3,7283,91,130,45,1,25,1
2163,33,1,41,0,1520,63,38,25,1,30,0
2164,31,0,44,10,11000,109,23,50,1,55,1
2165,23,0,44,3,6383,114,48,32,1,30,1
2166,11,0,42,2,3405,38,22,22,1,45,1
2167,19,1,43,0,3555,57,31,24,1,30,0
2168,19,1,44,0,2833,60,56,39,1,45,0
2169,10,0,44,0,698,18,22,10,1,30,0
2170,11,0,44,2,2233,41,22,14,1,45,1
2171,13,0,41,3,7350,113,36,30,1,55,1
2172,10,1,44,0,1193,23,31,12,1,45,0
2173,10,0,44,3,903,20,26,10,1,55,1
2174,35,0,39,5,16640,254,22,88,2,25,1
2175,16,1,42,5,7530,132,293,41,2,30,1
2176,12,0,44,2,4283,98,24,36,1,30,1
2177,13,0,43,0,2230,60,60,28,1,45,1
2178,16,0,44,2,3345,69,197,31,1,25,1
2179,14,0,35,3,1880,52,215,19,2,30,1
2180,14,0,34,2,2133,55,52,76,1,55,1
2181,21,0,35,0,1265,41,32,15,1,30,1
2182,10,0,34,0,1390,26,43,11,1,45,1
2183,20,0,33,2,1790,48,41,21,1,25,1
2184,12,0,33,2,3790,77,30,31,1,45,1
2185,12,0,26,2,2260,42,50,22,1,30,1
2186,26,0,25,3,6958,157,107,50,2,25,1
2187,22,0,23,2,9498,187,95,48,1,55,1
2188,18,0,24,5,3418,61,53,27,2,45,1
2189,12,0,17,3,4955,56,237,18,1,30,1
2190,13,0,17,3,2053,35,22,15,1,30,0
2191,8,0,34,1,4415,67,7,13,1,30,1
2192,5,0,35,0,305,6,7,2,1,25,1
2193,10,0,33,1,2498,56,351,20,1,30,1
2194,10,0,34,1,4243,62,7,31,1,25,1
2195,5,0,34,1,2438,54,7,29,1,15,1
2196,11,0,34,1,3820,78,24,24,1,30,1
2197,5,0,34,1,2405,35,277,14,1,30,1
2198,13,0,33,2,9160,117,136,39,1,30,1
2199,7,0,34,1,13818,165,7,40,1,30,1
2200,7,0,34,1,4560,79,7,21,1,30,1
2201,6,0,34,1,5963,91,7,8,1,30,1
2202,9,0,34,0,2283,50,7,13,1,30,1
2203,25,0,34,3,15185,221,46,28,1,30,1
2204,5,0,34,1,3140,23,475,4,1,30,1
2205,9,0,33,1,15530,178,142,26,1,25,1
2206,5,0,33,1,6545,82,178,22,1,30,1
2207,5,0,33,0,920,10,7,7,1,25,1
2208,5,0,34,0,755,10,7,4,1,30,1
2209,5,0,33,0,305,6,7,2,1,25,0
2210,5,0,33,1,7553,123,376,39,1,25,1
2211,7,0,33,1,11510,150,7,43,1,45,1
2212,8,0,33,1,6763,71,100,33,1,25,1
2213,23,0,29,0,1000,43,8,13,1,25,0
2214,21,0,32,8,10480,89,7,38,1,55,1
2215,13,0,32,1,5863,94,18,20,1,25,0
2216,5,0,30,1,2885,18,7,10,1,30,1
2217,9,0,31,0,3035,37,7,12,1,30,0
2218,9,1,32,0,2313,40,26,27,1,30,0
2219,5,0,32,0,305,6,7,2,1,30,0
2220,5,0,32,1,305,6,7,2,1,30,1
2221,5,0,29,1,6830,93,7,18,1,55,1
2222,5,0,32,0,305,6,7,2,1,45,0
2223,5,0,32,1,305,6,7,2,1,55,0
2224,25,0,27,3,16120,234,7,76,1,25,1
2225,6,0,30,3,7010,112,263,29,2,25,1
2226,5,0,32,1,3763,78,7,24,1,25,1
2227,5,0,31,0,1710,40,30,16,1,30,1
2228,6,0,32,1,2825,49,167,19,1,25,1
2229,5,0,23,1,1360,32,185,7,2,25,1
2230,5,0,22,1,1613,35,22,64,1,45,1
2231,11,0,23,0,745,21,7,3,1,25,1
2232,5,0,22,0,305,6,13,2,1,45,1
2233,10,0,21,1,1270,28,11,9,1,25,1
2234,5,0,21,1,3270,57,7,19,1,30,1
2235,5,0,14,1,1740,22,20,10,1,25,1
2236,16,0,13,1,6438,137,77,38,2,25,1
2237,12,0,11,1,8978,167,65,36,1,45,1
2238,8,0,12,3,2898,41,23,15,1,30,1
2239,5,0,5,1,4435,36,207,6,1,30,1
2240,5,1,5,0,1533,15,7,3,1,30,0
2241,15,0,43,1,4855,85,23,24,1,30,1
2242,7,0,44,0,803,19,25,11,1,30,1
2243,17,0,42,1,2938,74,377,31,1,30,1
2244,17,0,43,1,4683,80,19,42,1,15,1
2245,10,0,43,1,2878,72,20,40,1,25,1
2246,18,0,43,2,4260,96,50,35,1,30,1
2247,11,0,43,1,2845,53,303,25,1,30,1
2248,20,0,42,3,9600,135,162,50,1,30,1
2249,14,0,43,1,14258,183,18,51,1,30,1
2250,14,0,43,2,5000,97,20,32,1,30,1
2251,13,0,43,1,6403,109,25,19,1,30,1
2252,16,1,43,0,2723,68,26,24,1,30,1
2253,32,0,43,4,15625,239,72,39,1,30,1
2254,11,0,43,2,3580,41,501,15,1,30,1
2255,16,0,42,1,15970,196,168,37,1,25,1
2256,10,0,42,2,6985,100,204,33,1,30,1
2257,7,0,42,0,1360,28,18,18,1,25,1
2258,9,0,43,0,1195,28,31,15,1,30,1
2259,7,0,42,0,485,14,18,7,1,25,0
2260,10,0,42,1,7993,141,402,50,1,30,1
2261,14,0,42,2,11950,168,29,54,1,45,1
2262,15,0,42,2,7203,89,126,44,1,25,1
2263,30,0,38,0,1440,61,34,24,1,30,0
2264,28,0,41,9,10920,107,19,49,2,55,1
2265,20,0,41,2,6303,112,44,31,1,25,1
2266,8,0,39,1,3325,36,18,21,1,30,1
2267,16,1,40,0,3475,55,27,23,1,30,0
2268,16,1,41,0,2753,58,52,38,1,45,0
2269,7,1,41,0,618,16,18,9,1,30,0
2270,8,0,41,1,2153,39,18,13,1,45,1
2271,10,0,38,2,7270,111,32,29,1,55,1
2272,7,0,41,0,1113,21,27,11,1,45,0
2273,7,0,41,2,823,18,22,9,1,55,1
2274,32,1,36,4,16560,252,18,87,2,25,1
2275,13,0,39,4,7450,130,289,40,2,30,1
2276,9,0,41,1,4203,96,20,35,1,30,1
2277,10,0,40,0,2150,58,56,27,1,30,1
2278,13,0,41,1,3265,67,193,30,1,25,1
2279,11,0,32,2,1800,50,211,18,2,30,1
2280,11,0,31,1,2053,53,48,75,1,55,1
2281,18,0,32,0,1185,39,28,14,1,30,1
2282,7,0,31,0,1310,24,39,10,1,45,1
2283,17,0,30,1,1710,46,37,20,1,25,1
2284,9,0,30,1,3710,75,26,30,1,30,1
2285,9,0,23,1,2180,40,46,21,1,30,1
2286,23,0,22,2,6878,155,103,49,2,25,1
2287,19,0,20,1,9418,185,91,47,1,55,1
2288,15,0,21,4,3338,59,49,26,1,30,1
2289,9,0,14,2,4875,54,233,17,1,30,1
2290,10,0,14,2,1973,33,18,14,1,30,0
2291,11,0,37,1,4495,69,7,14,1,30,1
2292,5,0,38,0,305,6,7,2,1,30,1
2293,13,0,36,1,2578,58,355,21,1,30,1
2294,13,0,37,1,4323,64,7,32,1,15,1
2295,6,0,37,1,2518,56,7,30,1,25,1
2296,14,0,37,2,3900,80,28,25,1,30,1
2297,7,0,37,1,2485,37,281,15,1,30,1
2298,16,0,36,3,9240,119,140,40,1,30,1
2299,10,0,37,1,13898,167,7,41,1,30,1
2300,10,0,37,2,4640,81,7,22,1,30,1
2301,9,0,37,1,6043,93,7,9,1,30,1
2302,12,0,37,0,2363,52,7,14,1,30,1
2303,28,0,37,4,15265,223,50,29,2,30,1
2304,7,0,37,2,3220,25,479,5,1,30,1
2305,12,0,36,1,15610,180,146,27,1,25,1
2306,6,0,36,2,6625,84,182,23,1,30,1
2307,5,0,36,0,1000,12,7,8,1,25,1
2308,5,0,37,0,835,12,9,5,1,30,1
2309,5,0,36,0,305,6,7,2,1,25,0
2310,6,0,36,1,7633,125,380,40,1,30,1
2311,10,0,36,2,11590,152,7,44,1,45,1
2312,11,0,36,2,6843,73,104,34,1,25,1
2313,26,1,32,0,1080,45,12,14,1,30,0
2314,24,0,35,9,10560,91,7,39,1,55,1
2315,16,0,35,2,5943,96,22,21,1,25,0
2316,5,0,33,1,2965,20,7,11,1,30,1
2317,12,1,34,0,3115,39,7,13,1,30,0
2318,12,0,35,0,2393,42,30,28,1,45,0
2319,5,1,35,0,305,6,7,2,1,30,0
2320,5,0,35,1,1793,23,7,3,1,45,1
2321,6,0,32,2,6910,95,10,19,1,55,1
2322,5,0,35,0,305,6,7,2,1,45,0
2323,5,0,35,1,305,6,7,2,1,55,1
2324,28,0,30,4,16200,236,7,77,2,25,1
2325,9,0,33,4,7090,114,267,30,2,30,1
2326,5,0,35,1,3843,80,7,25,1,30,1
2327,6,0,34,0,1790,42,34,17,1,30,1
2328,9,0,35,1,2905,51,171,20,1,25,1
2329,7,0,26,2,1440,34,189,8,2,30,1
2330,7,0,25,1,1693,37,26,65,1,55,1
2331,14,0,26,0,825,23,7,4,1,30,1
2332,5,0,25,0,305,6,17,2,1,45,1
2333,13,0,24,1,1350,30,15,10,1,25,1
2334,5,0,24,1,3350,59,7,20,1,30,1
2335,5,0,17,1,1820,24,24,11,1,30,1
2336,19,0,16,2,6518,139,81,39,2,25,1
2337,15,0,14,1,9058,169,69,37,1,55,1
2338,11,0,15,4,2978,43,27,16,1,30,1
2339,5,0,8,2,4515,38,211,7,1,30,1
2340,6,1,8,2,1613,17,7,4,1,30,0
2341,17,0,40,3,5275,87,33,34,1,30,1
2342,9,0,41,0,1223,21,35,21,1,30,1
2343,19,0,39,3,3358,76,387,41,1,30,1
2344,19,0,40,3,5103,82,29,52,1,15,1
2345,12,0,40,3,3298,74,30,50,1,25,1
2346,20,0,40,4,4680,98,60,45,1,30,1
2347,13,0,40,3,3265,55,313,35,1,45,1
2348,22,1,39,5,10020,137,172,60,1,30,1
2349,16,0,40,3,14678,185,28,61,1,30,1
2350,16,0,40,4,5420,99,30,42,1,30,1
2351,15,0,40,3,6823,111,35,29,1,30,1
2352,18,0,40,0,3143,70,36,34,1,30,1
2353,34,1,40,6,16045,241,82,49,2,30,1
2354,13,0,40,4,4000,43,511,25,1,45,1
2355,18,0,39,3,16390,198,178,47,1,25,1
2356,12,0,39,4,7405,102,214,43,1,30,1
2357,9,0,39,0,1780,30,28,28,1,25,1
2358,11,0,40,0,1615,30,41,25,1,30,1
2359,9,1,39,0,905,16,28,17,1,25,0
2360,12,0,39,3,8413,143,412,60,1,30,1
2361,16,0,39,4,12370,170,39,64,1,45,1
2362,17,0,39,4,7623,91,136,54,2,25,1
2363,32,1,35,0,1860,63,44,34,1,30,0
2364,30,0,38,1,11340,109,29,59,1,55,1
2365,22,0,38,4,6723,114,54,41,1,30,1
2366,10,0,36,3,3745,38,28,31,1,30,1
2367,18,1,37,0,3895,57,37,33,1,30,0
2368,18,0,38,0,3173,60,62,48,1,45,0
2369,9,0,38,0,1038,18,28,19,1,30,0
2370,10,0,38,3,2573,41,28,23,1,45,1
2371,12,0,35,4,7690,113,42,39,1,55,1
2372,9,0,38,0,1533,23,37,21,1,45,0
2373,9,0,38,4,1243,20,32,19,1,55,1
2374,34,0,33,6,16980,254,28,97,2,25,1
2375,15,0,36,6,7870,132,299,50,2,30,1
2376,11,0,38,3,4623,98,30,45,1,30,1
2377,12,1,37,0,2570,60,66,37,1,45,0
2378,15,0,38,3,3685,69,203,40,1,25,1
2379,13,0,29,4,2220,52,221,28,2,30,1
2380,13,0,28,3,2473,55,58,85,1,55,1
2381,20,0,29,0,1605,41,38,24,1,30,1
2382,9,0,28,0,1730,26,49,20,1,45,1
2383,19,0,27,3,2130,48,47,30,1,25,1
2384,11,0,27,3,4130,77,36,40,1,30,1
2385,11,0,20,3,2600,42,56,31,1,30,1
2386,25,0,19,4,7298,157,113,59,2,25,1
2387,21,0,17,3,9838,187,101,57,1,55,1
2388,17,0,18,6,3758,61,59,36,2,30,1
2389,11,0,11,4,5295,56,243,27,2,30,1
2390,12,1,11,4,2393,35,28,24,1,30,0
2391,9,0,40,0,4075,67,7,4,1,30,1
2392,5,0,41,0,305,6,7,2,1,30,1
2393,11,0,39,0,2158,56,345,11,1,30,1
2394,11,0,40,0,3903,62,7,22,1,15,1
2395,5,0,40,0,2098,54,7,20,1,25,1
2396,12,0,40,0,3480,78,18,15,1,30,1
2397,5,0,40,0,2065,35,271,5,1,30,1
2398,14,0,39,1,8820,117,130,30,1,30,1
2399,8,0,40,0,13478,165,7,31,1,30,1
2400,8,0,40,0,4220,79,7,12,1,30,1
2401,7,0,40,1,5623,91,7,17,1,30,1
2402,10,0,40,0,1943,50,7,4,1,30,1
2403,26,0,40,2,14845,221,40,19,1,30,1
2404,5,0,40,1,2800,23,469,9,1,30,1
2405,10,0,39,0,15190,178,136,17,1,25,1
2406,5,0,39,0,6205,82,172,13,1,30,1
2407,5,0,39,0,580,10,7,2,1,25,1
2408,5,0,40,0,415,10,7,2,1,30,1
2409,5,0,39,0,7213,123,370,30,1,30,1
2410,8,0,39,0,11170,150,7,34,1,45,1
2411,9,0,39,0,6423,71,94,24,1,25,1
2412,24,0,35,0,660,43,7,4,1,30,0
2413,22,0,38,7,10140,89,7,29,1,55,1
2414,14,0,38,0,5523,94,12,11,1,25,0
2415,5,0,36,1,2545,18,7,6,1,30,1
2416,10,0,37,0,2695,37,7,3,1,30,0
2417,10,0,38,0,1973,40,20,18,1,30,0
2418,5,1,38,0,305,6,7,2,1,30,0
2419,5,0,38,1,1373,21,7,2,1,45,1
2420,5,0,35,0,6490,93,7,9,1,55,1
2421,5,0,38,0,305,6,7,2,1,45,0
2422,5,0,38,0,305,6,7,2,1,55,1
2423,26,0,33,2,15780,234,7,67,1,25,1
2424,7,0,36,2,6670,112,257,20,2,30,1
2425,5,0,38,0,3423,78,7,15,1,30,1
2426,5,0,37,0,1370,40,24,7,1,30,1
2427,7,0,38,0,2485,49,161,10,1,25,1
2428,5,0,29,1,1020,32,179,2,2,30,1
2429,5,0,28,0,1273,35,16,55,1,45,1
2430,12,0,29,0,405,21,7,2,1,30,1
2431,5,0,28,0,305,6,7,2,1,45,1
2432,11,0,27,1,930,28,7,2,1,25,1
2433,5,0,27,0,2930,57,7,10,1,30,1
2434,5,0,20,1,1400,22,14,2,1,25,1
2435,17,0,19,0,6098,137,71,29,2,25,1
2436,13,0,17,0,8638,167,59,27,1,55,1
2437,9,0,18,2,2558,41,17,6,1,30,1
2438,5,0,11,1,4095,36,201,25,1,30,1
2439,5,1,11,1,1193,15,7,2,1,30,0
2440,13,0,41,2,4790,83,44,23,1,30,1
2441,5,0,42,0,738,17,46,10,1,30,1
2442,15,0,40,2,2873,72,398,30,1,30,1
2443,15,0,41,2,4618,78,40,41,1,15,1
2444,8,0,41,2,2813,70,41,39,1,25,1
2445,16,0,41,3,4195,94,71,34,1,30,1
2446,9,0,41,2,2780,51,324,24,1,45,1
2447,18,0,40,4,9535,133,183,49,1,30,1
2448,12,0,41,2,14193,181,39,50,1,30,1
2449,12,0,41,3,4935,95,41,31,1,45,1
2450,11,0,41,2,6338,107,46,18,1,30,1
2451,14,1,41,0,2658,66,47,23,1,45,1
2452,30,0,41,5,15560,237,93,38,1,30,1
2453,9,0,41,3,3515,39,522,14,1,45,1
2454,14,0,40,2,15905,194,189,36,1,30,1
2455,8,0,40,3,6920,98,225,32,1,45,1
2456,5,0,40,0,1295,26,39,17,1,30,1
2457,7,0,41,0,1130,26,52,14,1,30,1
2458,5,0,40,0,420,12,39,6,1,30,0
2459,8,0,40,2,7928,139,423,49,1,30,1
2460,12,0,40,3,11885,166,50,53,1,45,1
2461,13,0,40,3,7138,87,147,43,1,30,1
2462,28,1,36,0,1375,59,55,23,1,30,0
2463,26,0,39,10,10855,105,40,48,2,55,1
2464,18,0,39,3,6238,110,65,30,1,30,1
2465,6,0,37,2,3260,34,39,20,1,45,1
2466,14,0,38,0,3410,53,48,22,1,30,0
2467,14,1,39,0,2688,56,73,37,1,45,0
2468,5,0,39,0,553,14,39,8,1,30,0
2469,6,0,39,2,2088,37,39,12,1,45,1
2470,8,0,36,3,7205,109,53,28,1,55,1
2471,5,0,39,0,1048,19,48,10,1,45,0
2472,5,0,39,3,758,16,43,8,1,55,1
2473,30,0,34,5,16495,250,39,86,2,25,1
2474,11,0,37,5,7385,128,310,39,2,30,1
2475,7,0,39,2,4138,94,41,34,1,30,1
2476,8,0,38,0,2085,56,77,26,1,45,1
2477,11,0,39,2,3200,65,214,29,1,30,1
2478,9,0,30,3,1735,48,232,17,2,30,1
2479,9,0,29,2,1988,51,69,74,1,55,1
2480,16,0,30,0,1120,37,49,13,1,30,1
2481,5,0,29,0,1245,22,60,9,1,45,1
2482,15,0,28,2,1645,44,58,19,1,25,1
2483,7,0,28,2,3645,73,47,29,1,45,1
2484,7,0,21,2,2115,38,67,20,1,30,1
2485,21,0,20,3,6813,153,124,48,2,25,1
2486,17,0,18,2,9353,183,112,46,1,55,1
2487,13,0,19,5,3273,57,70,25,1,45,1
2488,7,0,12,3,4810,52,254,16,1,30,1
2489,8,1,12,3,1908,31,39,13,1,30,0
2490,13,0,39,0,4560,71,7,15,1,25,1
2491,5,0,40,0,305,6,7,2,1,25,1
2492,15,0,38,0,2643,60,334,22,1,25,1
2493,15,0,39,0,4388,66,7,33,1,15,1
2494,8,0,39,0,2583,58,7,31,1,15,1
2495,16,0,39,1,3965,82,7,26,1,30,1
2496,9,0,39,0,2550,39,260,16,1,30,1
2497,18,0,38,2,9305,121,119,41,1,30,1
2498,12,0,39,0,13963,169,7,42,1,30,1
2499,12,0,39,1,4705,83,7,23,1,30,1
2500,11,0,39,0,6108,95,7,10,1,25,1
2501,14,1,39,0,2428,54,7,15,1,30,1
2502,30,0,39,3,15330,225,29,30,1,30,1
2503,9,0,39,1,3285,27,458,6,1,30,1
2504,14,0,38,0,15675,182,125,28,1,25,1
2505,8,0,38,1,6690,86,161,24,1,30,1
2506,5,0,38,0,1065,14,7,9,1,25,1
2507,7,0,39,0,900,14,7,6,1,25,1
2508,5,0,38,0,305,6,7,2,1,25,0
2509,8,0,38,0,7698,127,359,41,1,25,1
2510,12,0,38,1,11655,154,7,45,1,30,1
2511,13,0,38,1,6908,75,83,35,1,25,1
2512,28,1,34,0,1145,47,7,15,1,25,0
2513,26,0,37,8,10625,93,7,40,1,45,1
2514,18,0,37,1,6008,98,7,22,1,25,0
2515,6,0,35,0,3030,22,7,12,1,30,1
2516,14,0,36,0,3180,41,7,14,1,30,0
2517,14,0,37,0,2458,44,9,29,1,30,0
2518,5,1,37,0,305,6,7,2,1,30,0
2519,6,0,37,0,1858,25,7,4,1,30,1
2520,8,0,34,1,6975,97,7,20,1,45,1
2521,5,0,37,0,818,7,7,2,1,45,0
2522,5,0,37,1,305,6,7,2,1,55,1
2523,30,0,32,3,16265,238,7,78,1,25,1
2524,11,0,35,3,7155,116,246,31,2,25,1
2525,7,0,37,0,3908,82,7,26,1,25,1
2526,8,0,36,0,1855,44,13,18,1,30,1
2527,11,0,37,0,2970,53,150,21,1,25,1
2528,9,0,28,1,1505,36,168,9,2,25,1
2529,9,0,27,0,1758,39,7,66,1,45,1
2530,16,0,28,0,890,25,7,5,1,25,1
2531,5,0,27,0,1015,10,7,2,1,45,1
2532,15,0,26,0,1415,32,7,11,1,25,1
2533,7,0,26,0,3415,61,7,21,1,30,1
2534,7,0,19,0,1885,26,7,12,1,25,1
2535,21,0,18,1,6583,141,60,40,2,15,1
2536,17,0,16,0,9123,171,48,38,1,45,1
2537,13,0,17,3,3043,45,7,17,1,30,1
2538,7,0,10,1,4580,40,190,8,1,30,1
2539,8,0,10,1,1678,19,7,5,1,30,0
2540,15,0,40,1,4865,78,21,22,1,30,1
2541,7,0,41,0,813,12,23,9,1,30,1
2542,17,0,39,1,2948,67,375,29,1,30,1
2543,17,0,40,1,4693,73,17,40,1,15,1
2544,10,0,40,1,2888,65,18,38,1,25,1
2545,18,0,40,2,4270,89,48,33,1,30,1
2546,11,0,40,1,2855,46,301,23,1,30,1
2547,20,0,39,3,9610,128,160,48,1,30,1
2548,14,0,40,1,14268,176,16,49,1,30,1
2549,14,0,40,2,5010,90,18,30,1,30,1
2550,13,0,40,1,6413,102,23,17,1,30,1
2551,16,0,40,0,2733,61,24,22,1,30,1
2552,32,1,40,4,15635,232,70,37,1,30,1
2553,11,0,40,2,3590,34,499,13,1,30,1
2554,16,0,39,1,15980,189,166,35,1,25,1
2555,10,0,39,2,6995,93,202,31,1,30,1
2556,7,0,39,0,1370,21,16,16,1,25,1
2557,9,0,40,0,1205,21,29,13,1,30,1
2558,7,0,39,0,495,7,16,5,1,25,0
2559,10,0,39,1,8003,134,400,48,1,30,1
2560,14,0,39,2,11960,161,27,52,1,45,1
2561,15,0,39,2,7213,82,124,42,1,25,1
2562,30,1,35,0,1450,54,32,22,1,30,0
2563,28,0,38,9,10930,100,17,47,1,55,1
2564,20,0,38,2,6313,105,42,29,1,25,1
2565,8,0,36,1,3335,29,16,19,1,30,1
2566,16,1,37,0,3485,48,25,21,1,30,0
2567,16,1,38,0,2763,51,50,36,1,45,0
2568,7,0,38,0,628,9,16,7,1,30,0
2569,8,0,38,1,2163,32,16,11,1,45,1
2570,10,0,35,2,7280,104,30,27,1,55,1
2571,7,0,38,0,1123,14,25,9,1,45,0
2572,7,0,38,2,833,11,20,7,1,55,1
2573,32,0,33,4,16570,245,16,85,2,25,1
2574,13,0,36,4,7460,123,287,38,2,30,1
2575,9,0,38,1,4213,89,18,33,1,30,1
2576,10,0,37,0,2160,51,54,25,1,30,1
2577,13,0,38,1,3275,60,191,28,1,25,1
2578,11,0,29,2,1810,43,209,16,2,30,1
2579,11,0,28,1,2063,46,46,73,1,55,1
2580,18,0,29,0,1195,32,26,12,1,30,1
2581,7,0,28,0,1320,17,37,8,1,45,1
2582,17,0,27,1,1720,39,35,18,1,25,1
2583,9,0,27,1,3720,68,24,28,1,30,1
2584,9,0,20,1,2190,33,44,19,1,30,1
2585,23,0,19,2,6887,148,101,47,2,25,1
2586,19,0,17,1,9427,178,89,45,1,55,1
2587,15,0,18,4,3347,52,47,24,1,30,1
2588,9,0,11,2,4885,47,231,15,1,30,1
2589,10,1,11,2,1982,26,16,12,1,30,0
2590,11,0,40,1,4485,76,3,16,1,30,1
2591,3,0,41,0,433,10,5,3,1,30,1
2592,13,0,39,1,2568,65,357,23,1,30,1
2593,13,0,40,1,4313,71,0,34,1,15,1
2594,6,0,40,1,2508,63,0,32,1,25,1
2595,14,0,40,2,3890,87,30,27,1,30,1
2596,7,0,40,1,2475,44,283,17,1,30,1
2597,16,0,39,3,9230,126,142,42,1,30,1
2598,10,0,40,1,13888,174,0,43,1,30,1
2599,10,0,40,2,4630,88,0,24,1,30,1
2600,9,0,40,1,6033,100,5,11,1,30,1
2601,12,1,40,0,2353,59,6,16,1,30,1
2602,28,0,40,4,15255,230,52,31,1,30,1
2603,7,0,40,2,3210,32,481,7,1,30,1
2604,12,0,39,1,15600,187,148,29,1,25,1
2605,6,0,39,2,6615,91,184,25,1,30,1
2606,3,0,39,0,990,19,0,10,1,25,1
2607,5,0,40,0,825,19,11,7,1,30,1
2608,0,0,39,0,0,0,0,0,1,25,0
2609,6,0,39,1,7623,132,382,42,1,30,1
2610,10,0,39,2,11580,159,9,46,1,45,1
2611,11,0,39,2,6833,80,106,36,1,25,1
2612,26,1,35,0,1070,52,14,16,1,30,0
2613,24,0,38,9,10550,98,0,41,1,55,1
2614,16,0,38,2,5933,103,24,23,1,25,1
2615,4,0,36,1,2955,27,0,13,1,30,1
2616,12,0,37,0,3105,46,7,15,1,30,0
2617,12,0,38,0,2383,49,32,30,1,45,0
2618,3,0,38,0,248,7,0,1,1,30,0
2619,4,0,38,1,1783,30,0,5,1,45,1
2620,6,0,35,2,6900,102,12,21,1,55,1
2621,3,0,38,0,743,12,7,3,1,45,0
2622,3,0,38,2,453,9,2,1,1,55,1
2623,28,0,33,4,16190,243,0,79,2,25,1
2624,9,0,36,4,7080,121,269,32,2,30,1
2625,5,0,38,1,3833,87,0,27,1,30,1
2626,6,0,37,0,1780,49,36,19,1,30,1
2627,9,0,38,1,2895,58,173,22,1,25,1
2628,7,0,29,2,1430,41,191,10,2,30,1
2629,7,0,28,1,1683,44,28,67,1,55,1
2630,14,0,29,0,815,30,8,6,1,30,1
2631,3,0,28,0,940,15,19,2,1,45,1
2632,13,0,27,1,1340,37,17,12,1,25,1
2633,5,0,27,1,3340,66,6,22,1,30,1
2634,5,0,20,1,1810,31,26,13,1,30,1
2635,19,0,19,2,6507,146,83,41,2,25,1
2636,15,0,17,1,9047,176,71,39,1,55,1
2637,11,0,18,4,2967,50,29,18,1,30,1
2638,5,0,11,2,4505,45,213,9,1,30,1
2639,6,1,11,2,1602,24,0,6,1,30,0
2640,11,0,35,0,4675,71,4,18,1,25,1
2641,3,0,36,0,623,5,6,5,1,25,1
2642,13,0,34,0,2758,60,358,25,1,25,1
2643,13,0,35,0,4503,66,0,36,1,15,1
2644,6,0,35,0,2698,58,1,34,1,15,1
2645,14,0,35,1,4080,82,31,29,1,30,1
2646,7,0,35,0,2665,39,284,19,1,30,1
2647,16,0,34,2,9420,121,143,44,1,30,1
2648,10,0,35,0,14078,169,0,45,1,30,1
2649,10,0,35,1,4820,83,1,26,1,30,1
2650,9,0,35,0,6223,95,6,13,1,25,1
2651,12,0,35,0,2543,54,7,18,1,30,1
2652,28,0,35,3,15445,225,53,33,1,30,1
2653,7,0,35,1,3400,27,482,9,1,30,1
2654,12,0,34,0,15790,182,149,31,1,25,1
2655,6,0,34,1,6805,86,185,27,1,30,1
2656,3,0,34,0,1180,14,0,12,1,25,1
2657,5,0,35,0,1015,14,12,9,1,25,1
2658,6,0,34,0,7813,127,383,44,1,25,1
2659,10,0,34,1,11770,154,10,48,1,30,1
2660,11,0,34,1,7023,75,107,38,1,25,1
2661,26,1,30,0,1260,47,15,18,1,25,0
2662,24,0,33,8,10740,93,0,43,1,45,1
2663,16,0,33,1,6123,98,25,25,1,25,0
2664,4,0,31,0,3145,22,0,15,1,30,1
2665,12,1,32,0,3295,41,8,17,1,30,0
2666,12,0,33,0,2573,44,33,32,1,30,0
2667,3,0,33,0,438,2,0,3,1,30,0
2668,4,0,33,0,1973,25,0,7,1,30,1
2669,6,0,30,1,7090,97,13,23,1,45,1
2670,3,0,33,0,933,7,8,5,1,45,0
2671,3,0,33,1,643,4,3,3,1,55,1
2672,28,0,28,3,16380,238,0,81,1,25,1
2673,9,0,31,3,7270,116,270,34,2,25,1
2674,5,0,33,0,4023,82,1,29,1,25,1
2675,6,0,32,0,1970,44,37,21,1,30,1
2676,9,0,33,0,3085,53,174,24,1,25,1
2677,7,0,24,1,1620,36,192,12,2,25,1
2678,7,0,23,0,1873,39,29,69,1,45,1
2679,14,0,24,0,1005,25,9,8,1,25,1
2680,3,0,23,0,1130,10,20,4,1,45,1
2681,13,0,22,0,1530,32,18,14,1,25,1
2682,5,0,22,0,3530,61,7,24,1,30,1
2683,5,0,15,0,2000,26,27,15,1,25,1
2684,19,0,14,1,6697,141,84,43,2,15,1
2685,15,0,12,0,9237,171,72,41,1,45,1
2686,11,0,13,3,3157,45,30,20,1,30,1
2687,5,0,6,1,4695,40,214,11,1,30,1
2688,6,0,6,1,1792,19,0,8,1,30,0
2689,15,0,45,2,4675,83,20,20,1,30,1
2690,7,0,46,0,623,17,22,7,1,30,1
2691,17,0,44,2,2758,72,374,27,1,30,1
2692,17,0,45,2,4503,78,16,38,1,15,1
2693,10,0,45,2,2698,70,17,36,1,25,1
2694,18,0,45,3,4080,94,47,31,1,30,1
2695,11,0,45,2,2665,51,300,21,1,45,1
2696,20,0,44,4,9420,133,159,46,1,30,1
2697,14,0,45,2,14078,181,15,47,1,30,1
2698,14,0,45,3,4820,95,17,28,1,45,1
2699,13,0,45,2,6223,107,22,15,1,30,1
2700,16,0,45,0,2543,66,23,20,1,45,1
2701,32,0,45,5,15445,237,69,35,2,30,1
2702,11,0,45,3,3400,39,498,11,1,45,1
2703,16,0,44,2,15790,194,165,33,1,30,1
2704,10,0,44,3,6805,98,201,29,1,45,1
2705,7,0,44,0,1180,26,15,14,1,30,1
2706,9,0,45,0,1015,26,28,11,1,30,1
2707,7,0,44,0,305,12,15,3,1,30,0
2708,10,0,44,2,7813,139,399,46,1,30,1
2709,14,0,44,3,11770,166,26,50,1,45,1
2710,15,0,44,3,7023,87,123,40,1,30,1
2711,30,1,40,0,1260,59,31,20,1,30,0
2712,28,0,43,10,10740,105,16,45,2,55,1
2713,20,0,43,3,6123,110,41,27,1,30,1
2714,8,0,41,2,3145,34,15,17,1,45,1
2715,16,1,42,0,3295,53,24,19,1,30,0
2716,16,1,43,0,2573,56,49,34,1,45,0
2717,7,0,43,0,438,14,15,5,1,30,0
2718,8,0,43,2,1973,37,15,9,1,45,1
2719,10,0,40,3,7090,109,29,25,1,55,1
2720,7,0,43,0,933,19,24,7,1,45,0
2721,7,0,43,3,643,16,19,5,1,55,1
2722,32,0,38,5,16380,250,15,83,2,25,1
2723,13,0,41,5,7270,128,286,36,2,30,1
2724,9,0,43,2,4023,94,17,31,1,30,1
2725,10,0,42,0,1970,56,53,23,1,45,1
2726,13,0,43,2,3085,65,190,26,1,30,1
2727,11,0,34,3,1620,48,208,14,2,30,1
2728,11,0,33,2,1873,51,45,71,1,55,1
2729,18,0,34,0,1005,37,25,10,1,30,1
2730,7,0,33,0,1130,22,36,6,1,45,1
2731,17,0,32,2,1530,44,34,16,1,25,1
2732,9,0,32,2,3530,73,23,26,1,45,1
2733,9,0,25,2,2000,38,43,17,1,30,1
2734,23,0,24,3,6697,153,100,45,2,25,1
2735,19,0,22,2,9237,183,88,43,1,55,1
2736,15,0,23,5,3157,57,46,22,1,45,1
2737,9,0,16,3,4695,52,230,13,1,30,1
2738,10,0,16,3,1792,31,15,10,1,30,0
2739,19,0,41,2,5385,88,37,19,1,30,1
2740,11,0,42,0,1333,22,22,6,1,30,1
2741,21,0,40,2,3468,77,374,26,1,30,1
2742,21,0,41,2,5213,83,16,37,1,15,1
2743,14,0,41,2,3408,75,17,35,1,25,1
2744,22,0,41,3,4790,99,47,30,1,30,1
2745,15,0,41,2,3375,56,300,20,1,45,1
2746,24,0,40,4,10130,138,159,45,1,30,1
2747,18,0,41,2,14788,186,15,46,1,30,1
2748,18,0,41,3,5530,100,17,27,1,45,1
2749,17,0,41,2,6933,112,22,14,1,30,1
2750,20,0,41,0,3253,71,23,19,1,45,1
2751,36,0,41,5,16155,242,69,34,2,30,1
2752,15,0,41,3,4110,44,498,10,1,45,1
2753,20,0,40,2,16500,199,165,32,1,25,1
2754,14,0,40,3,7515,103,201,28,1,30,1
2755,11,0,40,0,1890,31,15,13,1,25,1
2756,13,0,41,0,1725,31,28,10,1,30,1
2757,11,0,40,0,1015,17,15,2,1,30,0
2758,14,0,40,2,8523,144,399,45,1,30,1
2759,18,0,40,3,12480,171,26,49,1,45,1
2760,19,0,40,3,7733,92,123,39,1,25,1
2761,34,1,36,0,1970,64,31,19,2,30,0
2762,32,0,39,10,11450,110,16,44,1,55,1
2763,24,0,39,3,6833,115,41,26,1,30,1
2764,12,0,37,2,3855,39,15,16,1,30,1
2765,20,1,38,0,4005,58,24,18,1,30,0
2766,20,1,39,0,3283,61,49,33,1,45,0
2767,11,0,39,0,1148,19,15,4,1,30,0
2768,12,0,39,2,2683,42,15,8,1,45,1
2769,14,0,36,3,7800,114,29,24,1,55,1
2770,11,0,39,0,1643,24,24,6,1,45,0
2771,11,0,39,3,1353,21,19,4,1,55,1
2772,36,0,34,5,17090,255,15,82,2,25,1
2773,17,0,37,5,7980,133,286,35,2,30,1
2774,13,0,39,2,4733,99,17,30,1,30,1
2775,14,0,38,0,2680,61,53,22,1,45,1
2776,17,0,39,2,3795,70,190,25,1,25,1
2777,15,0,30,3,2330,53,208,13,2,30,1
2778,15,0,29,2,2583,56,45,70,1,55,1
2779,22,1,30,0,1715,42,25,9,1,30,0
2780,11,0,29,0,1840,27,36,5,1,45,1
2781,21,0,28,2,2240,49,34,15,1,25,1
2782,13,0,28,2,4240,78,23,25,1,30,1
2783,13,0,21,2,2710,43,43,16,1,30,1
2784,27,0,20,3,7407,158,100,44,2,25,1
2785,23,0,18,2,9947,188,88,42,1,55,1
2786,19,0,19,5,3867,62,46,21,1,30,1
2787,13,0,12,3,5405,57,230,12,1,30,1
2788,14,1,12,3,2502,36,15,9,1,30,0
2789,7,0,39,0,3965,66,0,19,1,30,1
2790,0,0,40,0,0,0,0,0,1,30,1
2791,9,0,38,0,2048,55,341,26,1,30,1
2792,9,0,39,0,3793,61,0,37,1,15,1
2793,2,0,39,0,1988,53,0,35,1,25,1
2794,10,0,39,1,3370,77,14,30,1,30,1
2795,3,0,39,0,1955,34,267,20,1,30,1
2796,12,0,38,2,8710,116,126,45,1,30,1
2797,6,0,39,0,13368,164,0,46,1,30,1
2798,6,0,39,1,4110,78,0,27,1,30,1
2799,5,0,39,0,5513,90,0,14,1,30,1
2800,8,0,39,0,1833,49,0,19,1,30,1
2801,24,0,39,3,14735,220,36,34,1,30,1
2802,3,0,39,1,2690,22,465,10,1,30,1
2803,8,0,38,0,15080,177,132,32,1,25,1
2804,2,0,38,1,6095,81,168,28,1,30,1
2805,0,0,38,0,470,9,0,13,1,25,1
2806,1,0,39,0,305,9,0,10,1,30,1
2807,0,0,38,0,0,0,0,0,1,25,0
2808,2,0,38,0,7103,122,366,45,1,30,1
2809,6,0,38,1,11060,149,0,49,1,45,1
2810,7,0,38,1,6313,70,90,39,1,25,1
2811,22,0,34,0,550,42,0,19,1,30,0
2812,20,0,37,8,10030,88,0,44,1,55,1
2813,12,0,37,1,5413,93,8,26,1,25,0
2814,0,0,35,0,2435,17,0,16,1,30,1
2815,8,1,36,0,2585,36,0,18,1,30,0
2816,8,0,37,0,1863,39,16,33,1,30,0
2817,0,0,37,0,0,0,0,0,1,30,0
2818,0,0,37,0,1263,20,0,8,1,45,1
2819,2,0,34,1,6380,92,0,24,1,55,1
2820,0,0,37,0,223,2,0,6,1,45,0
2821,0,0,37,1,0,0,0,0,1,55,1
2822,24,1,32,3,15670,233,0,82,1,25,1
2823,5,0,35,3,6560,111,253,35,2,25,1
2824,1,0,37,0,3313,77,0,30,1,30,1
2825,2,0,36,0,1260,39,20,22,1,30,1
2826,5,0,37,0,2375,48,157,25,1,25,1
2827,3,0,28,1,910,31,175,13,2,25,1
2828,3,0,27,0,1163,34,12,70,1,45,1
2829,10,0,28,0,295,20,0,9,1,30,1
2830,0,0,27,0,420,5,3,5,1,45,1
2831,9,0,26,0,820,27,1,15,1,25,1
2832,1,0,26,0,2820,56,0,25,1,30,1
2833,1,0,19,0,1290,21,10,16,1,25,1
2834,15,0,18,1,5987,136,67,44,2,25,1
2835,11,0,16,0,8527,166,55,42,1,55,1
2836,7,0,17,3,2447,40,13,21,1,30,1
2837,1,0,10,1,3985,35,197,12,1,30,1
2838,2,1,10,1,1082,14,0,9,1,30,0
2839,14,0,40,0,2543,60,15,19,1,30,1
2840,30,0,40,4,15445,231,61,34,1,30,1
2841,28,1,35,0,1260,53,23,19,1,30,0
2842,14,0,38,0,2573,50,41,33,1,45,0
2843,21,0,19,2,6697,147,92,44,2,25,1
2844,17,0,17,1,9237,177,80,42,1,55,1
2845,13,0,18,4,3157,51,38,21,1,30,1
2846,8,1,11,2,1792,25,7,9,1,30,0
2847,26,0,38,9,10740,99,8,44,2,55,1
2848,5,1,38,0,933,13,16,6,1,45,0
