shop_id,seats,baristas,distance_center_km,competitors_nearby,owner_age_years,daily_revenue_thousand_kzt
1,28,2,15.7,5,45,178.6
2,33,2,2.8,2,48,262.2
3,27,1,0.8,0,52,229.4
4,44,4,4.9,8,29,313.3
5,30,3,3.8,7,48,247.0
6,64,4,5.1,1,28,490.5
7,24,1,6.1,1,30,222.6
8,25,2,3.3,1,34,233.6
9,20,2,10.1,2,38,215.4
10,46,5,1.1,8,45,350.4
11,23,1,6.6,0,55,218.1
12,56,4,13.8,1,46,406.4
13,28,3,3.6,6,46,245.7
14,51,2,6.3,2,38,368.6
15,69,5,16.0,4,39,492.6
16,28,1,7.2,4,41,191.3
17,10,1,1.4,7,47,109.1
18,50,4,1.9,2,37,405.2
19,50,4,4.9,4,59,424.5
20,39,4,2.4,0,29,398.3
21,40,3,3.7,6,31,325.6
22,58,3,4.5,7,35,382.9
23,15,1,3.1,0,28,226.6
24,40,4,16.0,4,28,288.2
25,67,3,3.6,8,48,408.5
26,31,5,8.9,3,27,252.1
27,39,3,6.9,7,52,293.7
28,39,3,2.2,6,50,314.2
29,56,3,4.0,1,49,429.0
30,16,3,5.7,4,48,187.6
31,34,1,4.7,8,52,213.1
32,53,4,6.7,3,34,396.5
33,59,5,1.1,7,30,497.9
34,23,2,3.3,0,47,258.3
35,47,3,4.1,3,28,318.4
36,37,5,3.1,3,43,376.6
37,47,2,6.9,0,36,352.1
38,63,5,2.8,0,32,468.9
39,17,1,3.5,6,30,143.1
40,28,2,1.7,2,35,243.3
41,36,4,7.3,3,40,315.4
42,10,1,7.9,5,30,90.5
43,14,1,2.4,8,52,120.8
44,37,1,10.6,1,29,265.3
45,50,3,3.0,1,52,380.5
46,43,4,7.2,6,58,285.0
47,33,3,0.8,6,42,224.0
48,41,2,1.9,5,54,328.0
49,48,3,5.0,0,53,402.8
50,46,3,2.2,0,34,430.3
51,19,1,16.0,7,39,89.1
52,17,1,14.9,3,59,114.6
53,53,5,4.7,8,28,406.1
54,14,1,7.0,5,60,156.3
55,54,3,4.4,5,60,438.3
56,50,5,5.5,3,38,429.5
57,30,3,3.4,3,48,280.9
58,42,2,5.9,6,40,266.3
59,50,4,9.9,2,41,336.8
60,35,2,7.5,1,35,319.0
61,28,3,2.7,6,32,245.0
62,50,5,6.5,0,32,486.9
63,49,1,4.4,7,57,329.1
64,56,3,3.5,1,37,466.6
65,24,2,6.6,5,33,213.3
66,45,2,5.4,6,27,308.5
67,40,3,2.9,1,29,347.8
68,55,4,5.8,5,40,412.8
69,35,4,15.9,6,39,254.8
70,24,3,4.8,7,54,219.5
71,45,4,2.4,7,32,362.5
72,15,1,5.5,5,50,150.4
73,25,1,8.7,6,45,113.3
74,37,2,10.2,8,42,217.7
75,57,4,4.5,6,26,382.4
76,18,1,3.5,5,47,164.8
77,33,2,5.8,5,53,259.8
78,33,3,3.9,7,55,283.8
79,10,1,3.7,2,46,101.4
80,46,2,2.5,0,44,388.5
81,31,3,6.4,7,48,234.3
82,35,3,5.1,7,40,274.0
83,43,3,1.3,4,58,335.2
84,21,2,1.2,1,46,268.0
85,22,1,9.1,5,42,136.2
86,60,5,8.0,2,51,466.4
87,39,2,4.5,4,45,236.7
88,56,5,4.8,8,57,402.7
89,61,5,12.4,6,37,426.9
90,45,4,2.0,0,42,440.7
91,25,1,1.1,3,51,209.4
92,67,5,3.1,2,58,523.2
93,36,1,3.1,8,27,197.8
94,31,1,5.4,0,43,273.2
95,46,4,1.9,7,41,426.3
96,53,5,3.4,5,38,462.4
97,48,4,2.7,4,60,376.8
98,34,3,7.7,4,57,262.3
99,54,3,2.6,5,34,400.5
100,29,1,4.5,3,43,224.4
101,51,5,3.0,4,36,414.7
102,29,2,12.9,5,56,231.7
103,41,2,2.4,4,41,335.7
104,28,3,0.6,4,51,223.1
105,45,1,4.8,6,58,285.7
106,49,3,5.7,7,31,379.1
107,29,1,8.1,7,51,128.3
108,16,2,2.9,3,51,256.5
109,40,3,1.6,2,35,376.0
110,36,2,9.2,2,28,244.6
111,44,3,2.8,8,50,295.5
112,52,3,16.0,7,60,329.3
113,29,3,12.7,6,58,205.9
114,60,5,16.0,0,26,500.3
115,60,4,5.2,3,28,457.4
116,36,3,3.6,4,48,307.3
117,21,3,6.6,2,54,244.5
118,39,2,16.0,4,53,224.6
119,35,3,7.5,2,54,290.5
120,53,5,1.2,1,52,518.5
121,44,3,3.8,3,59,341.3
122,54,3,8.8,3,54,410.2
123,39,1,5.7,8,60,205.5
124,43,3,8.8,5,45,329.6
125,29,2,5.9,5,43,216.4
126,19,1,10.1,0,27,199.2
127,61,5,10.2,7,49,401.7
128,43,3,5.9,2,48,341.0
129,20,2,6.6,4,33,195.4
130,31,2,6.8,2,48,272.2
131,47,3,1.2,1,37,406.1
132,35,3,14.3,4,31,255.7
133,47,2,3.8,3,43,308.7
134,42,2,7.1,0,48,354.9
135,55,3,4.6,5,44,417.8
136,43,4,2.6,5,26,362.9
137,64,4,14.9,4,59,394.3
138,33,1,7.8,0,27,260.8
139,56,3,0.9,3,57,440.8
140,41,1,2.9,3,33,318.6
141,39,2,2.8,7,43,248.9
142,44,3,10.9,1,53,319.5
143,21,1,6.3,7,58,123.1
144,52,3,3.8,0,40,419.2
145,27,1,1.9,0,32,256.7
146,36,3,8.7,6,39,266.1
147,38,4,4.9,5,50,336.6
148,56,3,8.6,7,30,353.6
149,47,4,1.1,6,54,404.7
150,64,4,5.8,8,35,433.4
151,62,3,6.6,1,25,474.9
152,26,1,6.5,6,25,181.1
153,32,2,1.5,7,56,251.9
154,25,2,13.4,5,45,174.7
155,49,2,16.0,5,25,293.2
156,20,1,7.9,6,46,163.2
157,17,1,3.9,5,42,148.2
158,15,2,2.2,6,31,179.6
159,40,4,3.9,7,39,281.7
160,36,3,16.0,4,31,207.8
161,50,3,2.7,3,36,381.1
162,36,3,12.1,6,34,200.0
163,32,1,1.5,8,40,204.3
164,47,2,1.8,5,41,325.5
165,40,4,3.9,5,33,382.4
166,31,1,1.6,6,49,180.3
167,60,5,8.8,6,32,434.3
168,22,4,1.2,1,53,305.7
169,45,3,3.6,5,49,431.3
170,46,4,0.9,0,60,389.1
171,52,2,9.6,8,43,268.3
172,45,2,1.1,7,28,320.5
173,36,3,5.1,3,28,326.4
174,63,4,7.6,2,45,446.2
175,30,3,0.6,7,59,266.4
176,35,4,1.2,6,54,376.2
177,41,3,9.6,2,45,289.8
178,40,2,5.9,4,38,288.3
179,44,1,1.1,2,47,347.2
180,48,3,0.8,4,49,341.5
181,52,3,3.6,6,51,380.0
182,43,3,1.5,8,47,345.4
183,44,4,5.3,7,31,364.6
184,26,1,7.1,2,40,200.7
185,48,3,2.0,5,56,340.4
186,47,5,14.6,7,52,313.2
187,49,3,4.2,2,54,370.5
188,37,4,2.2,4,45,321.5
189,11,1,2.7,0,53,178.9
190,77,3,6.8,3,32,518.0
191,44,3,11.6,8,48,285.4
192,49,2,4.8,5,54,298.3
193,10,1,6.1,0,37,160.6
194,59,5,1.8,3,34,476.8
195,31,2,3.9,0,50,275.0
196,38,3,3.3,3,58,381.6
197,27,1,6.2,5,29,162.8
198,50,2,2.7,7,54,339.6
199,30,2,2.0,0,29,315.7
200,60,5,2.4,4,46,503.3
201,51,2,5.6,7,39,326.3
202,57,5,6.5,3,33,453.9
203,11,3,6.4,0,49,207.0
204,50,5,1.6,3,37,453.7
205,26,1,1.2,6,46,208.5
206,10,1,5.7,7,31,71.2
207,50,1,2.6,1,40,337.5
208,47,5,5.1,2,34,447.4
209,38,1,4.7,6,47,257.4
210,38,2,1.6,7,34,259.4
211,26,5,4.7,5,37,287.5
212,52,4,2.3,4,48,432.4
213,51,3,4.0,5,28,383.7
214,48,3,3.0,7,40,330.8
215,41,3,1.6,7,26,277.9
216,39,2,2.9,7,28,277.8
217,57,3,6.7,5,25,385.8
218,23,1,7.4,8,60,103.8
219,31,1,3.3,0,49,265.4
220,33,3,2.1,7,33,262.4
221,40,2,4.0,8,53,289.4
222,42,3,3.7,2,38,359.6
223,13,1,2.0,3,32,150.4
224,42,3,1.5,7,47,333.7
225,37,2,12.9,1,45,294.1
226,32,3,5.1,8,25,256.1
227,39,1,7.4,6,50,204.5
228,38,1,2.7,6,56,254.3
229,27,4,5.9,6,28,223.4
230,21,1,2.4,0,26,205.5
231,64,4,16.0,5,49,416.1
232,55,3,7.2,3,58,394.2
233,58,4,1.6,7,57,390.4
234,17,1,9.9,1,39,127.8
235,54,5,2.9,1,59,479.3
236,27,1,4.7,5,38,161.2
237,47,5,3.6,8,43,373.7
238,46,3,3.7,3,50,347.7
239,46,2,7.0,1,37,337.0
240,50,2,16.0,7,28,242.3
241,46,4,1.9,6,48,368.8
242,18,1,5.5,7,43,110.6
243,48,3,3.2,8,55,298.3
244,49,4,4.6,8,30,348.4
245,36,1,2.6,7,36,272.3
246,26,2,6.7,0,50,274.8
247,42,3,1.6,2,48,413.4
248,22,1,5.7,3,39,185.9
249,39,3,7.1,4,27,360.7
250,47,3,4.5,3,30,391.0
251,50,4,11.2,8,41,308.8
252,57,2,10.5,4,39,321.1
253,34,2,3.1,7,45,219.4
254,49,3,5.9,5,43,357.2
255,30,2,5.5,2,26,264.9
256,62,4,8.0,7,57,441.6
257,49,5,1.5,5,32,411.1
258,26,3,5.4,8,56,215.6
259,25,2,3.4,8,28,233.2
260,21,1,7.1,2,46,204.5
261,31,5,7.9,5,40,269.2
262,45,4,4.2,0,56,390.2
263,42,1,0.6,2,29,326.6
264,49,3,2.2,3,53,385.8
265,59,5,4.1,0,32,497.5
266,67,4,2.0,0,32,534.1
267,47,3,5.3,3,25,332.8
268,50,3,3.0,4,45,398.1
269,23,2,2.1,3,43,254.9
270,10,2,2.6,7,47,181.7
271,46,2,3.2,6,53,311.3
272,24,1,16.0,3,55,160.3
273,34,1,4.0,0,43,245.3
274,46,2,7.3,2,51,316.1
275,54,4,4.9,3,27,384.3
276,15,3,1.8,7,45,162.8
277,65,5,3.4,7,55,468.8
278,40,3,4.4,1,31,399.0
279,34,3,8.7,0,30,309.2
280,56,4,2.3,5,41,431.8
281,54,2,9.0,7,26,297.5
282,41,3,3.2,1,51,328.8
283,48,1,1.9,6,26,278.5
284,27,1,2.4,1,38,243.2
285,39,4,6.6,0,38,377.3
286,40,2,11.3,6,60,236.6
287,53,4,2.9,0,25,435.6
288,34,3,5.1,1,27,299.5
289,34,2,4.2,5,37,270.5
290,10,1,3.3,3,30,138.8
291,61,5,4.6,5,25,450.4
292,23,1,4.8,0,47,243.2
293,34,1,1.2,5,42,226.0
294,48,3,2.2,2,39,401.3
295,39,3,2.2,8,60,305.0
296,67,5,2.1,5,41,514.5
297,62,5,8.3,4,45,461.3
298,10,1,11.0,8,37,98.5
299,40,3,4.4,1,31,362.6
300,37,3,3.3,3,53,293.6
301,19,1,2.6,4,26,192.5
302,28,2,5.8,3,37,231.0
303,32,1,3.9,4,45,250.2
304,46,2,16.0,3,38,241.1
305,54,4,4.2,7,41,397.0
306,46,3,3.8,2,60,374.6
307,49,5,4.9,1,28,414.9
308,68,5,4.5,3,50,471.4
309,26,3,8.3,3,25,223.5
310,35,1,1.9,0,40,255.5
311,40,2,3.4,7,59,276.1
312,41,2,2.8,5,49,324.9
313,48,1,2.9,4,44,304.1
314,46,3,5.3,8,30,310.6
315,62,5,9.7,6,31,460.2
316,27,2,1.8,6,34,252.3
317,47,2,10.1,7,52,290.1
318,54,4,5.4,2,40,418.6
319,29,2,14.4,2,59,214.4
320,57,5,7.2,0,57,474.8
321,29,1,5.1,0,53,230.6
322,35,2,15.6,5,51,247.5
323,30,1,4.1,3,36,245.7
324,48,4,5.4,7,55,387.9
325,61,5,8.9,6,37,488.2
326,31,3,3.2,4,60,312.7
327,66,5,8.4,1,43,509.5
328,28,3,1.7,1,52,269.0
329,37,1,4.4,0,44,301.8
330,52,2,2.1,0,45,412.5
331,43,1,1.8,5,44,302.3
332,54,4,2.1,3,50,422.1
333,10,1,8.6,6,50,80.8
334,43,3,10.5,5,32,304.5
335,23,1,5.2,4,26,219.5
336,54,4,2.7,6,52,420.9
337,22,1,2.8,8,47,148.5
338,47,2,2.8,6,59,332.7
339,29,2,7.6,5,59,228.2
340,59,4,1.7,1,26,507.3
341,22,1,3.2,5,41,157.5
342,27,1,2.9,7,47,189.8
343,35,4,8.6,8,51,245.3
344,42,3,7.1,8,26,260.2
345,27,2,6.4,7,45,181.0
346,22,1,4.9,8,54,148.9
347,43,2,5.1,3,26,298.7
348,40,3,1.5,6,51,349.8
349,27,2,2.5,2,51,265.5
350,41,5,8.3,1,40,363.3
351,50,3,3.2,0,59,460.2
352,24,1,5.3,3,25,203.5
353,20,1,1.4,0,36,229.4
354,46,1,4.0,8,39,321.4
355,44,2,6.5,0,60,353.5
356,48,3,4.8,1,55,368.5
357,36,3,5.2,8,38,275.2
358,40,4,6.1,5,49,324.2
359,50,4,4.4,3,57,402.5
360,29,3,1.2,2,60,320.9
361,48,2,8.3,8,55,310.4
362,41,3,6.5,4,51,324.3
363,44,1,3.8,3,45,292.9
364,35,1,5.7,1,27,250.8
365,70,4,3.4,5,59,473.8
366,37,4,11.9,7,32,268.0
367,42,4,5.3,0,58,410.9
368,40,3,9.2,2,50,268.4
369,35,3,8.1,8,40,216.6
370,33,2,7.3,6,57,267.2
371,41,3,12.0,5,30,275.6
372,17,1,8.4,2,59,154.6
373,54,4,1.1,8,29,397.4
374,68,4,5.1,7,36,431.8
375,65,4,1.1,2,52,521.8
376,51,4,5.8,4,49,406.8
377,55,3,4.0,3,27,382.1
378,64,5,3.0,3,35,543.9
379,70,5,4.0,0,41,544.3
380,48,5,4.2,7,45,370.6
381,44,2,5.6,5,35,253.2
382,14,1,3.8,7,45,78.0
383,39,1,1.4,4,51,316.2
384,37,2,1.5,2,27,322.5
385,53,5,0.6,4,50,474.2
386,14,1,9.1,8,32,97.2
387,67,5,0.6,0,46,563.3
388,27,1,9.7,8,59,113.7
389,67,4,7.1,0,58,454.8
390,46,5,2.2,3,25,398.7
391,31,3,1.1,5,56,275.4
392,45,3,3.1,5,46,337.1
393,45,4,2.5,2,60,365.2
394,27,1,1.1,7,49,187.1
395,54,4,3.7,3,30,402.4
396,24,1,4.0,8,55,130.7
397,45,4,13.2,4,26,305.8
398,36,1,10.0,3,25,202.0
399,62,4,1.6,6,37,415.0
400,34,4,15.1,1,38,272.1
401,38,4,6.3,8,37,255.8
402,39,4,8.6,3,31,346.6
403,45,3,9.9,3,38,348.4
404,41,4,3.0,1,25,409.5
405,30,1,16.0,4,52,168.9
406,34,2,3.3,6,49,274.0
407,40,4,5.0,4,51,325.7
408,36,3,3.8,0,40,331.3
409,61,4,12.5,7,60,366.5
410,23,3,5.1,8,29,171.0
411,63,3,1.6,2,44,496.9
412,31,1,3.9,8,28,199.1
413,54,4,4.8,3,54,424.4
414,39,2,4.4,6,60,303.5
415,67,2,4.3,3,51,453.0
416,57,5,4.3,7,32,373.0
417,15,1,1.2,1,54,159.7
418,31,1,10.3,5,56,209.1
419,58,5,7.2,4,47,423.9
420,44,3,8.3,0,45,330.2
421,38,2,7.3,7,43,303.6
422,41,1,2.6,3,27,289.5
423,42,4,1.2,7,42,342.8
424,44,4,6.2,5,59,382.6
425,45,2,7.9,6,50,310.8
426,35,2,3.9,3,35,286.4
427,38,5,2.4,8,60,346.8
428,49,1,4.4,8,54,335.6
429,17,2,2.5,1,58,206.4
430,15,1,1.9,5,57,113.6
431,23,1,3.3,7,28,152.6
432,36,2,3.0,1,51,386.7
433,36,3,5.2,4,34,293.5
434,51,5,3.8,7,46,438.0
435,26,3,3.6,5,41,202.4
436,60,2,3.0,7,25,382.8
437,59,5,9.7,0,52,478.3
438,68,4,4.6,8,56,464.6
439,41,3,2.0,8,39,330.0
440,48,3,8.0,6,39,329.6
441,18,1,4.2,6,28,167.0
442,54,4,3.5,8,25,378.2
443,46,2,7.4,8,58,280.6
444,44,3,9.5,4,53,328.9
445,32,3,2.5,8,37,263.8
446,38,1,4.3,7,55,264.4
447,33,3,1.1,4,49,311.8
448,52,5,7.2,5,58,398.6
449,37,3,3.9,0,54,371.8
450,54,4,8.9,4,45,414.8
451,55,5,8.9,3,56,402.6
452,51,4,7.9,1,60,410.4
453,45,5,2.9,7,37,363.9
454,21,4,7.4,6,58,193.8
455,26,3,5.8,0,27,269.2
456,53,5,8.2,0,44,494.3
457,25,2,5.0,3,45,231.6
458,33,2,13.9,7,60,188.6
459,53,3,2.4,4,33,381.4
460,17,2,11.9,8,30,150.8
461,49,2,4.4,6,36,368.3
462,36,1,4.7,7,50,244.5
463,43,4,4.3,8,56,338.0
464,38,4,3.4,8,29,293.6
465,35,1,4.0,5,27,249.4
466,40,2,4.9,0,50,257.6
467,53,3,3.2,4,30,349.7
468,10,1,10.3,7,42,63.5
469,21,1,8.5,7,44,160.0
470,45,3,2.1,7,28,373.8
471,41,2,7.4,0,54,329.8
472,45,5,10.3,6,49,338.8
473,28,1,5.6,5,41,159.8
474,29,2,5.1,1,36,303.0
475,62,4,5.1,3,35,447.9
476,44,1,2.7,2,36,319.3
477,12,2,5.6,3,54,191.2
478,37,2,4.5,6,51,225.5
479,15,1,1.9,4,45,182.6
480,52,2,4.5,6,49,315.9
481,50,4,2.9,5,51,378.8
482,35,4,5.5,1,28,313.9
483,36,3,8.6,2,49,321.7
484,56,4,12.1,0,49,429.8
485,45,4,5.4,2,58,354.6
486,29,2,6.2,7,46,223.7
487,61,3,14.7,8,28,322.6
488,44,2,2.9,4,28,318.8
489,45,2,10.6,5,29,319.2
490,24,3,2.0,0,46,232.3
491,47,4,6.5,6,32,345.4
492,19,3,8.7,3,28,247.1
493,59,3,5.9,7,27,393.2
494,56,3,2.3,3,49,395.5
495,10,1,2.4,8,32,59.3
496,45,5,3.1,0,41,407.3
497,53,3,14.2,1,52,337.6
498,36,3,10.2,8,31,209.5
499,50,3,1.2,1,58,436.7
500,61,3,7.9,5,26,391.6
501,35,3,6.5,7,58,246.8
502,22,3,3.7,0,26,250.3
503,45,5,4.9,5,45,392.5
504,42,2,2.4,7,56,308.2
505,67,4,15.4,5,56,411.9
506,10,2,1.5,2,39,152.8
507,33,4,2.0,5,57,336.8
508,33,1,4.6,8,49,201.5
509,45,3,1.0,7,44,325.6
510,21,1,2.9,1,27,224.8
511,38,1,3.7,8,42,269.2
512,48,3,4.8,1,55,354.6
513,26,2,8.5,1,40,225.6
514,31,2,5.0,4,37,267.3
515,16,1,6.8,0,55,137.4
516,10,1,5.3,3,44,119.0
517,29,2,15.1,0,56,208.6
518,28,2,4.2,4,48,258.1
519,43,4,2.6,1,29,388.4
520,46,4,1.4,3,53,416.1
521,45,4,2.0,5,38,380.4
522,77,5,5.9,4,57,529.5
523,46,4,6.6,0,49,392.5
524,48,3,4.2,1,39,407.0
525,24,1,4.7,2,40,154.3
526,42,3,1.2,6,54,334.3
527,47,2,5.7,4,32,330.3
528,23,4,4.7,3,30,261.2
529,16,2,3.7,7,41,120.1
530,40,1,6.5,3,29,223.5
531,42,2,16.0,2,30,288.7
532,35,2,8.0,4,44,292.5
533,42,2,10.3,7,29,272.2
534,34,2,4.8,8,41,236.6
535,29,1,4.8,3,30,227.2
536,36,4,1.2,2,30,331.3
537,56,4,5.4,2,31,443.4
538,37,3,6.9,0,31,330.8
539,43,3,1.7,8,37,320.3
540,52,5,1.7,8,38,448.9
541,44,2,0.9,5,59,360.8
542,28,2,2.0,0,36,318.0
543,18,1,5.9,5,49,136.3
544,38,1,6.3,0,37,300.0
545,36,2,6.4,7,38,261.2
546,10,2,0.8,0,31,199.9
547,34,4,3.7,0,59,330.1
548,50,4,1.3,0,27,450.2
549,40,2,2.5,1,58,342.7
550,32,2,1.0,2,45,260.9
551,41,1,0.8,7,38,270.2
552,48,1,4.2,6,30,290.1
553,52,4,5.8,3,45,378.5
554,38,4,5.9,6,50,350.1
555,10,1,9.5,1,39,135.6
556,64,3,1.9,0,34,510.5
557,35,2,2.4,7,29,228.5
558,34,2,3.1,1,48,292.4
559,43,1,3.2,8,49,277.0
560,46,1,1.1,1,52,375.4
561,43,3,0.7,0,35,410.3
562,40,2,3.2,1,47,280.3
563,69,5,9.7,8,48,489.7
564,46,2,5.2,6,29,336.3
565,18,1,7.3,3,54,146.2
566,20,3,10.8,3,60,187.7
567,12,2,7.8,1,30,163.1
568,47,1,3.0,4,31,287.0
569,48,2,8.2,6,32,311.2
570,15,1,4.0,4,37,164.5
571,48,3,2.2,7,52,347.3
572,34,2,1.8,4,48,305.3
573,48,4,3.4,2,56,420.4
574,47,3,8.0,1,36,373.8
575,41,3,2.9,4,36,312.6
576,50,5,1.5,2,52,453.8
577,59,3,2.7,7,28,412.6
578,35,3,5.9,1,60,357.6
579,51,3,2.5,6,55,407.8
580,42,3,2.5,0,45,337.4
581,40,2,4.1,7,54,251.9
582,17,3,2.2,4,30,235.3
583,26,2,3.9,0,34,275.9
584,33,1,2.4,5,57,277.9
585,21,2,3.7,5,43,236.4
586,20,1,6.9,1,51,187.8
587,10,1,16.0,2,52,91.5
588,34,3,6.9,6,55,266.3
589,25,1,13.0,5,50,146.3
590,33,2,1.1,2,58,316.3
591,52,4,1.5,2,37,493.2
592,26,4,11.0,0,40,267.5
593,13,2,5.6,2,47,188.2
594,21,2,4.1,6,39,159.1
595,49,3,5.5,3,32,355.2
596,33,2,8.2,5,33,218.8
597,38,2,15.4,3,54,281.9
598,10,1,2.6,1,46,160.3
599,32,4,7.9,0,26,316.8
600,63,4,5.1,6,42,419.0
601,46,3,2.4,6,57,342.3
602,48,3,7.6,6,45,321.8
603,28,2,8.8,4,40,194.0
604,57,5,7.6,8,46,399.3
605,60,3,2.6,7,44,404.6
606,11,1,2.9,7,38,117.2
607,35,2,6.5,6,43,251.8
608,61,5,2.0,7,28,454.1
609,55,5,1.7,7,35,437.0
610,17,1,5.0,7,42,155.1
611,23,1,1.5,7,55,210.3
612,32,1,3.4,0,37,260.7
613,48,4,2.8,2,58,381.0
614,50,4,10.6,5,30,340.5
615,10,1,2.6,3,41,167.5
616,31,2,16.0,3,43,181.5
617,48,3,3.7,2,46,359.9
618,31,1,3.7,2,51,268.6
619,64,2,4.7,2,51,471.7
620,28,2,6.9,2,58,218.4
621,20,2,4.4,3,42,201.7
622,36,2,3.1,2,38,293.5
623,56,4,1.6,2,36,433.0
624,10,1,4.8,5,30,102.3
625,25,3,8.4,4,42,210.6
626,23,3,5.4,6,41,206.6
627,40,3,3.6,1,44,367.3
628,58,3,2.4,3,36,452.2
629,33,2,3.1,5,52,247.5
630,45,3,1.1,5,50,359.2
631,30,2,12.9,5,42,209.3
632,56,4,7.6,7,44,366.3
633,47,3,6.7,5,25,372.1
634,46,3,13.8,6,56,265.3
635,49,5,3.7,3,50,459.8
636,25,2,1.4,4,31,214.6
637,30,1,1.0,1,41,272.5
638,32,1,2.5,5,40,254.0
639,10,3,8.7,4,25,166.8
640,35,4,5.5,1,35,337.6
641,60,1,1.5,2,33,366.2
642,33,3,8.1,1,57,325.6
643,36,4,5.3,3,41,328.0
644,48,3,0.9,4,53,341.5
645,53,4,4.8,6,52,392.4
646,59,5,6.6,8,32,423.1
647,54,3,8.0,8,37,345.4
648,45,5,7.0,6,57,354.3
649,63,3,2.0,4,49,421.7
650,47,4,2.2,8,49,383.6
651,45,4,4.4,4,58,365.6
652,27,2,2.4,4,56,223.0
653,22,1,16.0,2,48,144.2
654,38,3,1.4,3,27,343.4
655,38,2,6.6,7,49,264.0
656,41,3,6.9,8,30,278.8
657,44,3,1.0,1,31,350.4
658,49,3,5.4,1,41,401.7
659,29,1,5.7,5,47,206.0
660,43,4,2.9,1,38,407.5
661,30,2,4.0,0,38,315.3
662,30,3,7.2,4,58,264.4
663,40,2,2.6,1,43,344.4
664,41,3,3.7,8,29,316.5
665,60,5,7.1,3,27,481.1
666,24,1,3.6,3,60,177.3
667,52,3,7.5,2,41,393.6
668,50,4,1.9,0,28,431.7
669,30,4,16.0,1,44,284.4
670,14,1,16.0,8,59,62.9
671,45,3,6.8,5,37,321.5
672,60,5,10.9,0,44,435.7
673,27,1,2.1,3,39,240.7
674,22,1,7.5,8,43,154.0
675,39,1,14.2,4,56,218.9
676,37,4,9.1,7,25,273.0
677,41,3,4.6,4,58,338.9
678,36,2,5.3,6,58,264.4
679,23,2,3.7,2,43,209.2
680,17,2,3.0,1,56,193.6
681,41,5,7.9,5,50,333.4
682,46,2,3.5,8,51,297.1
683,48,5,5.7,6,44,389.1
684,46,2,3.6,5,36,250.8
685,48,3,4.0,1,36,405.3
686,47,4,4.3,0,48,425.6
687,13,1,2.3,7,59,157.8
688,10,1,5.1,8,48,99.0
689,41,2,2.6,6,41,330.8
690,25,1,4.7,3,54,245.3
691,61,5,1.0,2,40,471.3
692,41,4,5.2,7,59,307.7
693,30,1,4.5,8,37,214.8
694,59,5,3.6,7,34,473.3
695,48,2,8.3,6,25,282.8
696,23,3,10.8,8,25,149.0
697,55,3,6.3,8,41,355.6
698,42,3,2.8,3,45,362.7
699,46,3,0.8,1,45,389.6
700,55,4,7.4,0,38,430.9
701,41,3,6.9,2,31,343.1
702,37,4,2.0,6,51,295.8
703,29,3,2.5,1,38,294.6
704,46,5,1.0,5,30,374.4
705,36,3,3.2,8,28,275.4
706,13,1,1.6,5,29,187.7
707,37,3,1.7,6,52,308.4
708,27,2,6.3,7,37,218.7
709,55,3,15.2,1,30,328.9
710,59,4,3.9,4,52,447.7
711,39,3,7.0,4,53,290.0
712,51,3,5.3,1,49,399.4
713,29,2,3.6,2,42,269.3
714,53,3,2.7,2,44,429.1
715,28,1,2.1,8,32,249.2
716,48,1,7.7,5,29,260.6
717,10,2,5.8,7,37,124.3
718,24,2,4.0,6,53,184.9
719,39,2,5.2,6,53,241.0
720,40,3,5.3,3,46,331.5
721,47,4,4.5,6,38,345.1
722,25,1,4.0,3,60,207.7
723,23,1,6.2,7,59,132.2
724,53,3,10.4,3,43,375.8
725,42,4,3.2,0,37,419.3
726,38,2,9.9,8,34,181.1
727,44,2,5.9,4,47,333.7
728,43,4,2.3,7,35,330.0
729,40,3,4.9,4,31,322.1
730,28,1,0.6,4,52,223.0
731,36,1,5.0,5,45,288.7
732,50,1,8.9,1,58,317.8
733,50,2,4.8,7,32,287.0
734,28,1,0.7,8,29,224.5
735,25,3,4.0,5,57,274.6
736,22,2,2.7,0,50,259.5
737,20,1,9.8,1,51,187.9
738,50,3,3.0,8,27,347.4
739,59,2,2.8,6,38,366.9
740,43,4,3.3,8,56,300.7
741,50,3,16.0,0,32,383.4
742,32,1,2.5,8,43,187.2
743,39,1,2.5,5,48,298.1
744,37,3,9.6,1,49,315.9
745,67,4,4.7,2,45,510.0
746,46,3,2.4,6,57,350.0
747,40,2,1.1,2,25,337.9
748,43,1,5.1,6,48,256.6
749,18,1,0.8,2,51,185.6
750,42,2,5.6,5,57,275.0
751,28,3,3.6,7,42,221.6
752,65,4,3.4,3,49,518.1
753,29,4,6.2,7,57,258.7
754,36,5,6.7,2,60,343.7
755,44,4,1.9,8,57,323.8
756,64,5,3.6,5,48,512.4
757,50,5,9.4,5,42,395.8
758,25,2,8.7,7,46,191.4
759,63,5,2.6,0,49,481.2
760,58,2,8.1,5,30,412.5
761,23,1,2.1,7,33,157.0
762,27,2,8.1,0,46,212.5
763,37,2,6.4,6,36,235.3
764,38,2,4.3,8,59,203.4
765,12,1,3.7,7,37,66.7
766,40,2,4.6,3,59,325.1
767,58,5,2.4,3,27,487.2
768,13,3,3.0,1,40,211.7
769,32,2,6.7,8,32,196.3
770,59,5,3.5,0,57,482.4
771,45,4,4.6,7,59,359.5
772,47,3,3.2,6,53,363.4
773,59,4,3.0,0,43,523.7
774,29,1,5.7,0,43,235.7
775,34,2,3.3,6,60,286.1
776,45,3,4.4,8,41,286.3
777,32,1,5.3,5,39,187.7
778,37,2,8.7,7,40,201.3
779,11,1,11.5,6,36,57.7
780,49,3,6.3,4,44,393.6
781,28,1,1.7,7,35,196.8
782,41,3,8.2,1,58,300.4
783,51,3,5.8,3,28,368.8
784,45,4,3.1,5,31,385.9
785,47,3,3.0,8,39,338.3
786,23,2,2.7,3,45,254.8
787,23,1,5.3,0,28,209.5
788,41,1,7.6,7,54,236.4
789,47,4,1.4,0,40,419.4
790,34,2,3.1,4,30,274.7
791,33,2,2.2,4,29,256.7
792,33,3,11.2,2,56,244.4
793,35,2,2.7,1,25,338.2
794,18,1,2.4,6,58,160.1
795,24,2,3.4,2,49,200.9
796,50,3,7.5,3,59,373.6
797,27,1,12.0,0,54,236.1
798,37,1,6.3,4,27,273.1
799,16,2,2.8,8,57,184.2
800,46,3,9.5,4,29,318.6
801,62,3,2.8,2,28,473.2
802,37,2,4.4,7,32,219.8
803,23,2,4.2,8,29,203.5
804,41,2,5.2,6,58,285.9
805,37,3,10.4,2,36,285.4
806,57,4,6.9,0,47,496.4
807,50,2,8.4,5,43,329.6
808,49,5,10.3,6,50,423.4
809,40,1,9.6,6,50,228.1
810,65,3,8.5,0,43,440.7
811,24,3,5.0,5,53,212.6
812,16,1,10.0,1,44,136.1
813,46,1,7.4,2,35,317.4
814,29,1,5.2,4,47,161.1
815,55,4,2.5,8,45,370.0
816,10,1,2.5,0,56,190.8
817,10,1,8.2,4,37,103.1
818,55,3,6.6,3,55,381.1
819,64,4,4.0,1,28,540.2
820,42,3,2.0,1,32,366.0
821,53,3,3.1,7,49,387.4
822,45,3,2.8,0,60,358.7
823,33,3,8.4,1,48,276.1
824,44,3,5.3,8,28,292.6
825,41,3,11.5,2,48,247.4
826,14,2,5.6,6,59,99.6
827,27,2,3.5,1,38,273.9
828,42,3,16.0,8,42,276.1
829,46,2,3.5,2,27,358.5
830,54,1,9.9,1,50,322.9
831,45,4,2.3,1,31,389.6
832,35,2,2.1,4,36,275.6
833,35,3,2.7,7,40,284.3
834,43,4,8.3,8,25,282.6
835,49,3,4.8,1,47,432.3
836,51,5,2.1,7,60,416.1
837,37,1,7.9,1,53,279.5
838,30,2,5.7,0,45,265.8
839,59,2,4.2,0,48,453.1
840,26,1,7.5,0,40,197.9
841,59,4,3.6,6,57,457.9
842,50,4,4.2,5,55,388.6
843,76,5,1.6,5,25,605.2
844,32,1,4.5,2,39,252.8
845,25,3,12.5,5,56,205.0
846,34,2,9.8,5,58,215.8
847,20,2,16.0,3,59,150.4
848,46,5,4.8,2,46,435.9
849,50,2,0.7,4,44,339.4
850,26,1,4.6,0,60,252.9
851,42,2,3.0,1,51,339.7
852,29,2,7.3,1,38,255.5
853,25,1,1.8,2,59,237.4
854,24,1,6.0,0,50,213.6
855,61,5,3.1,5,58,474.1
856,49,3,2.3,5,47,334.9
857,29,4,9.9,7,47,208.0
858,50,4,12.1,7,56,362.3
859,42,3,5.7,3,54,358.6
860,22,4,4.2,0,46,300.7
861,49,4,16.0,2,51,362.8
862,63,4,1.5,2,32,496.2
863,34,1,2.8,4,51,236.5
864,55,2,7.4,4,36,350.3
865,25,1,7.2,3,38,209.7
866,32,3,3.5,7,53,249.4
867,64,5,6.2,1,50,493.1
868,56,5,3.3,2,49,524.6
869,45,3,4.5,0,46,387.7
870,27,4,3.6,8,46,258.0
871,59,4,6.5,8,28,398.5
872,50,4,0.6,1,25,418.1
873,43,3,5.5,2,59,376.0
874,53,4,0.7,0,35,482.0
875,38,1,4.3,7,40,181.4
876,44,5,3.9,8,25,377.2
877,41,3,2.4,7,55,303.0
878,25,1,3.9,7,27,204.5
879,34,1,13.4,4,36,220.7
880,43,3,9.2,7,43,318.0
881,43,3,3.4,6,53,317.9
882,60,4,12.8,0,27,460.9
883,42,1,3.3,3,53,285.8
884,39,4,0.9,0,54,371.5
885,37,2,8.2,0,43,286.9
886,26,1,16.0,6,41,166.2
887,39,1,13.4,4,31,247.3
888,53,4,7.7,0,48,457.4
889,17,1,7.4,3,40,183.4
890,39,2,16.0,1,39,277.4
891,52,5,2.0,4,37,437.0
892,67,5,6.7,1,58,495.0
893,62,4,2.6,2,52,524.1
894,41,3,11.1,2,29,335.4
895,31,2,9.4,7,39,196.2
896,35,3,0.8,4,45,321.9
897,33,3,11.2,1,35,288.7
898,45,3,7.9,7,38,297.7
899,39,4,4.3,6,46,394.2
900,16,1,4.4,2,49,199.6
901,33,2,3.5,4,31,261.9
902,30,2,9.3,5,35,200.7
903,44,4,2.4,6,47,361.6
904,30,2,2.7,0,37,287.4
905,41,3,1.3,8,41,291.7
906,35,1,1.9,3,45,268.0
907,33,2,2.3,8,48,249.0
908,49,3,16.0,7,40,296.5
909,37,3,1.8,3,55,344.9
910,26,2,1.6,8,49,207.0
911,24,1,2.5,5,44,217.2
912,31,4,4.4,2,32,315.0
913,27,2,3.9,1,56,302.2
914,46,4,3.4,4,58,423.4
915,44,2,7.3,1,44,339.3
916,33,1,3.9,2,27,317.9
917,47,3,0.9,3,52,376.8
918,53,3,2.0,3,25,395.2
919,55,5,8.9,0,25,444.7
920,63,4,13.0,3,37,439.2
921,26,2,11.5,7,56,173.3
922,56,2,2.1,0,36,441.1
923,36,4,0.6,6,31,328.3
924,60,4,3.0,5,30,430.4
925,50,4,2.3,6,50,378.2
926,40,1,12.3,5,26,224.1
927,25,1,11.5,5,35,144.0
928,25,3,4.3,5,39,223.5
929,33,2,3.9,2,39,250.3
930,43,3,5.1,5,55,318.9
931,22,3,7.5,2,43,203.8
932,25,1,4.1,8,36,190.4
933,24,2,5.0,6,60,173.1
934,25,3,16.0,6,39,178.3
935,34,4,0.9,4,45,329.1
936,49,3,15.2,4,27,266.0
937,40,4,5.6,6,33,346.3
938,28,1,1.2,7,51,211.5
939,10,1,8.8,0,49,80.9
940,20,1,5.5,6,44,128.7
941,60,5,1.5,6,52,486.2
942,70,5,2.5,0,53,537.6
943,33,2,2.6,6,54,234.9
944,66,5,2.5,3,59,518.3
945,51,4,2.7,2,52,438.8
946,42,3,4.2,5,43,328.3
947,62,4,2.2,1,36,519.6
948,53,5,1.1,4,30,436.2
949,44,4,0.9,0,48,364.7
950,30,3,7.8,8,55,233.6
951,24,2,3.7,5,52,219.2
952,51,5,3.5,6,44,370.4
953,24,2,6.3,5,48,198.1
954,44,3,2.6,7,31,337.4
955,54,5,3.0,1,59,473.3
956,31,2,1.1,2,32,320.5
957,33,1,6.4,4,58,195.8
958,33,3,4.7,1,53,267.1
959,35,2,4.5,7,35,250.0
960,27,3,4.3,0,56,270.9
961,67,5,5.0,1,45,508.2
962,42,4,8.1,2,32,386.0
963,38,3,2.7,6,32,263.7
964,66,4,7.0,2,31,471.9
965,26,3,3.2,4,35,304.0
966,44,2,2.1,6,52,344.4
967,41,2,7.2,7,35,255.3
968,33,2,5.0,6,29,189.9
969,41,1,6.6,2,57,280.6
970,51,2,3.8,7,60,334.7
971,25,2,6.4,1,47,266.1
972,43,2,5.6,1,49,296.4
973,42,4,9.0,3,44,312.2
974,41,5,4.3,0,26,420.3
975,38,4,9.3,1,42,334.1
976,41,2,5.3,1,60,300.9
977,37,1,3.9,8,56,231.9
978,26,1,2.8,0,40,275.6
979,42,4,16.0,7,55,285.6
980,63,3,13.9,0,53,407.0
981,24,1,6.1,6,32,175.1
982,62,5,2.7,6,29,490.5
983,54,4,2.6,7,26,384.4
984,47,3,8.1,3,60,368.5
985,10,1,3.9,3,32,125.7
986,43,3,7.8,5,48,307.4
987,58,3,2.5,2,37,419.3
988,31,1,3.6,0,53,219.9
989,50,3,5.3,1,30,386.8
990,41,3,0.8,2,32,339.5
991,42,2,6.8,6,33,257.7
992,65,4,3.0,1,28,491.7
993,37,4,1.6,6,60,346.6
994,54,2,4.9,7,44,364.6
995,49,3,8.0,1,45,407.4
996,32,3,9.8,5,39,232.2
997,49,4,9.9,2,49,388.9
998,59,5,4.0,2,29,452.4
999,40,3,8.5,8,55,264.4
1000,27,3,10.2,6,30,206.2
