delivery_id,distance_km,restaurant_prep_minutes,traffic_index,order_items,couriers_available,pickup_queue_orders,customer_previous_orders,restaurant_age_years,delivery_time_minutes
1,17.0,12.3,83,8,10,7,56,20,77.9
2,6.8,22.3,33,8,8,1,57,5,60.5
3,14.2,9.0,72,3,10,10,11,11,64.6
4,10.8,18.8,13,2,12,6,29,8,48.3
5,5.7,17.7,100,4,7,4,34,14,58.8
6,16.6,27.6,35,7,8,7,70,14,79.6
7,15.7,16.2,74,2,6,0,75,3,73.2
8,6.9,24.1,14,8,5,1,37,11,52.1
9,17.5,23.5,22,5,5,3,24,13,87.0
10,4.4,23.0,4,4,3,10,51,19,62.4
11,14.6,27.4,45,1,4,10,15,4,78.3
12,12.4,7.7,11,4,11,8,7,5,46.4
13,8.7,21.1,26,3,1,0,21,8,53.5
14,1.0,16.4,60,7,8,0,13,20,33.2
15,16.2,16.3,88,7,2,2,57,18,77.7
16,10.5,26.5,30,1,7,10,32,11,61.3
17,7.3,15.1,44,5,5,8,64,13,55.2
18,6.7,14.4,11,5,7,11,52,15,57.4
19,11.9,25.9,12,6,9,9,61,10,69.0
20,6.6,6.5,52,1,2,6,66,8,45.7
21,9.4,26.7,31,2,3,4,60,7,58.8
22,7.0,12.1,63,8,11,1,51,11,45.2
23,1.5,29.9,89,6,10,7,34,3,56.4
24,4.9,13.9,88,8,1,7,70,14,55.3
25,15.2,22.1,18,1,1,2,28,15,72.7
26,14.8,20.5,2,8,3,1,68,18,78.6
27,12.2,19.3,53,4,8,0,19,17,59.5
28,8.7,21.9,10,8,9,8,0,10,58.0
29,17.5,18.6,96,3,4,2,65,2,74.4
30,15.2,25.5,48,3,6,8,80,2,77.9
31,4.8,22.6,80,6,6,4,76,16,54.2
32,10.4,7.9,89,1,7,6,15,1,52.5
33,17.2,5.0,68,1,10,8,69,1,64.9
34,14.2,32.6,28,8,10,4,56,17,76.5
35,7.0,5.0,40,2,11,7,71,5,41.6
36,8.7,19.0,5,5,12,10,54,5,62.4
37,9.6,14.8,33,4,8,0,0,10,50.8
38,16.3,14.6,32,6,10,8,42,3,59.4
39,13.0,13.0,46,8,3,11,24,18,68.2
40,7.5,31.3,79,4,3,9,40,4,71.9
41,8.6,24.4,52,4,5,10,26,17,67.8
42,2.1,11.8,35,4,12,3,18,10,23.9
43,9.1,22.7,39,7,7,11,44,10,69.3
44,4.5,19.7,95,5,4,7,29,12,60.5
45,2.1,30.6,93,1,10,12,51,15,69.4
46,2.1,19.0,55,4,2,3,47,13,48.4
47,4.3,8.0,63,7,10,10,33,17,43.6
48,12.7,29.0,37,4,4,1,50,13,74.6
49,3.6,29.6,22,1,2,7,31,5,60.1
50,10.4,30.1,10,6,1,1,34,12,69.2
51,11.0,23.2,72,6,7,3,42,6,67.3
52,17.4,6.6,53,5,8,5,54,14,67.3
53,8.5,11.4,20,5,9,12,35,11,54.7
54,14.1,16.1,6,2,3,12,64,18,66.4
55,1.1,18.9,94,1,8,9,50,13,53.3
56,11.8,15.2,51,2,9,1,15,11,57.6
57,17.7,21.2,3,1,5,10,36,11,73.3
58,1.3,10.6,4,1,11,2,1,19,19.2
59,16.4,14.0,6,2,10,2,3,6,57.1
60,3.2,12.5,41,1,5,1,60,9,31.6
61,12.3,16.1,19,1,9,9,16,16,58.8
62,0.9,7.4,53,4,2,7,75,6,35.6
63,1.6,29.7,97,6,10,4,42,15,55.2
64,2.9,10.8,6,7,2,4,43,14,38.2
65,16.3,13.1,32,6,5,8,52,19,63.1
66,14.2,20.0,86,3,8,4,31,16,68.2
67,12.1,12.2,81,4,7,11,61,3,66.0
68,11.9,23.2,22,2,6,10,72,14,68.6
69,5.6,23.0,86,6,4,5,26,3,60.1
70,9.7,23.6,93,4,9,2,39,6,62.8
71,8.9,12.5,3,7,4,7,78,1,60.2
72,17.1,12.0,2,8,8,2,36,8,60.9
73,8.4,14.9,66,5,7,8,66,10,52.3
74,13.6,14.1,88,7,12,1,76,1,68.3
75,6.8,17.1,19,6,6,4,44,2,58.5
76,16.7,18.7,57,3,1,1,5,14,70.2
77,15.4,17.0,36,2,12,3,64,5,64.4
78,17.9,14.2,39,5,2,7,52,4,75.9
79,4.5,24.4,29,7,2,10,47,11,62.3
80,15.7,25.0,25,7,6,10,9,12,79.5
81,8.8,22.7,49,7,8,1,6,14,70.8
82,9.4,21.1,77,7,11,9,55,7,65.7
83,10.0,20.3,70,1,4,3,50,12,61.8
84,2.1,27.7,12,6,11,11,2,19,56.0
85,15.9,14.1,100,7,3,8,54,2,79.3
86,11.1,9.9,9,5,5,5,30,3,59.9
87,2.3,16.5,63,5,2,9,42,19,58.5
88,13.4,17.3,20,3,10,7,32,2,54.3
89,2.5,15.6,43,7,9,8,63,20,45.0
90,7.2,15.9,51,4,12,2,29,13,38.2
91,12.2,16.1,26,5,2,3,73,2,69.3
92,8.6,19.5,12,2,12,10,54,2,47.9
93,1.6,13.3,17,5,3,12,35,1,45.8
94,11.4,11.3,78,3,3,0,66,5,59.7
95,6.9,17.1,43,5,12,12,48,9,55.1
96,7.2,20.8,81,6,1,4,5,4,64.2
97,3.4,16.6,73,5,1,3,13,17,50.9
98,3.7,9.9,74,1,4,3,13,5,34.4
99,17.9,17.6,49,2,9,2,80,11,63.2
100,11.1,14.3,71,7,3,10,13,20,69.8
101,10.8,20.7,52,2,8,7,77,4,64.1
102,14.2,14.9,7,8,9,1,77,11,46.5
103,7.2,17.6,35,3,6,1,74,3,44.8
104,3.2,23.6,6,4,4,7,43,15,42.2
105,11.1,18.8,27,8,3,3,59,8,63.6
106,7.6,17.5,58,5,2,12,73,4,65.0
107,7.6,16.4,33,5,5,2,17,3,49.6
108,2.0,13.1,82,4,4,11,68,14,51.0
109,7.9,21.4,44,4,5,2,23,1,54.2
110,1.4,9.5,59,4,9,12,38,4,40.1
111,16.3,14.1,72,2,6,4,26,7,69.0
112,7.1,11.8,19,3,1,9,62,5,47.2
113,13.0,21.0,38,4,10,3,67,1,57.5
114,10.8,32.0,15,4,12,5,39,15,62.6
115,8.2,10.4,96,3,12,6,75,7,55.8
116,6.4,22.3,6,7,2,10,67,8,57.7
117,1.1,17.8,61,6,2,0,24,17,46.7
118,12.0,30.7,44,6,1,4,32,9,79.2
119,2.2,5.0,8,3,6,2,5,9,22.0
120,4.6,12.7,67,1,4,9,56,14,46.1
121,17.3,21.8,43,7,6,1,39,3,72.6
122,7.1,18.5,54,7,3,9,72,20,63.6
123,6.8,21.0,54,7,2,12,18,5,64.2
124,12.6,7.3,17,6,5,6,13,12,53.5
125,5.2,16.5,75,4,6,12,18,15,67.1
126,6.9,14.4,34,6,4,3,33,1,55.7
127,5.9,31.6,10,4,3,0,56,11,56.0
128,12.7,20.8,84,4,11,12,76,4,74.8
129,1.9,21.0,21,6,6,5,57,2,36.0
130,7.2,16.9,61,7,10,3,76,19,47.1
131,18.0,27.7,72,4,7,8,52,12,96.4
132,11.7,19.3,15,7,12,4,34,6,63.4
133,8.8,20.8,87,5,2,7,55,9,73.4
134,5.6,12.6,16,8,6,1,56,8,39.7
135,0.9,24.5,69,7,3,6,48,4,62.6
136,16.4,24.2,77,6,12,12,10,3,86.9
137,16.6,11.7,83,2,11,4,54,17,67.6
138,17.6,13.4,52,6,9,1,65,17,68.7
139,8.9,20.5,37,5,2,7,4,1,69.6
140,10.9,17.0,7,3,10,11,70,19,56.5
141,5.6,12.5,11,3,7,4,24,11,34.2
142,15.0,19.1,90,2,4,8,25,7,83.8
143,10.7,22.4,52,6,4,2,53,9,68.5
144,5.7,18.1,92,6,7,3,63,17,53.3
145,5.7,15.3,72,1,6,11,68,3,58.2
146,6.7,20.6,63,7,9,9,20,14,60.4
147,12.2,16.8,58,6,8,4,54,15,61.2
148,14.0,16.2,3,7,9,10,76,10,70.2
149,2.3,20.8,18,3,10,4,74,7,33.3
150,16.8,26.8,77,3,12,9,55,20,87.3
151,13.7,26.5,35,4,9,6,73,18,75.3
152,14.6,19.6,14,8,12,1,34,4,65.2
153,4.0,16.6,7,3,2,7,9,11,37.4
154,3.0,18.6,44,6,6,0,7,14,29.2
155,13.3,20.1,44,5,11,5,27,7,65.9
156,16.9,22.6,46,6,7,12,9,12,87.5
157,6.6,17.2,86,1,9,9,10,11,59.7
158,2.2,18.2,83,8,2,4,45,8,57.1
159,6.2,20.4,55,8,3,4,4,15,42.7
160,15.2,12.2,37,8,11,11,60,20,66.4
161,14.9,18.1,39,4,9,3,10,20,59.9
162,4.6,20.0,8,2,5,3,41,1,40.6
163,3.2,23.1,44,7,12,5,60,18,60.0
164,9.2,20.0,22,6,6,7,37,8,55.7
165,6.1,14.7,51,2,7,5,53,7,50.9
166,15.4,10.6,23,7,12,2,51,8,62.3
167,8.6,13.1,66,5,6,0,64,15,52.6
168,4.5,9.5,72,4,2,9,45,11,45.8
169,8.0,10.9,39,6,8,12,36,18,51.8
170,4.4,13.1,11,4,6,3,54,10,37.1
171,12.8,14.3,72,1,4,9,0,17,75.9
172,17.5,21.0,79,7,8,12,67,14,86.1
173,11.1,16.1,43,4,8,0,68,14,44.8
174,4.7,16.5,55,5,6,4,18,10,53.1
175,14.7,18.6,76,5,6,0,69,13,72.4
176,6.9,12.6,36,1,9,11,61,9,48.4
177,2.0,9.7,44,7,6,7,70,3,40.2
178,3.2,13.6,2,3,12,5,76,20,35.2
179,7.0,11.1,5,5,7,3,7,19,41.3
180,15.1,26.8,26,2,3,9,28,13,82.6
181,4.5,26.8,11,3,10,1,45,15,40.4
182,14.2,17.3,96,8,9,1,48,18,67.7
183,1.9,20.0,75,7,5,12,73,3,62.0
184,15.2,27.0,96,6,10,4,54,12,89.4
185,13.0,26.7,31,8,5,7,44,4,75.6
186,2.0,24.4,27,5,1,11,55,20,53.3
187,1.2,22.6,18,6,3,1,75,3,43.3
188,4.9,25.2,81,1,2,8,33,13,66.2
189,3.6,11.4,72,1,1,9,11,12,50.5
190,11.8,5.5,89,5,8,6,29,15,61.4
191,8.7,13.0,23,2,1,11,26,6,55.7
192,10.5,20.7,100,7,2,5,43,17,79.1
193,5.5,12.4,84,7,3,4,37,3,56.6
194,17.6,15.2,100,1,2,9,74,17,84.8
195,2.3,17.9,73,2,6,8,68,2,51.1
196,12.1,17.5,54,5,1,5,43,7,71.6
197,9.8,11.3,83,4,9,7,76,18,60.2
198,17.8,16.6,17,7,5,3,24,10,68.3
199,17.2,23.4,16,5,10,11,69,3,88.5
200,8.9,21.6,89,1,11,0,67,2,62.0
201,8.3,17.9,96,1,5,11,30,11,66.6
202,6.7,16.7,72,8,12,4,8,10,54.5
203,3.5,26.8,41,8,4,5,66,13,59.8
204,12.4,28.0,43,4,10,2,27,2,73.5
205,16.0,11.9,12,8,8,6,38,8,65.2
206,8.8,14.1,30,5,7,0,71,20,48.0
207,16.6,14.8,59,8,10,0,55,1,60.3
208,4.8,21.5,48,6,8,10,77,16,56.1
209,5.2,17.8,17,6,2,0,25,12,43.9
210,17.2,15.9,73,7,8,5,4,11,80.3
211,16.6,27.8,76,3,10,2,21,2,79.3
212,9.5,20.7,53,4,1,4,52,6,65.0
213,10.1,12.8,82,4,7,4,66,1,61.0
214,6.7,18.0,79,1,2,3,14,12,62.1
215,1.0,17.2,78,2,12,10,5,6,39.4
216,7.1,27.0,0,7,8,0,13,12,57.0
217,17.7,6.4,22,2,9,12,72,8,69.9
218,9.4,17.6,80,2,9,8,8,3,71.0
219,14.6,19.0,39,5,4,3,41,3,73.0
220,3.3,25.3,23,5,10,2,13,6,45.6
221,13.3,17.9,79,2,6,0,35,17,65.3
222,10.8,22.5,69,1,10,9,27,19,61.7
223,17.8,22.7,0,4,12,2,65,10,76.2
224,6.0,7.5,60,2,8,4,15,20,35.6
225,8.7,14.4,75,7,2,0,33,10,57.7
226,5.3,14.0,25,7,5,0,49,14,51.0
227,13.4,18.3,31,1,1,2,39,7,65.2
228,1.7,9.8,79,6,10,7,11,2,46.2
229,13.3,20.0,60,5,9,12,72,10,73.9
230,15.1,15.6,63,1,12,2,19,12,57.0
231,4.8,18.9,27,6,9,2,53,2,53.9
232,6.8,5.0,73,6,3,7,6,2,55.7
233,6.5,19.5,10,7,1,0,55,16,50.9
234,15.8,19.2,51,3,7,4,37,13,64.7
235,3.2,9.0,73,1,9,7,16,8,42.0
236,16.5,16.0,9,6,6,11,16,5,79.0
237,2.1,20.7,22,1,9,4,31,10,36.3
238,1.1,29.9,65,8,8,10,24,13,62.8
239,14.7,13.5,37,3,2,8,77,9,72.7
240,1.6,17.7,77,2,12,6,79,19,40.1
241,10.4,12.3,71,1,9,10,31,7,62.0
242,9.6,20.5,83,1,3,11,35,18,70.3
243,16.0,8.9,22,5,5,10,34,17,64.5
244,12.3,13.5,86,3,7,9,6,8,66.6
245,17.7,17.9,33,3,6,9,46,5,85.1
246,12.4,17.2,50,6,9,4,61,19,66.2
247,6.4,14.9,0,3,6,3,18,14,39.0
248,16.9,14.8,92,6,10,4,41,15,78.6
249,1.9,13.0,13,6,7,2,20,19,31.9
250,12.4,22.6,21,4,9,7,50,17,65.5
251,2.4,17.1,3,4,5,7,36,14,40.9
252,3.6,8.9,11,3,1,10,2,7,41.6
253,7.3,20.0,54,2,6,8,6,17,64.9
254,9.2,20.3,75,8,10,2,47,2,67.9
255,1.4,25.1,29,4,6,6,23,17,46.3
256,7.6,27.9,77,7,1,5,80,6,71.8
257,9.9,17.5,3,3,6,3,68,1,43.2
258,5.4,25.9,95,3,10,10,50,10,68.4
259,7.6,19.4,32,6,3,10,43,7,61.9
260,14.1,21.3,72,7,8,5,18,1,75.2
261,3.8,15.0,46,3,4,8,25,11,42.7
262,5.9,17.6,80,7,1,7,30,20,72.6
263,5.3,15.6,56,3,1,7,10,7,51.2
264,4.9,5.6,49,4,3,11,57,12,52.1
265,1.2,15.9,8,4,6,5,78,3,35.5
266,17.2,8.5,20,8,10,0,40,6,60.1
267,9.4,19.4,97,7,2,5,75,8,73.9
268,6.2,5.0,17,1,11,11,80,4,32.0
269,15.9,18.6,25,6,10,8,24,2,73.2
270,0.9,7.3,95,6,10,11,34,20,40.0
271,2.4,12.2,83,6,6,0,27,3,41.3
272,0.8,16.0,33,3,12,2,62,3,29.2
273,1.0,19.9,87,3,8,10,47,17,54.6
274,0.5,11.3,0,4,8,0,50,16,22.3
275,11.1,16.9,24,6,7,4,55,10,58.9
276,13.1,23.7,70,7,1,5,20,4,87.7
277,6.7,16.9,95,6,6,8,50,11,63.9
278,16.7,20.7,43,4,8,3,10,7,75.4
279,13.7,17.3,95,4,8,4,72,10,68.3
280,17.8,24.7,92,6,4,12,28,16,97.9
281,13.9,22.5,97,1,5,2,80,3,63.0
282,9.6,25.1,67,7,5,9,1,10,70.2
283,1.5,17.2,87,8,4,2,38,15,54.1
284,2.6,16.4,83,5,10,12,31,20,50.4
285,6.2,5.0,97,1,2,9,36,13,53.3
286,2.9,10.7,9,2,6,7,68,16,34.8
287,11.7,11.1,81,6,8,9,11,13,70.5
288,1.7,23.0,41,4,7,8,60,13,57.9
289,10.0,14.8,44,5,1,3,17,6,59.7
290,6.9,11.2,66,6,12,10,19,11,51.7
291,7.2,15.9,1,8,3,6,64,12,54.8
292,1.9,13.1,58,1,2,10,65,19,52.7
293,13.1,10.7,22,8,7,6,22,19,64.8
294,13.9,9.9,44,6,1,4,12,14,72.0
295,6.1,23.2,85,3,8,11,7,17,65.9
296,7.1,26.4,78,8,8,3,21,16,60.7
297,12.6,16.7,48,7,2,8,14,17,68.6
298,2.8,19.2,71,1,4,9,75,14,55.1
299,11.3,22.7,20,7,2,7,40,1,74.0
300,6.5,14.8,34,7,8,7,8,6,47.2
301,12.8,19.3,83,1,5,10,30,6,63.9
302,11.6,9.7,8,1,3,3,30,20,45.9
303,6.0,5.3,74,5,10,6,0,11,43.1
304,5.4,12.6,88,3,6,2,60,20,41.8
305,7.4,23.9,41,6,10,6,59,14,59.2
306,5.7,16.6,24,2,11,11,50,6,49.7
307,13.8,9.6,59,7,5,10,35,19,68.8
308,14.3,19.8,88,4,8,0,75,15,71.0
309,9.2,24.6,74,2,3,7,45,18,71.8
310,4.6,11.8,40,2,1,0,11,13,36.0
311,9.1,21.0,64,7,11,12,32,5,72.8
312,13.7,30.5,73,6,9,2,33,6,79.9
313,10.0,15.3,49,7,4,0,23,11,58.3
314,0.8,18.3,77,7,6,5,56,4,51.9
315,2.0,13.2,46,4,7,12,36,2,49.3
316,7.2,8.8,31,4,4,1,39,17,43.8
317,15.2,9.3,46,3,8,10,3,18,70.9
318,8.0,23.3,21,6,5,2,17,15,65.5
319,11.4,20.5,62,4,6,8,71,20,65.0
320,10.4,16.4,80,2,4,4,53,20,69.0
321,1.9,29.6,50,8,4,3,24,17,46.9
322,8.9,15.6,24,5,5,11,41,3,52.8
323,8.1,18.5,30,8,12,3,3,11,53.1
324,8.5,22.5,95,1,10,0,24,17,56.9
325,16.4,13.9,87,2,8,3,55,1,66.8
326,5.7,11.7,39,5,2,4,33,12,45.2
327,17.6,14.6,52,6,4,0,24,12,69.4
328,8.8,11.2,77,6,10,5,59,15,56.7
329,8.9,18.6,98,1,5,6,39,8,67.1
330,13.0,19.1,60,7,12,7,54,5,76.4
331,8.8,14.1,3,4,2,12,61,15,63.9
332,1.5,5.0,64,2,11,9,28,3,34.2
333,10.3,14.2,87,3,8,2,63,14,56.2
334,2.0,9.6,62,5,3,9,35,17,48.7
335,16.8,14.8,94,8,9,4,43,16,82.0
336,5.9,19.4,83,5,12,1,38,14,50.5
337,16.8,26.7,9,5,5,12,75,17,91.6
338,9.6,25.8,20,1,2,4,62,15,63.1
339,14.2,9.6,57,1,3,11,54,15,75.4
340,9.4,18.6,46,5,11,11,38,8,61.1
341,4.2,14.3,23,5,8,4,51,12,35.7
342,17.9,18.9,54,1,11,0,77,12,67.4
343,11.6,28.5,45,7,5,8,72,15,83.0
344,8.4,21.9,48,4,11,2,30,11,61.7
345,17.0,20.4,83,7,3,1,36,3,81.4
346,10.2,15.3,58,3,4,7,59,17,56.9
347,7.6,13.9,87,2,6,5,28,19,58.1
348,4.0,16.2,21,7,11,1,32,10,37.1
349,6.3,21.8,61,7,3,10,80,6,69.4
350,14.7,27.6,58,1,11,10,75,18,72.6
351,3.3,21.7,6,5,10,8,23,13,45.3
352,8.6,17.1,47,3,9,4,26,18,48.3
353,11.7,17.8,82,8,11,4,39,7,63.3
354,8.3,22.8,19,4,6,4,43,11,52.3
355,7.5,28.6,51,4,8,10,67,20,66.5
356,1.1,30.5,60,5,9,9,8,8,57.7
357,14.8,12.6,13,8,12,9,38,3,69.2
358,1.8,9.6,15,6,12,10,43,11,34.9
359,8.1,23.9,20,4,6,7,49,8,54.4
360,2.0,23.4,15,6,11,2,4,13,45.1
361,6.0,24.7,49,1,1,10,15,2,59.2
362,14.2,28.6,55,4,2,0,15,7,74.7
363,16.7,17.1,51,7,5,11,20,8,94.2
364,1.2,23.3,16,2,12,8,70,18,35.7
365,5.8,11.8,95,3,6,6,30,17,58.2
366,12.6,25.9,11,4,11,3,76,7,67.2
367,7.0,17.5,26,3,10,8,80,17,51.1
368,17.8,17.3,88,7,12,10,13,6,96.6
369,3.0,11.4,98,8,12,2,57,19,48.3
370,2.9,26.6,79,8,8,7,0,10,61.8
371,13.2,23.9,11,8,2,0,22,13,66.1
372,12.6,22.1,19,1,3,11,40,6,67.9
373,16.9,10.0,55,1,10,12,60,13,70.8
374,1.8,13.5,97,7,7,4,14,10,45.0
375,0.8,24.6,78,2,10,10,66,9,54.9
376,2.7,17.2,36,3,12,10,76,14,48.6
377,16.6,19.1,7,2,7,7,79,7,63.8
378,8.1,20.1,82,1,2,11,0,13,61.3
379,8.0,15.4,99,5,8,11,16,16,68.1
380,5.2,24.6,53,1,7,3,9,1,50.6
381,3.9,5.8,9,7,3,1,80,20,45.2
382,2.5,27.9,97,6,10,1,42,3,61.4
383,13.7,27.5,93,3,5,6,47,15,80.2
384,1.3,20.8,95,8,8,9,57,1,50.6
385,13.5,22.6,80,4,5,9,41,19,83.0
386,9.3,17.2,99,7,12,7,23,3,58.8
387,3.7,29.1,67,1,12,12,35,13,59.7
388,4.5,14.4,12,7,12,0,55,12,29.1
389,1.3,12.2,48,2,4,10,58,12,41.4
390,15.2,20.6,1,3,7,1,12,11,62.2
391,10.9,14.8,52,2,12,9,79,9,66.6
392,13.4,16.0,40,5,5,10,48,6,70.1
393,9.9,27.9,89,2,9,7,47,17,67.7
394,1.5,5.7,8,3,6,0,44,15,23.1
395,12.9,22.1,9,1,9,6,46,18,59.0
396,16.1,11.4,87,3,11,8,66,1,70.8
397,5.1,18.9,54,8,3,12,76,3,72.3
398,7.3,20.8,4,8,5,2,11,8,57.8
399,17.8,19.8,67,5,7,2,64,4,77.0
400,11.3,8.5,59,7,6,0,13,2,42.9
401,2.8,18.2,34,1,9,7,51,18,36.7
402,3.5,21.5,25,1,7,0,40,12,37.9
403,5.0,29.7,98,7,1,7,6,17,80.1
404,16.7,19.9,68,3,8,7,52,10,73.9
405,14.7,10.6,99,7,7,10,43,17,74.0
406,0.8,13.0,27,3,8,9,50,1,29.5
407,10.3,12.2,47,2,7,0,0,11,44.8
408,4.0,25.7,62,7,5,1,70,19,53.0
409,4.9,22.9,5,7,9,7,18,3,52.4
410,9.7,7.9,68,8,6,7,30,14,61.8
411,3.9,14.5,76,6,4,10,48,5,57.0
412,12.5,26.1,30,6,6,10,72,15,71.4
413,1.2,12.5,97,3,2,1,56,5,41.4
414,1.1,21.2,86,4,4,0,49,8,49.2
415,5.6,15.9,42,4,12,2,25,11,33.5
416,2.1,19.3,37,8,8,10,73,8,52.2
417,15.5,15.0,11,4,3,2,63,4,65.4
418,14.0,9.5,58,2,5,11,80,10,73.8
419,10.3,12.0,70,6,4,6,73,14,63.2
420,13.4,20.6,96,6,6,11,32,10,83.9
421,0.7,26.5,80,4,11,3,30,11,46.0
422,4.7,16.7,9,4,5,9,37,12,41.6
423,9.6,20.6,0,4,1,3,48,13,62.3
424,14.6,21.2,20,7,4,12,75,14,82.2
425,10.8,11.3,24,3,1,7,55,17,62.2
426,6.3,11.8,96,7,12,5,60,13,50.2
427,4.9,21.9,92,4,6,4,46,16,61.7
428,15.5,20.7,82,8,6,6,65,13,76.5
429,10.2,13.0,22,6,10,7,77,14,53.5
430,15.4,6.6,65,4,2,7,30,9,68.9
431,2.3,13.9,22,7,1,0,12,5,40.2
432,14.5,14.1,72,4,4,5,56,19,72.9
433,1.7,20.4,32,7,1,1,77,9,39.7
434,6.6,15.2,16,1,3,12,29,18,54.1
435,7.5,17.0,74,4,8,8,57,4,56.8
436,1.6,23.2,35,3,12,0,17,6,41.5
437,16.8,20.6,98,8,4,4,31,4,91.6
438,7.8,14.9,96,6,10,5,21,16,66.3
439,1.6,24.2,81,6,4,4,50,14,50.2
440,12.6,20.6,58,2,2,6,55,4,74.7
441,6.4,28.1,64,7,11,10,22,13,63.6
442,11.0,13.9,71,7,2,9,68,19,76.3
443,12.2,18.7,5,4,11,8,38,9,62.3
444,17.5,15.3,33,4,5,1,52,16,64.9
445,10.6,10.8,50,1,12,4,79,5,47.1
446,11.7,11.6,69,1,9,7,20,6,58.6
447,17.3,18.8,93,6,5,12,69,6,94.2
448,6.2,21.5,18,5,7,5,42,14,55.2
449,6.3,15.0,72,1,1,6,33,11,57.6
450,13.0,16.7,57,2,9,8,14,14,59.4
451,11.8,25.5,86,6,8,6,40,18,73.3
452,6.3,17.1,11,2,3,0,46,18,42.1
453,16.9,15.2,36,7,11,9,6,3,77.5
454,17.6,23.3,39,5,9,3,34,15,84.8
455,17.9,14.9,14,3,10,0,18,5,57.8
456,12.7,21.3,7,6,5,11,9,8,76.1
457,15.0,15.2,62,4,1,0,50,18,75.7
458,16.3,18.2,48,7,5,3,59,7,73.6
459,11.0,16.2,70,6,1,7,23,4,68.7
460,16.3,14.6,78,6,3,10,13,14,86.0
461,10.1,18.7,1,7,7,11,16,12,62.1
462,6.2,28.7,67,1,1,4,0,4,63.9
463,9.6,22.1,24,3,5,6,26,19,61.0
464,3.3,17.8,73,4,8,7,8,4,61.8
465,17.5,25.8,99,4,7,7,62,20,92.6
466,3.3,6.9,33,8,12,9,42,1,35.0
467,6.3,18.8,76,2,6,10,76,15,57.5
468,2.7,13.4,2,6,1,11,8,7,50.9
469,15.0,10.8,84,8,1,12,12,12,91.7
470,13.5,14.6,35,5,9,5,7,2,61.2
471,15.3,17.0,81,1,8,2,56,6,76.0
472,16.7,11.5,64,3,5,6,73,13,81.5
473,14.2,18.6,62,3,12,9,29,8,74.1
474,11.0,8.2,68,4,11,2,57,3,54.6
475,12.7,21.0,29,5,11,8,4,5,74.8
476,15.4,21.1,18,6,9,12,17,16,82.1
477,3.3,30.1,83,4,3,11,32,1,68.4
478,4.5,21.9,96,8,6,1,43,14,63.0
479,10.6,15.6,15,1,8,7,59,11,49.9
480,8.8,14.6,50,5,12,1,68,12,48.2
481,16.8,20.5,9,7,7,12,3,3,84.0
482,6.3,20.5,43,2,5,3,63,3,53.7
483,1.7,9.5,78,3,11,2,43,17,27.8
484,5.5,7.6,94,1,1,9,8,12,51.8
485,3.6,22.3,10,4,3,11,3,10,63.8
486,7.9,20.3,43,8,5,6,64,19,60.4
487,2.4,10.8,28,3,12,12,69,18,37.0
488,11.4,26.2,97,8,12,3,72,13,80.6
489,7.3,19.4,75,5,8,12,72,13,62.1
490,4.5,15.7,31,4,6,2,1,6,43.3
491,16.0,16.4,42,7,1,2,14,18,68.8
492,17.8,21.0,93,1,10,5,65,13,73.2
493,12.5,17.0,72,5,2,10,63,5,88.5
494,2.4,16.7,54,4,2,10,23,11,56.7
495,9.7,23.1,96,2,2,7,25,4,72.4
496,12.7,11.8,63,8,11,12,7,4,67.6
497,8.7,19.5,6,1,1,4,68,7,64.5
498,3.5,19.6,16,5,3,9,29,10,48.0
499,6.6,24.9,12,3,6,10,39,17,48.7
500,16.2,20.4,19,2,7,5,45,1,58.7
501,1.2,23.2,89,7,8,7,17,5,58.1
502,1.4,23.9,88,3,7,4,44,17,50.0
503,12.7,25.4,27,2,9,9,42,10,78.7
504,15.0,13.7,55,1,4,1,35,15,67.7
505,11.3,16.8,66,4,10,10,47,9,71.4
506,16.3,17.4,41,7,10,1,64,9,64.1
507,9.5,30.0,30,4,5,7,74,20,70.3
508,11.9,25.0,43,1,8,2,37,18,66.1
509,8.1,21.4,53,1,2,8,36,2,66.2
510,14.4,21.9,97,4,1,12,80,15,94.0
511,1.1,18.8,66,2,7,4,3,14,41.6
512,7.4,26.5,14,6,10,4,76,16,54.3
513,6.8,17.6,63,6,1,7,37,14,68.5
514,2.4,23.0,48,1,8,10,57,16,47.8
515,8.9,20.7,35,3,4,2,39,9,61.9
516,13.5,13.3,100,4,5,11,75,15,80.7
517,3.1,25.6,30,2,12,11,40,17,48.5
518,17.9,22.2,71,5,12,3,6,12,74.7
519,4.0,18.9,94,3,7,3,59,19,51.6
520,16.3,12.9,97,1,7,12,36,20,86.0
521,0.8,22.9,92,8,5,9,45,8,62.6
522,9.4,14.8,0,2,5,1,69,17,47.4
523,1.6,11.4,74,7,8,5,65,19,46.4
524,5.6,25.6,24,2,2,9,47,7,59.1
525,14.6,18.2,76,4,5,8,3,2,66.4
526,11.2,20.3,87,2,3,5,76,2,70.2
527,16.1,22.9,67,4,8,3,24,1,71.1
528,9.0,26.8,90,6,8,1,26,14,70.1
529,2.4,12.0,12,7,5,1,69,9,37.5
530,1.8,8.2,10,5,4,12,14,1,39.1
531,9.8,24.8,87,1,8,0,3,1,62.6
532,16.6,16.2,26,6,11,3,69,1,69.2
533,17.7,19.7,70,7,11,1,46,11,74.7
534,13.7,23.2,42,5,1,3,40,19,78.4
535,1.7,27.3,68,3,6,1,53,10,50.9
536,3.6,13.9,92,8,12,3,53,10,43.9
537,11.6,15.4,7,4,3,3,6,1,59.9
538,10.8,6.0,78,3,12,5,53,12,44.5
539,16.4,20.1,88,8,7,11,37,11,90.6
540,8.9,18.2,92,4,8,7,36,12,63.1
541,5.3,18.6,98,5,5,7,51,7,63.5
542,2.6,29.0,42,1,6,7,54,9,55.1
543,13.7,11.6,98,1,3,0,78,19,75.1
544,16.4,8.6,33,7,3,2,57,13,64.9
545,13.2,12.1,85,3,10,8,76,2,68.5
546,3.3,22.1,47,4,5,8,39,12,54.0
547,11.3,8.8,41,6,9,1,61,16,49.5
548,16.2,11.6,21,6,6,0,0,15,66.5
549,8.9,20.7,42,2,3,1,25,14,48.0
550,1.2,11.1,70,2,12,4,34,8,32.9
551,5.3,13.5,83,6,8,3,61,13,55.8
552,12.0,11.1,11,7,9,7,50,6,54.0
553,2.7,21.3,31,7,12,2,72,18,44.5
554,6.6,13.2,49,7,5,3,19,4,47.0
555,17.7,22.2,49,3,7,3,4,2,76.7
556,2.8,14.0,52,4,4,1,30,6,39.6
557,8.1,19.2,83,6,10,5,69,1,64.0
558,11.9,12.6,59,4,8,7,65,7,56.9
559,4.2,22.3,100,7,1,10,74,15,68.9
560,14.7,5.0,41,6,3,5,57,13,62.9
561,3.5,30.5,65,8,5,10,59,14,73.1
562,11.0,19.7,31,3,8,7,44,10,58.0
563,1.2,10.2,23,8,12,6,63,20,34.3
564,18.0,12.8,86,3,4,6,53,20,77.0
565,9.7,17.1,52,1,4,10,44,13,65.8
566,4.7,18.4,95,5,6,1,56,10,53.2
567,2.9,13.4,74,2,4,0,48,9,38.3
568,1.2,25.0,35,5,7,2,15,7,46.9
569,5.2,16.9,12,4,6,10,60,17,53.6
570,15.2,13.4,80,8,11,10,23,2,80.9
571,4.8,18.1,88,7,2,2,48,17,57.3
572,16.9,23.6,7,5,10,7,68,18,73.7
573,17.9,9.3,96,8,5,7,68,10,84.5
574,10.5,12.9,99,1,4,6,0,8,62.5
575,2.5,24.9,84,5,8,5,19,3,53.5
576,6.5,20.2,98,5,9,7,51,13,70.5
577,12.8,18.5,71,6,11,3,37,15,74.8
578,7.0,29.9,37,3,6,10,65,6,62.7
579,11.9,27.9,16,1,6,6,71,12,73.6
580,12.6,10.7,23,4,5,0,68,13,53.6
581,3.5,9.5,82,5,7,2,74,14,38.2
582,5.6,20.8,88,1,7,7,79,2,60.5
583,12.0,23.9,99,2,10,1,40,9,70.2
584,9.4,16.7,82,4,8,8,30,13,69.5
585,9.4,20.9,94,5,6,9,77,4,74.2
586,2.6,14.0,27,1,3,5,0,17,42.4
587,16.3,23.1,54,7,3,3,21,3,78.8
588,1.0,10.7,5,6,6,12,19,9,33.7
589,13.6,19.7,28,6,9,5,78,18,64.6
590,5.6,22.0,85,5,1,1,13,12,60.3
591,14.0,16.9,35,3,11,0,33,11,56.6
592,6.0,18.3,28,7,10,3,46,16,49.0
593,14.6,18.5,98,6,5,11,8,3,79.4
594,11.3,23.7,74,4,6,3,11,11,69.9
595,17.3,13.7,9,1,11,0,36,14,58.7
596,13.0,25.5,56,7,7,11,62,11,80.2
597,16.2,8.6,28,5,2,9,13,12,77.9
598,6.7,25.8,63,3,7,6,6,8,60.4
599,12.8,20.3,60,2,4,2,71,1,69.4
600,12.5,23.4,80,5,9,6,73,11,83.0
601,4.1,25.4,79,5,10,9,36,7,63.1
602,13.9,20.9,71,5,7,11,37,3,81.4
603,10.0,26.3,41,2,4,1,59,12,68.0
604,16.5,22.2,22,4,11,10,69,5,79.7
605,9.4,18.7,21,5,6,2,69,7,54.2
606,15.7,24.5,10,4,6,2,11,8,66.3
607,5.9,26.6,16,5,7,1,40,20,49.8
608,6.7,7.7,0,8,6,5,35,12,35.8
609,10.2,19.6,1,3,7,4,71,9,50.1
610,1.7,5.6,82,7,9,8,78,2,39.1
611,8.2,18.8,27,1,6,12,0,18,53.4
612,16.1,18.6,55,2,1,2,34,17,73.1
613,12.0,18.0,98,3,7,6,62,1,69.0
614,16.9,25.6,56,2,10,3,2,10,81.2
615,16.6,25.2,10,3,10,3,75,15,65.2
616,2.3,23.4,70,8,9,6,26,12,47.4
617,5.0,5.0,95,3,8,8,64,2,43.2
618,13.4,27.2,16,3,11,5,2,1,61.2
619,8.3,14.6,87,4,7,6,26,4,61.2
620,14.4,5.0,34,3,6,11,14,13,59.8
621,8.9,19.4,63,2,5,11,63,20,59.1
622,3.9,17.0,93,3,2,12,3,4,67.9
623,5.5,16.1,45,2,12,10,37,11,47.0
624,10.3,27.3,46,2,5,7,15,13,62.8
625,16.1,16.7,45,5,4,1,23,14,68.6
626,0.9,12.7,55,3,11,2,44,20,27.6
627,9.4,24.1,37,4,3,4,16,13,69.2
628,10.3,12.3,62,1,4,1,42,9,51.5
629,16.5,24.5,58,6,3,9,22,20,80.8
630,1.4,12.4,88,4,6,11,61,20,49.2
631,7.5,22.6,54,4,8,12,40,16,69.6
632,12.9,30.0,14,4,12,7,22,8,86.7
633,4.1,24.3,59,1,10,11,11,12,48.6
634,12.1,14.2,69,5,5,10,67,10,73.3
635,5.0,8.5,87,2,10,8,19,12,51.5
636,9.8,15.7,78,6,6,6,18,19,66.8
637,10.1,8.8,46,2,1,9,50,20,65.1
638,2.4,27.0,64,3,5,3,53,15,52.6
639,10.0,24.6,39,3,4,3,64,4,60.3
640,9.1,5.0,74,4,2,5,34,17,58.2
641,4.2,15.8,48,5,1,7,77,3,46.3
642,0.7,21.4,23,2,4,1,50,19,31.3
643,14.3,24.2,2,1,5,1,22,2,64.0
644,8.5,11.3,94,7,4,6,70,3,62.1
645,9.1,18.7,21,5,3,2,44,10,67.1
646,7.0,11.5,39,4,3,3,19,7,43.2
647,6.9,16.2,35,6,11,6,71,5,52.7
648,10.4,23.2,83,2,9,11,1,1,65.6
649,10.2,6.1,100,1,11,0,18,19,54.9
650,6.7,18.3,51,1,5,3,74,6,46.4
651,10.7,23.4,18,7,11,7,10,16,58.5
652,6.8,8.1,91,1,7,10,64,15,53.9
653,8.2,13.1,85,2,2,0,45,5,49.4
654,6.8,27.6,72,3,5,1,50,5,63.3
655,0.9,18.3,53,6,8,9,68,20,54.7
656,1.7,24.0,37,5,10,2,44,1,42.3
657,16.4,22.1,66,5,10,10,80,14,91.2
658,8.8,26.5,63,6,5,9,15,4,69.8
659,2.9,24.3,37,7,2,1,7,4,48.5
660,11.6,18.7,97,6,5,12,11,4,75.6
661,15.2,14.4,55,7,9,5,47,20,72.8
662,6.7,22.8,26,7,4,9,1,3,62.0
663,7.8,12.6,99,8,1,11,60,18,77.8
664,16.5,14.5,41,6,9,1,79,7,67.1
665,16.7,15.7,20,3,6,2,32,20,61.6
666,15.0,16.4,56,2,4,1,17,12,64.9
667,8.5,11.3,61,7,8,4,42,11,60.3
668,6.7,17.7,10,4,6,2,67,5,44.0
669,1.6,23.1,32,4,2,0,55,3,37.6
670,13.0,8.1,95,2,7,0,72,15,56.8
671,4.0,5.6,41,2,3,9,59,1,41.8
672,13.8,14.5,60,4,9,10,4,13,69.2
673,15.6,18.6,9,7,5,7,50,6,73.5
674,9.2,20.8,35,1,11,9,68,13,50.7
675,11.1,20.0,22,5,10,8,21,13,66.5
676,11.5,17.6,37,8,4,1,40,7,60.7
677,5.1,30.5,13,5,10,1,69,16,55.7
678,5.8,22.5,13,8,9,0,58,18,51.7
679,5.9,18.9,80,7,3,1,59,9,55.4
680,11.7,22.2,14,2,9,2,34,9,52.7
681,15.4,20.1,58,2,2,10,50,5,83.2
682,13.5,17.2,21,6,1,10,70,7,79.4
683,11.3,20.1,26,6,11,8,65,6,61.0
684,2.0,16.0,20,8,3,6,1,7,43.1
685,7.1,15.8,26,1,11,5,2,17,53.4
686,8.4,26.1,12,7,11,1,5,16,57.2
687,12.6,8.0,46,8,2,10,68,1,69.1
688,14.8,14.8,91,5,5,3,40,16,71.4
689,8.8,14.1,68,5,9,11,59,15,68.0
690,14.6,21.9,54,1,7,7,72,3,74.5
691,8.5,11.6,24,8,9,5,70,10,52.0
692,4.8,19.5,36,5,2,2,62,19,49.7
693,2.2,20.2,90,1,6,5,28,13,46.3
694,5.7,22.2,38,2,2,8,29,13,59.5
695,8.6,23.4,56,3,12,0,18,18,53.6
696,13.5,18.6,5,4,2,12,24,4,71.3
697,15.7,14.6,19,8,8,1,13,3,58.4
698,7.8,18.2,31,3,6,0,15,13,44.7
699,5.9,8.7,52,4,10,12,60,15,40.3
700,9.7,24.5,18,8,12,1,74,11,54.5
701,7.1,12.5,36,3,4,1,35,14,46.3
702,4.8,16.6,51,7,7,7,71,20,51.2
703,13.6,15.7,55,8,1,3,62,19,67.8
704,5.0,29.9,12,6,8,4,78,5,48.3
705,13.2,14.8,59,8,8,0,30,20,61.9
706,11.9,16.8,95,8,6,7,70,19,76.5
707,6.1,26.0,19,1,10,4,41,4,49.7
708,14.5,20.4,0,1,9,5,12,13,55.5
709,6.1,14.3,75,1,9,12,74,12,58.0
710,15.2,24.0,16,2,1,8,5,8,84.4
711,12.0,16.7,2,2,10,5,14,20,57.8
712,2.1,22.8,12,7,6,9,53,10,49.4
713,8.6,25.9,92,5,12,3,24,9,63.4
714,3.9,13.9,53,5,5,11,52,11,51.8
715,8.9,11.8,58,7,12,8,63,5,54.9
716,1.5,14.6,75,6,5,1,44,7,42.0
717,2.0,21.6,69,7,5,2,32,7,50.9
718,9.9,30.0,86,7,11,12,29,11,80.9
719,13.0,21.8,100,1,8,7,41,11,62.2
720,3.4,22.6,23,5,9,9,67,10,51.0
721,10.2,15.8,87,3,10,10,4,1,63.0
722,12.9,18.5,77,4,9,11,78,2,75.2
723,15.2,20.0,84,3,1,3,49,9,76.6
724,8.2,7.4,46,2,2,0,45,15,39.0
725,17.9,15.9,32,4,7,7,3,10,70.6
726,17.6,15.4,28,8,9,11,38,10,70.0
727,14.8,18.7,48,3,4,4,41,18,80.2
728,6.6,24.4,3,5,3,9,7,17,56.9
729,3.5,19.4,46,2,7,8,56,5,49.5
730,4.0,23.5,87,5,1,12,61,14,63.5
731,16.5,21.8,94,2,3,1,15,9,81.4
732,1.4,21.7,0,6,12,12,74,2,42.6
733,7.9,16.0,42,8,12,7,76,17,60.9
734,15.2,17.5,11,8,9,2,29,12,68.4
735,4.3,18.8,3,6,8,7,70,5,45.4
736,2.7,16.2,83,5,6,2,61,10,47.4
737,4.8,20.4,61,3,5,0,77,2,46.1
738,12.9,13.5,58,6,1,3,76,6,65.0
739,11.4,23.4,64,8,7,5,34,11,75.9
740,2.1,18.3,45,3,4,0,57,20,40.4
741,3.2,10.4,11,1,11,2,33,7,18.1
742,10.8,25.3,94,7,11,12,34,8,72.1
743,10.0,26.5,3,1,9,7,0,4,60.2
744,13.1,25.4,4,8,1,8,14,12,82.2
745,4.5,14.0,100,6,1,4,24,11,59.3
746,9.9,13.2,11,2,9,8,70,12,48.5
747,14.9,17.1,0,6,8,12,53,18,76.0
748,17.3,14.3,34,6,1,1,29,19,70.2
749,13.8,22.8,22,3,5,10,46,12,78.6
750,15.8,14.4,47,3,7,9,25,7,73.6
751,4.1,16.1,31,7,2,7,15,19,53.3
752,9.0,20.8,8,7,7,2,21,6,55.3
753,17.6,17.6,68,7,6,6,8,5,88.8
754,11.3,12.3,91,5,11,1,46,19,59.6
755,3.1,19.9,9,2,8,12,71,18,38.5
756,7.2,15.4,38,8,3,5,58,10,58.8
757,3.8,20.1,61,2,12,11,40,15,52.1
758,15.0,19.6,45,6,11,11,64,10,72.4
759,3.2,19.2,81,2,1,2,33,11,56.4
760,8.2,12.8,43,5,9,0,56,2,46.0
761,9.0,14.7,58,4,8,5,55,3,54.3
762,9.3,19.9,33,7,11,5,36,19,63.7
763,15.1,10.6,4,5,12,4,24,7,55.3
764,1.3,26.7,95,4,12,7,44,10,55.8
765,3.7,19.0,54,4,2,6,17,17,44.1
766,4.0,19.3,77,5,8,3,60,17,49.6
767,8.4,12.3,69,3,10,0,70,8,46.6
768,16.5,15.6,92,6,12,11,77,14,81.3
769,13.3,15.1,27,6,1,12,56,19,76.8
770,8.3,8.4,36,8,6,3,72,8,42.2
771,6.4,11.5,58,8,7,0,52,5,41.4
772,14.6,25.3,30,6,9,0,4,5,72.8
773,11.8,11.9,68,2,7,5,5,4,54.3
774,12.8,18.6,89,8,1,0,75,20,78.4
775,16.1,23.3,56,2,4,10,48,14,87.2
776,1.4,15.2,100,8,6,12,25,7,62.6
777,14.7,19.6,11,2,6,12,23,18,65.7
778,17.8,16.5,38,6,8,0,1,19,70.5
779,9.2,15.5,56,8,9,5,48,8,60.6
780,1.8,23.8,21,8,7,12,25,4,59.9
781,2.2,15.9,47,1,7,6,19,2,43.6
782,16.4,5.8,28,6,4,12,6,17,69.5
783,3.6,11.3,93,2,9,3,5,15,38.4
784,14.0,16.5,31,8,1,2,57,4,71.3
785,13.7,22.0,36,5,7,9,70,5,80.2
786,7.6,13.4,29,4,11,5,45,11,49.1
787,4.5,25.1,70,6,5,9,46,17,61.3
788,2.6,7.2,58,7,3,12,2,20,57.3
789,5.5,14.0,60,6,3,11,24,7,58.0
790,11.6,17.5,29,8,8,7,7,11,68.4
791,15.0,15.3,49,4,6,0,60,13,67.2
792,8.9,13.6,93,2,2,2,60,12,71.2
793,2.6,22.0,1,8,12,3,8,15,38.2
794,14.9,10.4,22,3,7,5,68,19,55.9
795,9.3,13.7,18,7,3,11,2,9,65.1
796,8.3,15.7,46,8,10,9,19,2,69.2
797,13.5,7.7,50,3,6,0,8,5,52.1
798,1.2,17.1,61,6,9,9,67,10,39.2
799,3.7,18.5,33,6,11,4,47,8,31.4
800,1.1,19.0,87,6,1,6,26,3,59.5
801,5.0,23.8,71,2,6,9,29,10,59.9
802,8.6,13.9,14,3,11,11,7,6,52.7
803,3.7,22.3,58,4,12,0,21,13,41.1
804,1.1,18.8,39,3,6,11,19,16,39.6
805,1.9,14.3,35,8,6,5,39,12,44.8
806,6.7,11.1,83,1,8,10,38,4,53.5
807,8.2,23.3,58,7,8,5,64,15,62.7
808,3.6,7.0,61,3,12,1,21,11,35.1
809,9.1,21.7,45,7,12,9,42,11,67.7
810,11.6,17.9,65,2,2,6,20,11,65.2
811,6.5,23.6,75,1,3,10,8,14,57.3
812,9.6,12.6,76,1,2,2,50,9,47.9
813,3.8,7.8,6,7,7,4,11,2,40.9
814,6.9,18.9,83,1,11,11,19,1,58.8
815,7.2,20.5,79,5,7,9,79,14,69.1
816,12.3,21.8,94,7,4,12,19,4,79.9
817,14.1,17.7,38,4,2,10,32,12,67.8
818,6.1,16.0,55,1,12,10,37,14,51.5
819,12.3,15.8,90,8,8,1,47,13,63.2
820,4.9,19.9,84,6,3,9,70,5,63.4
821,15.9,10.5,73,7,10,3,71,2,72.8
822,2.7,17.0,56,3,10,12,0,10,51.8
823,11.0,18.9,78,4,3,8,75,13,76.7
824,4.6,26.6,83,3,10,10,62,1,59.9
825,6.1,15.5,100,4,8,5,3,14,59.0
826,7.2,11.6,84,1,10,2,79,4,45.0
827,3.8,27.0,54,3,9,9,64,14,56.2
828,9.7,19.1,29,5,7,10,28,18,62.5
829,16.2,22.8,60,7,11,7,39,19,86.9
830,17.6,13.1,31,7,7,2,2,18,63.2
831,2.3,8.3,55,4,12,7,41,1,43.7
832,1.9,15.2,18,3,3,10,76,2,34.0
833,7.2,20.0,1,8,3,4,48,4,56.9
834,17.1,21.3,63,5,5,4,53,17,80.5
835,13.2,22.6,44,4,4,2,73,14,61.2
836,6.6,12.9,29,8,10,6,21,14,44.8
837,17.2,17.5,37,3,5,5,80,12,72.2
838,16.0,7.3,98,6,12,12,3,7,75.1
839,7.5,10.4,14,6,5,12,49,9,53.8
840,17.1,14.2,43,4,11,0,53,15,62.7
841,14.8,16.3,82,2,7,11,61,1,76.5
842,12.8,23.8,75,1,2,2,26,16,72.8
843,13.9,20.3,39,7,3,1,7,1,73.0
844,16.9,24.5,56,6,8,5,78,17,82.9
845,13.1,6.6,8,7,3,0,46,2,55.4
846,12.2,18.1,46,2,2,5,20,3,64.0
847,8.6,9.9,81,5,11,2,78,16,51.9
848,17.3,21.9,77,5,5,3,10,16,86.0
849,5.3,14.6,37,7,4,1,29,19,46.0
850,15.8,18.2,62,1,9,1,8,18,62.4
851,4.7,21.2,37,2,3,1,1,19,52.0
852,4.5,17.2,56,8,7,7,80,18,59.5
853,4.5,10.6,41,5,6,11,51,20,49.5
854,16.2,12.3,45,8,10,3,18,19,66.5
855,13.3,10.6,45,4,1,8,6,18,60.3
856,5.0,12.1,45,7,11,10,13,15,49.1
857,3.3,13.5,69,6,6,11,54,7,54.0
858,12.8,20.5,83,5,7,12,48,8,84.5
859,3.0,5.0,53,5,8,12,58,9,40.1
860,16.6,31.6,56,5,11,4,49,14,78.7
861,2.7,16.0,56,7,4,6,78,18,53.1
862,12.2,17.4,3,3,9,1,73,20,61.3
863,4.2,13.2,56,4,3,5,62,18,45.0
864,11.8,14.5,99,8,1,5,70,6,77.3
865,16.5,14.9,69,7,7,11,62,19,77.5
866,15.1,12.3,6,6,2,2,25,16,63.1
867,11.3,23.8,56,2,3,12,26,16,78.8
868,9.2,15.7,99,5,5,12,46,1,73.8
869,8.0,17.2,85,8,11,9,69,20,70.4
870,12.8,14.4,64,2,10,10,71,3,62.9
871,13.8,34.5,94,5,10,8,5,1,86.0
872,11.9,14.0,11,4,10,1,13,11,40.1
873,8.8,20.5,15,3,8,7,41,4,55.0
874,13.4,24.4,77,5,11,1,33,12,76.0
875,6.6,11.3,50,6,6,9,53,20,52.2
876,5.0,12.7,61,3,2,6,65,19,47.7
877,1.4,11.3,59,6,11,8,1,9,39.6
878,3.9,19.9,94,1,7,6,37,5,54.8
879,17.5,20.7,85,6,12,11,31,15,91.4
880,11.6,23.6,24,1,6,0,9,10,53.2
881,7.1,12.5,70,3,10,11,77,10,51.8
882,17.2,18.3,35,6,3,9,42,6,80.6
883,1.7,15.2,91,3,5,7,69,10,46.3
884,6.1,20.5,18,2,10,6,3,18,43.0
885,7.8,5.0,85,6,6,7,46,1,55.7
886,4.8,28.8,65,2,7,2,3,15,62.3
887,14.7,14.0,74,4,10,9,26,3,75.6
888,5.1,22.7,93,6,10,11,79,1,57.9
889,9.0,12.4,53,7,8,10,71,17,56.9
890,17.5,19.5,37,4,2,9,60,1,77.7
891,9.1,14.6,29,2,10,3,72,3,40.6
892,4.6,14.7,41,3,5,2,60,3,47.1
893,10.9,26.7,27,4,10,7,70,11,67.5
894,15.5,28.3,49,1,4,12,65,12,94.8
895,6.7,11.9,64,6,1,3,58,5,54.7
896,1.8,15.9,9,2,3,1,61,19,35.0
897,7.9,9.7,33,7,9,4,79,20,48.7
898,14.6,25.5,68,1,10,1,51,3,72.8
899,3.2,23.1,73,1,3,9,60,8,56.3
900,5.8,22.1,19,1,7,11,44,12,57.9
901,4.0,11.1,12,8,10,7,64,17,45.6
902,16.3,19.0,55,4,2,6,48,7,72.0
903,15.1,15.7,61,3,7,8,51,14,63.3
904,2.9,15.0,0,2,5,12,15,18,42.2
905,2.7,18.1,6,8,5,11,3,14,52.6
906,4.5,22.5,44,2,11,11,60,16,55.7
907,13.9,24.8,49,6,6,1,69,4,74.2
908,2.0,20.6,34,3,11,0,59,19,24.3
909,10.4,25.1,6,1,3,0,78,4,57.9
910,12.8,19.2,62,4,6,3,15,7,63.9
911,16.6,17.6,67,3,6,3,48,7,71.7
912,17.4,20.8,21,5,2,5,32,13,78.7
913,8.1,19.0,38,3,6,2,33,7,57.2
914,15.4,18.8,2,6,7,0,0,11,65.8
915,17.8,26.8,9,8,9,2,74,16,78.0
916,17.9,24.2,88,5,7,12,2,8,94.7
917,15.3,19.3,68,2,12,10,16,4,70.5
918,11.3,17.1,26,4,7,6,7,5,58.0
919,2.3,21.6,3,2,3,11,39,7,54.3
920,10.2,22.9,43,8,11,9,71,2,66.1
921,0.7,17.1,81,6,9,2,78,9,43.0
922,14.5,13.2,34,5,9,12,45,15,67.3
923,3.8,7.2,31,7,1,5,80,9,45.4
924,8.8,28.8,4,7,3,4,62,13,74.3
925,2.8,18.9,59,5,1,5,3,3,57.8
926,14.6,17.7,60,2,2,12,14,6,86.8
927,8.3,23.9,35,6,3,0,63,12,59.1
928,7.2,28.4,46,2,8,6,33,18,57.5
929,1.4,12.8,84,2,2,2,64,9,44.1
930,12.7,27.7,41,2,6,9,80,18,79.1
931,1.0,25.9,37,2,7,10,7,9,50.8
932,5.7,24.8,10,2,12,9,65,17,51.7
933,14.9,16.5,54,3,8,8,4,10,72.6
934,8.6,17.9,38,2,11,0,71,1,43.2
935,5.6,21.7,60,8,2,6,11,20,61.9
936,15.4,19.9,13,3,1,1,39,18,71.7
937,4.5,18.6,96,7,12,10,26,16,52.9
938,17.7,23.7,43,4,3,8,38,7,83.5
939,5.6,21.8,54,6,1,3,23,9,55.4
940,4.6,14.4,61,8,10,4,52,2,46.2
941,16.2,9.6,22,4,2,3,77,19,60.7
942,0.8,17.8,5,4,8,6,24,6,31.6
943,15.9,18.1,74,1,7,10,54,12,76.7
944,10.3,11.7,91,4,4,12,39,14,68.3
945,14.6,12.7,34,5,3,5,71,16,58.0
946,7.9,10.2,73,5,9,12,61,18,64.1
947,4.9,16.9,20,8,10,6,5,18,48.8
948,8.3,8.2,84,5,8,1,26,5,49.9
949,3.8,23.1,15,3,12,4,31,10,42.0
950,1.1,16.5,43,1,4,12,19,2,46.7
951,6.5,19.1,36,3,11,11,38,5,53.6
952,11.6,30.4,77,1,6,8,5,12,84.2
953,4.6,19.1,51,1,1,10,17,6,52.5
954,2.4,9.5,85,7,10,8,43,9,49.8
955,13.3,24.7,28,3,1,11,2,20,75.9
956,0.8,17.7,27,5,3,1,30,17,35.3
957,15.6,9.8,59,6,4,1,77,17,68.6
958,0.7,10.2,93,5,5,0,80,7,34.8
959,4.6,17.0,18,7,8,11,46,5,52.5
960,8.2,15.7,62,4,2,0,51,15,55.1
961,5.0,26.3,24,6,2,5,78,2,53.0
962,9.7,13.4,62,5,10,1,12,18,52.2
963,14.0,20.9,42,1,5,12,2,20,78.9
964,9.2,20.3,96,6,2,9,27,3,73.3
965,8.7,12.6,88,4,11,0,11,12,46.0
966,11.2,20.5,46,7,11,3,62,4,69.2
967,6.2,17.0,22,7,7,1,32,9,43.2
968,7.7,17.0,98,2,7,10,17,10,66.5
969,7.6,18.1,37,1,3,1,13,13,51.2
970,5.2,23.9,54,5,8,8,46,10,56.9
971,9.9,20.7,19,6,4,0,12,20,59.6
972,17.8,30.1,62,8,6,9,40,4,95.6
973,11.4,17.3,6,5,12,10,8,12,62.0
974,2.2,13.7,82,5,8,11,11,19,56.1
975,4.9,22.2,4,3,5,1,30,12,49.7
976,9.2,6.7,48,7,8,8,24,2,51.1
977,2.5,28.7,83,5,2,9,8,11,61.2
978,11.7,31.7,30,6,6,2,25,18,70.5
979,12.6,27.2,27,7,9,2,70,18,59.7
980,11.4,22.1,15,3,9,5,48,8,61.9
981,10.1,17.5,90,5,9,10,79,7,70.0
982,5.1,22.3,23,8,1,4,52,6,55.5
983,7.0,14.2,66,6,12,8,21,17,56.6
984,5.0,21.2,99,5,11,4,51,5,49.5
985,9.1,19.7,75,4,8,9,48,2,64.4
986,15.7,22.4,77,1,3,0,80,11,80.5
987,6.7,12.3,84,1,12,9,67,14,51.5
988,13.0,20.9,60,2,4,9,31,6,73.3
989,7.9,16.8,91,8,11,2,39,5,63.3
990,8.7,13.3,96,2,1,3,17,3,69.1
991,16.8,14.5,41,8,9,5,14,12,66.1
992,5.3,19.3,95,4,1,3,71,20,68.4
993,16.0,20.8,100,5,6,0,44,18,78.7
994,2.2,5.0,85,2,3,8,25,9,35.4
995,13.6,14.8,94,4,3,11,15,17,80.4
996,6.8,27.2,80,6,9,7,24,19,69.6
997,15.7,29.0,19,7,4,7,45,16,77.7
998,2.1,20.8,54,2,9,7,58,1,49.0
999,14.7,17.2,2,1,1,9,42,1,65.0
1000,15.0,14.3,15,2,4,4,32,1,65.0
1001,17.6,28.7,39,1,8,1,63,7,75.1
1002,13.3,17.8,99,6,10,4,17,19,72.1
1003,3.8,22.8,27,3,8,7,24,3,43.6
1004,12.7,9.7,13,2,2,5,33,16,54.2
1005,5.9,14.0,52,6,10,1,63,6,39.4
1006,17.7,27.3,39,7,2,12,30,13,97.2
1007,14.8,22.7,63,8,11,3,46,19,74.0
1008,10.4,19.3,54,6,6,5,69,5,60.2
1009,2.1,9.0,67,1,2,7,53,1,35.7
1010,7.0,20.9,81,2,6,5,66,3,63.2
1011,11.0,21.3,48,7,6,8,24,19,74.4
1012,17.0,24.8,30,4,2,5,34,20,73.4
1013,3.2,10.6,82,8,1,10,67,19,56.0
1014,5.7,11.5,4,2,1,0,20,1,42.3
1015,13.6,18.5,94,7,5,4,42,11,83.9
1016,17.7,18.1,36,1,1,3,7,12,85.1
1017,17.9,16.3,81,8,4,5,2,2,85.8
1018,5.4,14.8,48,7,9,4,43,11,49.2
1019,13.3,12.2,65,6,8,11,55,8,74.4
1020,3.3,17.9,29,7,11,12,5,9,50.1
1021,1.6,11.3,0,2,8,7,74,11,25.4
1022,11.2,15.6,42,5,1,12,9,20,69.0
1023,7.5,21.4,56,1,3,4,39,12,64.1
1024,10.8,13.0,9,7,4,12,15,1,61.6
1025,6.6,16.5,97,3,10,11,19,14,54.9
1026,0.6,30.2,3,4,4,3,70,18,45.4
1027,4.0,10.7,17,1,12,2,71,5,26.0
1028,1.1,14.8,10,6,11,11,11,9,39.5
1029,14.7,19.0,13,6,11,10,20,16,63.5
1030,2.0,25.8,92,2,11,3,15,1,46.6
1031,3.2,22.5,57,8,4,3,13,4,52.3
1032,1.6,25.6,30,4,1,8,25,3,54.4
1033,14.8,22.9,63,2,3,8,73,18,90.5
1034,11.1,13.9,30,4,11,5,43,20,46.1
1035,3.8,14.8,2,6,7,10,59,9,37.3
1036,4.1,17.6,28,2,8,3,48,12,40.6
1037,3.9,19.3,81,8,1,7,47,14,64.0
1038,3.2,24.7,38,6,2,12,12,12,63.1
1039,8.1,15.6,53,5,8,1,75,2,55.9
1040,16.7,20.0,62,8,7,9,30,4,77.2
1041,17.1,23.0,28,1,4,11,74,12,76.6
1042,17.4,8.5,62,8,3,5,56,6,79.6
1043,2.3,19.8,98,3,1,2,50,13,58.1
1044,14.0,18.4,74,2,6,12,64,18,77.7
1045,6.6,15.7,91,3,7,8,60,19,61.2
1046,9.9,15.0,48,4,6,4,0,14,57.9
1047,5.8,5.0,22,4,2,5,80,4,38.0
1048,12.6,9.1,28,6,10,7,24,15,50.0
1049,6.2,17.6,81,6,9,2,33,11,52.8
1050,15.9,13.7,31,8,6,5,77,4,79.6
1051,4.2,24.0,44,2,2,5,41,13,52.8
1052,7.0,12.4,18,2,9,10,4,10,46.6
1053,13.6,12.9,78,5,4,1,46,14,68.5
1054,2.6,23.3,13,1,9,9,40,15,40.3
1055,1.5,17.5,96,4,4,6,67,3,49.4
1056,2.3,23.0,75,4,7,5,57,19,47.1
1057,12.6,13.6,58,6,3,6,43,1,64.2
1058,17.3,12.0,87,7,8,2,45,3,79.5
1059,8.6,25.0,18,6,5,0,23,3,51.6
1060,8.1,22.4,46,8,11,3,48,5,53.5
1061,2.1,11.0,24,4,7,10,33,9,36.2
1062,2.3,12.9,53,4,3,11,12,4,46.6
1063,4.1,31.1,69,7,8,10,73,15,64.2
1064,9.4,19.3,46,6,5,0,65,4,54.6
1065,5.8,32.5,11,7,7,7,33,12,61.7
1066,6.5,18.9,18,1,7,5,70,17,51.0
1067,11.0,18.0,76,7,11,12,70,1,73.7
1068,16.1,21.0,69,3,2,4,36,11,74.0
1069,2.2,26.3,70,8,10,10,25,11,59.2
1070,2.7,18.2,82,5,5,8,13,18,52.0
1071,3.9,16.8,75,5,7,12,4,17,58.1
1072,14.9,16.7,21,5,1,3,21,7,62.2
1073,7.6,16.2,87,2,8,8,34,9,53.1
1074,15.5,20.5,3,4,5,11,37,9,79.2
1075,9.2,26.8,6,2,4,2,74,13,61.0
1076,3.4,21.4,56,5,9,4,58,20,56.1
1077,11.9,14.7,94,2,2,9,66,15,74.7
1078,3.7,16.7,98,7,5,3,42,1,52.8
1079,14.8,13.9,6,2,12,1,15,7,51.8
1080,3.7,17.9,100,6,7,4,75,6,55.1
1081,4.2,9.7,33,2,4,10,1,7,41.8
1082,15.3,22.8,75,2,1,10,80,16,81.7
1083,14.8,19.1,16,3,9,3,6,8,58.7
1084,11.3,15.5,36,1,8,7,35,19,55.5
1085,8.6,17.6,12,2,5,8,42,15,55.3
1086,12.4,17.8,2,1,9,3,17,6,53.6
1087,4.7,19.0,74,6,2,6,53,17,61.8
1088,1.1,18.6,82,1,10,6,58,18,39.0
1089,6.7,23.7,58,8,12,0,61,11,43.7
1090,11.4,22.7,88,1,7,7,43,5,66.2
1091,3.8,6.2,78,3,6,4,17,15,34.8
1092,13.2,19.6,50,7,3,1,49,11,73.1
1093,15.6,31.0,81,6,6,12,52,8,89.5
1094,7.2,14.4,18,1,8,12,16,5,51.5
1095,6.5,20.2,7,2,1,0,30,16,42.9
1096,2.7,15.5,73,8,5,10,74,15,45.2
1097,14.6,8.5,57,1,3,9,65,10,63.8
1098,7.2,25.1,92,1,1,0,65,12,62.1
1099,17.4,22.3,46,4,8,11,46,5,91.1
1100,8.8,5.1,45,5,11,0,72,4,42.6
1101,10.5,16.5,68,6,3,0,21,20,62.1
1102,6.2,21.1,50,8,12,10,76,19,60.5
1103,9.6,21.6,53,1,8,7,2,8,69.4
1104,13.3,9.4,13,8,3,7,77,2,60.9
1105,5.1,22.0,97,6,12,2,45,15,53.0
1106,11.4,18.8,61,1,1,10,36,20,75.2
1107,17.8,9.8,80,8,10,9,4,16,73.0
1108,7.1,16.4,93,6,10,2,31,4,44.9
1109,3.7,21.8,59,3,10,0,75,11,39.0
1110,16.6,23.7,69,1,12,0,64,16,62.2
1111,1.9,17.0,66,1,3,6,28,13,49.4
1112,17.5,26.1,30,3,11,5,48,4,73.5
1113,17.1,18.0,35,5,9,3,42,17,77.4
1114,6.6,20.2,3,8,7,1,58,18,45.3
1115,9.2,22.8,12,5,12,4,52,3,64.0
1116,3.1,12.5,48,7,5,10,27,1,55.4
1117,10.8,18.5,16,6,11,2,60,9,60.3
1118,1.0,11.3,54,7,12,6,11,11,42.5
1119,15.2,9.0,66,5,11,8,41,4,69.8
1120,2.4,14.2,55,5,9,0,73,18,29.5
1121,16.6,13.6,86,7,10,7,1,19,77.4
1122,4.4,17.6,20,5,2,11,3,2,52.7
1123,6.8,21.2,79,1,1,9,36,16,58.9
1124,1.0,17.6,76,7,7,0,53,14,42.7
1125,7.1,14.0,48,7,5,1,30,8,50.3
1126,1.6,19.4,9,2,8,11,19,13,37.7
1127,16.7,12.3,75,2,5,10,64,17,73.7
1128,14.8,17.8,64,4,5,2,76,19,63.1
1129,17.6,25.1,85,4,8,2,30,6,84.1
1130,8.4,17.3,97,2,5,2,10,15,58.5
1131,11.5,5.6,100,7,11,5,71,11,64.4
1132,9.5,5.0,90,4,10,8,62,13,58.4
1133,17.6,23.1,22,8,2,9,8,6,88.4
1134,10.2,22.0,8,8,7,8,51,19,63.6
1135,14.5,17.8,49,7,4,1,62,7,72.1
1136,6.1,24.4,55,3,4,9,4,13,66.4
1137,13.3,20.5,8,1,12,10,48,18,58.3
1138,13.5,21.4,3,3,2,0,33,10,54.7
1139,7.9,12.9,72,8,2,11,74,2,66.6
1140,4.4,25.1,71,1,4,3,73,7,58.3
1141,3.1,29.3,93,1,5,2,34,6,60.6
1142,14.6,27.4,16,2,6,7,45,11,71.6
1143,17.1,19.3,2,5,8,9,59,15,69.8
1144,4.0,20.4,93,1,1,9,69,6,58.8
1145,10.0,25.4,15,6,6,8,31,7,70.3
1146,11.6,16.4,99,6,11,8,0,14,62.1
1147,2.5,23.8,85,3,11,12,58,3,53.5
1148,15.8,14.1,96,4,11,0,63,12,65.8
1149,3.9,26.7,67,4,10,0,52,5,51.7
1150,12.1,26.1,26,6,5,10,64,10,69.3
1151,9.9,27.1,41,4,2,1,24,4,61.7
1152,12.9,21.5,24,8,4,6,15,9,71.7
1153,10.7,11.8,92,2,11,10,17,5,66.0
1154,3.3,20.3,94,4,9,7,8,17,48.0
1155,1.5,20.1,23,8,4,1,20,11,43.2
1156,12.4,17.5,76,1,7,10,62,5,71.7
1157,16.3,18.2,64,2,7,0,23,16,67.9
1158,9.0,30.8,8,5,2,6,23,17,65.6
1159,16.3,21.0,39,5,6,1,44,2,72.6
1160,18.0,24.9,21,3,1,7,1,20,83.4
1161,10.2,22.1,57,1,10,7,35,8,68.1
1162,6.1,15.1,20,7,10,4,16,19,46.1
1163,4.1,20.8,48,6,6,9,60,14,54.8
1164,10.7,17.1,11,8,4,9,80,14,68.9
1165,16.5,24.0,36,6,4,8,79,14,86.3
1166,1.1,14.0,74,4,3,11,69,10,50.2
1167,9.4,11.8,83,3,5,7,63,8,55.7
1168,17.8,18.5,22,2,9,5,58,2,65.4
1169,14.3,19.8,20,4,2,10,75,8,80.5
1170,13.1,15.7,88,6,9,5,12,11,77.1
1171,5.5,15.9,62,2,6,6,53,12,42.6
1172,1.2,19.2,45,8,8,0,59,18,38.6
1173,14.0,18.2,72,8,3,8,39,6,89.0
1174,15.0,16.6,93,1,1,0,80,1,72.4
1175,2.8,23.6,42,4,9,5,5,5,45.6
1176,2.6,19.3,31,7,8,9,13,11,41.6
1177,3.5,23.8,77,4,10,10,71,10,57.7
1178,10.4,21.6,11,3,5,5,57,6,54.3
1179,10.3,13.9,21,3,11,8,48,15,55.1
1180,7.2,17.5,30,2,3,10,18,16,48.8
1181,17.6,24.2,35,6,2,0,14,16,78.7
1182,13.5,19.8,86,8,10,2,7,10,78.7
1183,9.7,28.5,66,1,10,7,49,14,74.5
1184,3.7,18.5,94,3,2,9,80,12,58.6
1185,1.8,17.1,84,8,6,8,38,3,51.6
1186,9.0,12.4,40,5,7,12,79,16,57.3
1187,16.3,7.1,3,2,8,10,75,8,60.7
1188,12.8,12.5,55,4,7,7,0,5,63.7
1189,16.5,28.0,7,1,5,7,62,8,75.8
1190,5.2,8.3,97,5,7,2,6,16,43.2
1191,7.2,27.2,18,1,5,4,58,17,52.4
1192,8.9,23.2,27,2,1,6,68,17,66.2
1193,4.4,5.4,84,6,8,4,25,11,44.0
1194,11.4,14.0,45,8,11,1,1,1,56.4
1195,3.1,25.1,3,7,7,5,77,5,52.2
1196,9.8,25.6,57,7,6,11,6,15,82.9
1197,8.9,22.8,64,5,1,12,79,13,77.0
1198,6.0,20.3,100,1,1,3,3,8,59.6
1199,1.5,24.7,56,2,5,1,2,15,48.9
1200,5.8,21.0,27,7,8,12,8,15,60.8
1201,7.4,7.2,56,8,1,12,1,9,57.6
1202,5.5,13.8,7,2,8,8,13,11,50.6
1203,6.8,8.5,77,3,2,0,54,13,40.7
1204,6.4,16.4,55,7,8,9,73,18,57.9
1205,7.4,27.8,59,5,3,4,35,6,70.9
1206,4.6,11.6,21,4,1,2,15,10,35.9
1207,2.1,7.0,14,4,11,11,64,3,39.2
1208,2.6,20.4,34,2,7,6,45,1,33.3
1209,7.8,5.0,94,8,12,7,37,2,60.1
1210,13.0,16.7,17,6,8,6,32,19,61.1
1211,6.8,19.0,69,8,4,8,27,4,70.8
1212,4.7,27.2,99,6,6,1,19,8,62.8
1213,11.5,20.4,100,4,2,0,56,1,69.1
1214,5.3,29.5,93,7,11,10,62,6,67.4
1215,7.2,14.8,48,7,3,4,51,3,55.8
1216,15.0,21.7,98,5,2,2,31,11,80.8
1217,8.0,12.6,81,8,7,7,70,10,57.3
1218,6.1,21.4,48,5,10,0,45,7,47.3
1219,5.6,23.9,82,5,5,0,63,1,57.8
1220,10.8,14.2,81,2,9,4,80,5,58.8
1221,18.0,18.3,44,5,8,2,15,13,74.5
1222,10.4,18.5,100,6,11,8,45,3,67.5
1223,14.8,28.0,7,8,5,2,32,3,77.5
1224,0.7,18.5,92,5,1,9,54,6,60.8
1225,17.8,16.5,8,3,12,10,6,4,67.6
1226,9.2,16.5,70,1,3,4,71,10,59.4
1227,15.1,5.0,70,1,4,2,46,7,58.5
1228,17.7,15.6,34,7,5,4,72,8,77.9
1229,10.7,21.0,37,5,7,10,56,20,60.2
1230,15.4,15.3,92,7,10,12,65,2,81.3
1231,1.7,16.3,92,2,10,6,54,9,46.9
1232,15.4,18.8,92,3,2,3,79,13,78.5
1233,2.9,23.6,24,8,3,11,57,4,60.5
1234,1.2,19.4,67,1,8,3,33,14,36.3
1235,6.0,19.0,58,8,3,0,7,11,49.4
1236,8.9,19.5,25,8,9,5,41,16,58.6
1237,11.7,12.2,63,7,3,5,62,7,65.0
1238,3.8,11.2,42,3,10,11,32,10,41.5
1239,11.1,11.3,87,7,5,4,31,20,58.7
1240,1.1,19.5,21,5,1,1,70,15,36.8
1241,17.4,11.4,63,2,5,11,34,6,70.6
1242,16.4,21.4,29,7,12,10,41,14,77.8
1243,7.7,12.6,18,7,9,10,66,20,63.4
1244,6.5,16.9,56,5,6,11,31,4,60.4
1245,9.0,23.9,59,7,3,2,24,1,67.6
1246,17.2,31.9,82,7,8,2,22,1,97.3
1247,12.2,20.2,74,2,8,7,25,15,72.9
1248,14.3,5.1,95,8,12,8,47,16,69.1
1249,12.1,15.8,5,4,8,6,11,18,57.4
1250,17.9,20.8,61,6,4,10,52,2,87.2
1251,2.3,22.0,20,4,1,6,56,19,47.1
1252,16.0,12.8,27,1,5,9,67,3,59.5
1253,6.3,5.5,31,5,4,7,35,14,44.8
1254,1.9,17.0,0,7,5,6,61,6,34.2
1255,5.5,13.2,82,7,7,12,1,18,59.7
1256,2.0,12.6,62,5,11,5,16,17,42.9
1257,14.1,7.1,89,3,7,6,63,9,61.3
1258,12.1,17.7,91,4,3,3,11,5,63.3
1259,9.0,5.8,30,1,9,3,0,17,38.9
1260,14.9,13.5,93,4,2,5,78,13,75.8
1261,6.4,15.5,100,5,10,11,41,17,61.1
1262,9.4,14.9,5,7,10,0,8,8,53.8
1263,10.3,16.9,95,5,3,12,73,11,73.6
1264,8.8,25.7,2,7,11,7,11,13,55.2
1265,3.6,26.6,67,8,12,7,72,11,55.6
1266,13.2,16.3,40,5,5,11,48,12,66.3
1267,4.5,12.1,62,2,4,0,63,10,45.1
1268,1.9,10.0,67,8,4,9,6,13,43.6
1269,5.0,10.4,90,4,4,8,18,12,57.3
1270,7.3,11.7,98,1,12,4,47,8,48.3
1271,12.9,21.4,10,1,10,2,21,10,49.0
1272,10.2,19.6,44,8,10,8,9,12,70.2
1273,16.7,10.8,12,2,11,2,52,8,52.2
1274,9.9,12.7,99,2,3,1,57,1,51.5
1275,5.8,24.2,62,5,12,6,64,14,58.5
1276,16.1,6.2,36,5,2,5,71,19,60.8
1277,1.0,19.6,56,8,5,8,39,6,49.2
1278,3.9,23.6,10,8,1,9,57,15,66.7
1279,14.0,13.9,98,2,7,3,62,13,61.9
1280,6.0,20.7,9,4,12,12,60,12,48.2
1281,17.1,20.0,27,2,5,11,73,18,75.9
1282,1.9,17.8,28,2,3,10,47,9,48.7
1283,2.0,10.3,61,4,6,4,51,19,41.3
1284,6.0,16.5,69,8,12,6,43,18,49.0
1285,12.8,9.5,98,7,10,9,19,12,67.8
1286,15.4,10.9,40,5,12,12,3,2,69.4
1287,5.0,24.7,65,8,4,4,7,12,65.2
1288,6.8,14.5,10,6,5,7,42,2,45.0
1289,13.5,7.3,68,7,3,5,21,20,61.0
1290,11.3,21.7,79,5,6,4,27,6,73.2
1291,10.2,24.2,47,8,1,12,34,8,81.9
1292,12.2,24.7,34,2,8,2,73,2,63.1
1293,10.2,21.3,54,7,7,2,16,17,63.4
1294,2.2,19.4,29,8,8,1,69,3,46.0
1295,2.6,5.0,73,1,11,6,31,1,37.6
1296,8.1,21.9,69,3,10,12,68,8,61.1
1297,0.9,12.7,0,5,2,11,35,13,45.0
1298,6.6,16.3,29,3,5,4,67,6,42.2
1299,8.8,22.1,94,2,2,10,49,1,73.2
1300,17.7,20.5,35,8,11,2,53,4,78.9
1301,10.7,18.6,67,7,5,3,29,17,70.2
1302,3.3,25.1,93,5,5,0,70,14,52.2
1303,9.1,27.9,97,6,1,11,11,19,86.5
1304,9.0,14.8,80,7,5,5,14,11,66.5
1305,12.8,13.9,56,3,10,1,46,6,55.9
1306,12.9,31.3,11,7,2,1,78,6,77.0
1307,6.1,24.0,95,3,2,11,17,5,68.4
1308,15.0,18.3,100,6,9,11,59,14,92.9
1309,9.2,14.0,76,4,3,12,7,20,64.7
1310,1.2,21.5,99,2,2,10,46,18,60.1
1311,8.5,29.7,89,2,6,3,27,13,67.6
1312,3.2,15.1,27,2,7,2,76,8,31.4
1313,11.7,22.8,96,8,4,9,54,12,93.2
1314,13.0,12.6,26,4,4,1,75,6,51.5
1315,11.8,24.9,6,3,4,1,71,10,59.3
1316,6.4,20.1,67,1,1,9,38,14,64.5
1317,4.6,28.8,9,3,5,6,79,5,60.9
1318,2.0,22.4,41,4,6,4,64,19,36.9
1319,6.4,20.1,73,8,9,5,8,11,57.1
1320,10.0,15.0,61,7,10,12,74,5,65.5
1321,1.7,13.9,28,4,6,6,23,15,33.0
1322,14.8,17.0,15,6,10,2,10,3,57.6
1323,7.4,23.0,6,4,8,8,12,17,51.9
1324,1.9,19.8,25,7,4,2,40,15,44.7
1325,5.5,21.0,5,2,8,9,59,14,41.1
1326,3.6,20.4,21,8,1,3,0,12,57.9
1327,5.2,24.5,40,3,3,9,79,11,62.9
1328,6.7,29.3,37,7,12,8,22,13,66.0
1329,4.8,20.7,71,7,3,10,78,13,65.0
1330,1.6,24.2,11,7,10,8,33,16,49.8
1331,15.4,10.3,51,7,5,10,29,14,77.4
1332,12.6,7.6,82,4,9,4,78,6,63.9
1333,10.9,13.4,6,7,5,9,44,2,60.9
1334,13.4,22.0,30,2,5,7,77,19,62.3
1335,11.3,12.3,8,4,11,1,71,6,39.7
1336,10.1,11.9,74,8,6,9,47,6,70.3
1337,4.3,22.9,52,6,3,10,28,12,62.7
1338,10.5,18.5,0,6,6,10,45,1,61.7
1339,9.2,18.0,57,7,5,11,64,4,71.0
1340,14.4,14.7,66,3,3,2,56,12,66.6
1341,14.8,22.8,25,4,12,2,43,10,61.5
1342,12.4,20.1,43,8,3,8,6,1,72.3
1343,9.0,18.6,22,5,4,11,32,15,61.3
1344,2.0,12.5,88,7,3,0,21,10,45.8
1345,16.2,11.1,88,7,5,10,21,1,87.1
1346,9.3,28.1,60,6,5,4,51,15,71.8
1347,17.4,14.9,70,7,4,4,8,9,69.8
1348,1.9,16.1,38,6,6,0,42,8,27.4
1349,1.5,14.9,88,8,11,2,3,20,43.9
1350,11.2,10.8,65,1,6,9,56,12,67.8
1351,0.9,11.4,60,6,1,6,30,2,45.3
1352,17.3,20.1,65,3,2,5,15,7,84.2
1353,0.7,6.4,14,1,6,6,52,17,18.6
1354,14.1,24.6,92,6,6,6,11,5,86.2
1355,13.7,9.6,83,2,4,8,54,7,67.7
1356,11.5,7.3,34,6,2,3,37,6,58.5
1357,10.9,5.6,46,5,2,5,2,3,55.4
1358,12.7,18.2,55,1,1,2,33,19,61.9
1359,16.0,31.1,22,6,6,9,61,16,94.8
1360,16.0,24.1,57,3,2,10,17,5,91.2
1361,8.1,21.7,86,7,2,9,45,3,76.3
1362,1.7,16.8,41,2,10,7,9,17,40.1
1363,13.8,22.8,40,5,8,12,60,1,77.3
1364,5.5,20.1,81,1,3,7,62,4,54.3
1365,9.0,19.7,1,3,11,7,60,7,52.6
1366,5.3,20.7,34,5,3,10,57,2,61.7
1367,3.2,28.8,91,2,7,2,4,13,54.3
1368,3.3,25.7,0,3,9,4,41,14,35.7
1369,12.2,28.7,93,7,12,1,33,17,77.5
1370,9.9,18.7,18,6,4,2,73,9,56.5
1371,4.0,25.8,48,1,8,5,13,14,46.2
1372,13.8,23.3,76,6,1,9,69,9,88.8
1373,14.8,11.1,20,4,3,12,35,8,71.2
1374,12.5,13.8,76,3,7,10,71,16,73.6
1375,10.5,23.9,72,6,3,12,35,16,83.8
1376,16.1,19.1,63,8,5,5,15,15,77.4
1377,5.6,24.8,71,6,2,8,31,12,68.6
1378,12.5,19.6,33,1,8,6,44,6,63.2
1379,11.0,18.6,88,6,5,3,54,12,67.7
1380,10.9,14.2,64,8,9,11,65,7,79.1
1381,6.6,7.1,65,8,2,10,14,4,57.5
1382,5.3,24.2,3,6,4,10,44,12,61.3
1383,1.6,15.5,79,4,4,1,0,16,48.7
1384,8.0,17.7,20,8,11,1,62,18,47.9
1385,13.3,14.7,48,7,1,0,15,11,65.8
1386,10.7,21.7,54,6,4,7,5,5,74.0
1387,17.2,16.6,23,4,10,10,48,17,66.7
1388,2.5,14.8,39,5,1,7,53,2,48.7
1389,9.2,15.0,35,8,2,8,43,13,62.3
1390,1.9,15.1,3,1,9,8,42,9,34.2
1391,16.8,18.2,1,5,4,11,25,10,72.2
1392,5.3,20.6,55,4,11,6,62,7,56.2
1393,6.5,5.0,83,5,4,8,34,12,51.7
1394,13.9,12.9,4,4,10,1,64,15,54.8
1395,15.8,16.7,69,3,1,2,23,2,77.0
1396,17.4,24.5,18,8,2,9,0,5,93.8
1397,8.3,22.8,50,4,8,9,24,19,65.8
1398,4.6,14.8,20,3,11,2,57,1,30.9
1399,16.8,12.5,60,2,8,4,30,5,70.4
1400,11.0,18.1,34,7,5,7,68,6,63.5
1401,16.3,12.7,27,6,3,12,0,13,86.0
1402,3.7,22.0,15,3,1,8,51,15,45.8
1403,15.0,28.3,52,1,1,2,34,17,77.1
1404,15.2,25.1,4,2,2,7,28,7,70.6
1405,17.6,24.0,72,1,2,2,30,13,76.5
1406,7.0,13.8,27,5,2,10,70,18,53.8
1407,7.6,6.4,32,8,11,7,10,5,43.4
1408,12.5,11.9,80,2,4,2,19,19,62.0
1409,5.6,21.2,24,2,6,5,1,19,53.3
1410,13.5,29.8,57,2,9,11,54,18,81.0
1411,17.1,25.3,99,7,12,9,60,20,93.1
1412,9.8,20.8,34,2,12,9,23,12,57.3
1413,10.7,13.9,96,6,3,4,12,3,50.6
1414,4.8,21.4,28,8,4,10,73,14,62.1
1415,4.3,14.4,17,3,3,8,13,9,47.6
1416,4.6,10.5,17,5,6,7,1,13,42.7
1417,5.8,13.8,96,3,6,7,23,12,61.3
1418,14.2,12.7,59,6,5,0,37,14,68.4
1419,14.1,28.1,12,7,5,1,66,12,76.9
1420,4.7,14.6,93,5,1,1,18,10,56.6
1421,7.4,24.8,60,8,11,0,35,1,59.8
1422,17.4,19.9,48,6,4,10,17,8,87.2
1423,7.5,18.9,56,8,10,4,18,1,60.6
1424,7.7,21.1,18,4,4,2,50,4,55.7
1425,15.4,20.8,77,5,2,10,78,14,85.5
1426,14.3,31.3,13,7,7,3,24,10,78.5
1427,8.4,12.7,27,3,8,2,56,6,43.8
1428,14.8,16.3,28,5,10,7,53,20,68.7
1429,6.5,21.1,73,7,12,10,33,16,63.5
1430,1.1,23.6,63,8,9,3,30,14,46.2
1431,5.5,11.5,57,6,3,2,11,17,48.1
1432,16.2,16.9,32,8,10,8,69,7,73.6
1433,2.1,26.7,5,5,3,6,31,5,42.9
1434,14.4,18.2,90,1,1,6,39,10,72.0
1435,9.1,17.6,1,1,1,12,68,3,58.2
1436,4.7,17.2,93,1,8,5,7,8,53.6
1437,5.9,14.8,42,7,9,3,7,14,45.6
1438,16.4,24.2,86,2,12,11,42,19,86.2
1439,14.9,12.4,69,7,8,6,75,4,73.1
1440,11.3,21.8,6,1,4,10,78,9,58.7
1441,14.0,21.0,93,7,10,11,51,2,83.7
1442,15.2,10.7,59,4,7,2,41,9,64.1
1443,7.2,21.7,31,6,1,11,8,7,75.6
1444,6.9,23.7,46,7,1,3,25,8,58.5
1445,4.4,29.5,73,5,9,6,16,18,62.2
1446,1.1,22.0,63,8,10,11,66,17,52.9
1447,10.2,18.8,86,1,1,0,1,2,64.9
1448,1.0,20.8,82,3,7,5,72,20,45.2
1449,11.8,11.5,75,3,1,6,4,9,56.6
1450,10.7,23.3,42,8,4,2,3,15,64.3
1451,15.6,23.5,10,6,4,2,78,1,73.6
1452,6.0,11.8,4,2,11,9,18,6,43.5
1453,14.4,7.6,19,6,5,12,22,20,56.9
1454,9.3,10.4,6,2,9,7,59,7,39.5
1455,4.0,16.5,52,2,5,0,53,2,35.4
1456,11.8,15.3,36,4,9,3,23,9,54.1
1457,10.8,26.0,11,7,1,1,56,12,73.1
1458,17.9,20.2,10,6,7,2,77,1,72.4
1459,13.9,16.0,15,5,6,7,8,17,64.2
1460,13.2,22.5,12,7,10,4,66,14,66.7
1461,6.4,19.2,43,6,5,1,21,5,55.6
1462,16.8,14.4,12,5,11,3,31,8,66.2
1463,1.1,13.1,57,4,3,9,37,12,48.7
1464,7.9,16.3,7,1,4,0,42,1,42.6
1465,16.2,26.4,60,4,3,10,47,20,87.0
1466,1.8,23.6,90,4,9,12,71,14,61.4
1467,9.1,30.5,91,3,5,7,73,9,81.3
1468,14.0,16.0,79,1,1,5,70,5,71.8
1469,1.3,21.5,76,7,2,2,14,4,51.2
1470,6.4,14.6,90,6,10,7,19,18,57.9
1471,12.1,14.8,95,1,5,0,29,10,54.9
1472,6.4,12.8,36,5,11,9,29,2,49.6
1473,13.3,9.8,38,4,1,3,48,13,60.3
1474,7.0,24.7,5,5,4,2,11,16,52.9
1475,12.5,16.8,68,7,10,4,35,11,69.4
1476,9.4,10.3,67,3,10,12,71,2,58.1
1477,2.6,9.9,55,5,12,7,9,8,35.2
1478,10.5,17.2,78,8,5,11,45,14,77.4
1479,9.8,18.9,93,8,9,4,16,5,73.4
1480,7.4,19.4,74,4,11,0,49,1,45.7
1481,15.5,11.2,12,4,2,9,22,10,70.3
1482,11.1,10.3,66,8,7,4,57,18,62.7
1483,12.5,7.3,52,5,11,3,30,15,58.2
1484,3.0,20.4,19,6,8,6,3,9,48.4
1485,7.3,17.4,62,1,9,2,32,6,41.3
1486,5.9,26.5,24,1,7,9,9,13,55.8
1487,13.4,15.9,19,6,2,4,63,4,73.6
1488,2.6,19.6,98,2,1,6,11,11,57.9
1489,6.1,14.7,31,2,2,2,13,9,45.1
1490,7.5,8.6,35,5,1,12,75,20,60.9
1491,7.8,24.4,66,1,2,6,32,2,59.2
1492,13.3,8.5,90,6,8,12,30,15,67.2
1493,4.7,22.5,43,4,3,7,62,2,57.6
1494,6.6,25.0,17,5,8,11,9,16,57.0
1495,2.5,11.7,9,4,8,9,80,12,38.1
1496,13.8,15.2,44,6,1,0,3,18,66.9
1497,5.0,17.1,17,5,8,1,31,6,41.1
1498,6.3,14.9,86,3,2,7,53,5,56.6
1499,5.9,22.7,77,1,6,10,57,2,63.1
1500,8.8,8.1,4,4,2,3,77,7,45.2
