household_id,home_area_m2,residents,appliances,heating_hours_per_day,cooling_hours_per_day,insulation_score,distance_center_km,owner_age_years,monthly_electricity_kwh
1,75,1,17,11.8,5.4,2,8.8,28,518.2
2,109,7,13,1.4,5.9,6,4.6,22,478.1
3,127,7,16,7.9,8.8,2,2.2,66,781.2
4,130,3,10,0.3,3.8,10,10.8,52,332.8
5,90,2,17,8.4,2.4,5,21.4,36,405.7
6,211,1,25,2.0,4.1,10,12.3,70,408.5
7,86,4,6,11.5,4.4,9,13.1,54,367.0
8,183,3,24,5.9,4.1,7,24.4,63,585.2
9,60,7,22,8.9,6.9,1,6.0,29,693.6
10,99,5,23,10.2,0.6,2,21.0,34,616.4
11,104,1,26,10.6,2.1,9,15.5,23,388.3
12,130,1,29,3.8,6.4,2,4.6,74,524.9
13,99,2,22,3.9,1.0,6,4.8,25,338.2
14,156,5,6,2.1,7.4,8,18.3,47,468.5
15,131,1,30,1.3,5.1,2,5.7,29,508.8
16,215,3,9,4.8,6.4,9,18.8,49,593.8
17,237,4,14,11.1,5.9,4,16.6,43,793.0
18,80,6,22,7.7,3.1,3,10.3,69,589.8
19,234,4,11,5.2,9.4,9,18.1,56,667.3
20,232,5,23,7.6,0.6,1,13.8,26,844.4
21,219,4,19,0.6,9.9,3,15.0,30,713.0
22,103,2,23,11.3,4.0,6,1.3,64,496.9
23,92,6,11,3.1,4.3,3,1.4,29,504.1
24,203,1,5,2.8,3.6,6,24.3,25,363.5
25,176,3,5,10.6,7.6,9,9.7,56,511.9
26,148,6,8,0.3,1.5,8,19.7,34,458.3
27,231,1,19,10.4,2.5,9,8.6,38,593.2
28,110,2,29,0.9,0.8,5,11.4,54,376.0
29,126,3,29,4.4,1.4,4,7.8,45,531.2
30,155,6,12,11.7,1.1,4,22.1,23,717.2
31,132,7,17,7.4,1.4,9,2.1,75,585.5
32,139,6,18,3.1,6.2,5,13.1,25,583.5
33,179,5,17,9.2,4.7,2,22.9,43,778.8
34,67,1,25,8.0,7.5,10,18.1,60,438.9
35,64,6,8,9.0,4.5,2,16.6,57,530.5
36,131,5,25,2.5,0.7,2,4.0,61,581.1
37,142,7,26,6.7,0.7,9,15.3,59,571.1
38,235,3,14,4.4,6.2,9,6.6,32,637.5
39,40,2,14,7.8,2.5,10,4.7,61,307.4
40,177,5,20,7.4,9.9,1,14.0,71,864.0
41,243,3,22,4.2,0.6,5,16.6,65,568.1
42,60,4,17,1.5,0.7,1,19.5,23,361.8
43,134,6,5,4.7,4.0,8,5.9,51,546.9
44,186,3,12,7.8,7.3,1,0.6,40,670.4
45,79,4,6,3.4,5.6,6,11.8,49,392.6
46,186,5,15,7.7,8.6,3,21.2,54,756.9
47,138,2,23,10.5,8.4,8,15.7,57,535.5
48,141,6,21,7.6,8.6,7,20.2,60,632.7
49,187,4,17,11.8,2.6,6,21.7,33,698.4
50,41,6,14,1.4,1.0,2,9.6,37,359.5
51,192,2,9,10.4,10.0,2,6.7,49,686.3
52,154,1,22,6.4,8.5,4,23.6,27,566.8
53,140,1,7,1.2,4.9,9,8.7,25,304.0
54,95,5,7,0.4,0.3,6,11.8,26,294.0
55,76,6,29,10.1,9.9,10,24.5,49,663.6
56,152,5,12,7.1,9.0,7,12.9,54,664.4
57,209,1,29,11.6,0.2,1,21.5,36,750.9
58,117,4,10,5.6,0.8,9,10.9,23,330.5
59,58,1,24,5.9,9.8,9,20.8,49,298.9
60,121,7,7,3.9,3.7,4,17.9,24,484.6
61,76,4,5,6.9,1.6,3,24.8,31,408.2
62,237,4,6,0.3,9.7,9,0.9,58,611.4
63,74,2,5,10.7,2.8,10,4.9,63,301.1
64,238,3,7,4.7,2.5,4,18.2,50,617.0
65,38,6,16,7.2,9.3,9,16.1,57,436.8
66,72,2,29,7.7,7.3,7,1.5,68,515.6
67,140,7,27,9.7,9.4,8,19.5,39,797.8
68,88,6,14,6.6,8.0,3,23.4,36,667.5
69,69,2,12,4.1,7.6,10,15.5,22,245.5
70,247,1,17,3.8,7.2,8,20.8,43,500.7
71,103,5,30,8.9,1.9,10,17.7,62,605.5
72,155,4,6,2.9,8.3,9,23.8,62,399.2
73,220,7,22,5.9,1.0,6,13.2,59,736.1
74,183,1,11,6.7,5.3,6,7.7,70,442.5
75,232,7,18,6.3,3.2,4,19.4,50,872.0
76,162,4,25,9.3,5.5,4,3.7,36,716.6
77,148,3,24,9.7,6.9,5,23.9,44,691.6
78,61,1,15,2.4,3.0,7,9.5,25,191.7
79,132,7,25,0.0,6.5,3,17.3,58,678.2
80,154,2,9,0.7,5.7,2,19.0,49,417.0
81,221,1,16,5.8,9.7,1,20.3,22,673.6
82,44,3,13,2.7,2.2,6,13.4,26,246.2
83,236,2,6,1.4,6.2,4,11.5,61,517.0
84,35,1,21,4.9,6.8,10,19.1,35,209.3
85,56,2,22,6.8,3.5,7,17.3,63,310.5
86,39,2,20,6.9,4.6,2,6.9,48,446.9
87,76,3,14,6.6,8.8,6,6.4,52,491.3
88,143,5,30,11.4,0.7,9,23.9,43,686.6
89,152,5,30,8.7,7.3,5,5.8,48,759.3
90,54,5,22,7.0,1.1,8,10.5,47,518.3
91,192,2,6,3.7,7.5,7,24.4,68,447.9
92,42,5,15,6.8,5.9,2,20.5,22,585.5
93,247,2,16,6.6,4.6,6,14.3,52,633.0
94,55,2,14,4.2,7.2,4,23.8,54,381.1
95,147,7,28,8.7,8.1,9,15.3,23,755.2
96,148,7,23,5.3,3.6,1,2.9,44,731.0
97,79,5,5,4.8,5.6,4,23.2,36,459.7
98,171,3,29,4.5,8.6,10,9.8,24,576.5
99,85,3,17,10.8,9.7,3,8.4,75,586.4
100,81,6,6,8.8,1.4,10,4.1,22,380.5
101,38,5,20,5.1,9.1,3,0.5,64,470.8
102,232,2,8,8.3,6.8,9,4.1,39,625.0
103,128,3,17,5.2,3.1,2,11.3,37,480.5
104,74,7,14,6.8,0.8,6,11.0,60,434.9
105,207,7,5,9.8,2.8,1,10.6,71,739.1
106,128,3,11,10.9,8.7,8,17.4,30,527.9
107,192,1,14,1.6,5.9,3,6.4,58,470.4
108,173,1,17,5.7,9.7,6,11.1,75,536.1
109,101,7,30,10.5,6.7,6,1.5,56,827.9
110,169,5,7,4.6,5.4,6,8.3,54,554.8
111,51,6,9,5.3,2.6,4,3.9,72,449.7
112,79,6,22,3.4,7.5,8,17.2,66,585.4
113,124,1,6,11.9,4.8,10,1.9,56,370.7
114,77,7,29,6.6,5.4,2,14.0,71,689.8
115,161,5,15,11.9,2.1,1,11.7,49,760.8
116,90,1,19,11.5,3.8,8,11.8,48,370.7
117,140,5,25,2.5,7.4,4,5.2,27,705.4
118,157,6,26,7.4,9.1,2,21.7,74,860.9
119,239,3,16,8.2,8.5,3,23.6,27,787.1
120,216,3,8,3.7,4.6,5,20.4,48,576.9
121,198,2,22,6.8,2.5,1,13.4,23,617.1
122,72,1,19,8.4,2.7,1,14.5,50,473.3
123,79,4,24,10.3,5.6,10,19.8,52,534.7
124,140,4,26,2.1,1.6,3,13.4,40,540.5
125,70,5,27,4.3,1.5,6,8.3,72,413.1
126,82,5,28,11.8,5.2,7,13.5,25,608.4
127,74,2,12,6.0,9.2,6,9.1,62,377.4
128,203,3,8,9.6,5.0,5,20.7,24,608.1
129,69,5,6,6.8,6.1,3,23.2,49,500.4
130,120,5,17,9.6,9.6,5,23.6,25,691.5
131,45,7,24,7.2,1.3,3,19.3,42,611.2
132,68,3,29,11.9,4.9,1,6.3,72,637.5
133,56,7,17,1.1,1.0,2,19.9,32,492.3
134,180,3,14,8.1,3.1,1,3.7,46,632.6
135,242,2,7,1.9,2.8,10,17.2,56,434.6
136,151,7,29,2.1,2.2,4,23.5,56,602.7
137,36,7,21,6.1,3.4,3,16.0,71,549.2
138,178,4,23,3.9,1.9,7,18.3,23,509.1
139,77,7,18,10.0,9.2,7,2.2,50,687.7
140,82,2,25,5.6,4.0,1,12.0,47,548.5
141,101,3,17,5.6,0.7,7,23.1,23,333.2
142,92,7,7,11.0,4.2,4,5.1,59,648.7
143,66,3,23,6.0,5.0,6,17.8,22,397.1
144,104,3,6,1.8,6.5,10,23.5,27,339.9
145,74,2,6,8.7,6.4,4,22.3,40,501.2
146,217,6,11,4.9,6.0,3,10.3,31,665.7
147,86,5,24,8.4,7.0,8,3.8,29,521.9
148,97,5,28,4.0,7.1,9,1.3,52,506.4
149,93,3,5,8.4,1.8,1,9.5,60,475.9
150,183,5,27,6.3,5.0,2,12.7,34,708.4
151,93,3,8,9.9,5.4,3,6.3,57,562.2
152,170,3,12,4.8,6.1,3,9.0,27,556.1
153,108,4,14,3.1,5.0,6,9.3,31,451.7
154,179,6,8,5.0,2.8,9,22.9,35,476.5
155,119,5,15,2.5,2.8,8,21.4,69,406.3
156,130,1,30,11.4,9.8,1,6.9,51,673.6
157,146,7,12,2.1,5.5,6,22.1,59,606.9
158,198,7,6,4.8,9.9,7,20.2,74,691.3
159,83,2,20,10.9,0.2,6,16.1,34,421.7
160,138,2,15,6.7,8.0,4,21.0,46,617.1
161,97,3,13,1.0,3.7,5,15.4,52,331.3
162,91,6,26,5.5,6.5,8,15.9,66,577.6
163,93,5,8,3.8,9.1,7,23.6,42,485.5
164,142,3,8,5.1,2.3,4,12.8,52,414.2
165,145,2,17,0.3,5.3,6,9.8,67,365.5
166,183,2,5,0.2,8.5,4,17.0,29,404.4
167,151,1,28,11.4,2.8,6,1.0,31,561.9
168,60,1,11,3.1,1.2,6,5.8,25,180.1
169,146,6,12,11.1,2.4,6,19.4,43,659.2
170,192,5,24,11.7,6.8,6,3.8,58,815.0
171,194,3,14,4.8,3.0,7,23.7,35,490.2
172,145,7,21,9.0,9.7,8,13.7,47,760.6
173,102,1,25,4.6,9.9,4,6.4,73,507.3
174,230,7,26,10.1,0.4,6,15.4,62,785.1
175,125,1,13,8.3,4.4,7,6.9,63,441.9
176,148,4,17,3.6,7.4,3,5.0,53,496.2
177,111,7,25,0.5,8.3,2,22.2,39,660.8
178,225,3,18,9.4,5.1,6,23.6,23,678.8
179,187,3,6,1.8,6.7,5,21.3,38,493.5
180,73,1,27,3.2,3.2,8,16.2,42,316.8
181,103,2,17,10.6,8.1,4,8.5,60,615.4
182,63,1,13,12.0,4.2,10,14.4,40,326.5
183,226,6,17,3.8,7.3,7,17.8,50,702.8
184,141,6,13,9.4,6.5,2,6.2,44,746.3
185,124,2,8,11.0,9.7,3,4.4,36,596.6
186,35,1,21,11.6,0.8,10,18.1,29,222.9
187,173,3,11,8.4,3.9,6,5.4,41,489.0
188,142,6,16,0.1,2.9,3,10.6,31,518.7
189,83,3,13,10.8,3.8,10,20.3,29,409.0
190,57,3,17,1.4,0.3,6,4.4,23,228.2
191,82,3,13,0.7,9.4,8,19.3,51,337.5
192,214,5,21,7.5,3.6,8,24.1,40,691.5
193,235,3,10,4.5,6.8,1,15.7,64,754.8
194,199,2,21,3.7,1.9,8,17.2,32,433.7
195,185,6,17,3.6,8.6,3,20.7,60,719.4
196,132,5,6,1.6,5.3,1,8.1,51,554.0
197,185,5,17,4.4,0.9,1,6.2,72,680.6
198,62,1,18,11.0,5.5,10,7.5,65,369.8
199,196,1,7,4.9,5.9,4,23.5,26,484.8
200,210,1,13,0.3,5.2,7,18.5,70,417.0
201,192,3,27,2.3,2.4,2,20.0,50,670.3
202,250,2,9,3.6,2.0,1,5.9,56,630.3
203,65,4,15,9.0,4.2,2,10.3,66,492.4
204,145,3,15,7.2,3.2,6,17.7,54,551.3
205,55,6,14,11.2,1.0,4,9.6,49,594.6
206,107,4,27,10.7,1.0,8,8.5,67,578.4
207,116,6,15,11.9,2.5,2,14.3,26,706.0
208,123,3,14,10.0,1.6,8,13.3,43,453.6
209,217,1,20,4.8,7.2,5,2.4,27,522.9
210,205,7,6,6.7,7.8,2,16.7,41,835.7
211,173,5,10,11.2,0.3,2,15.3,39,681.1
212,78,4,6,4.0,4.2,7,16.3,27,379.7
213,62,4,20,0.3,4.5,9,7.7,60,320.1
214,71,7,22,5.6,4.3,7,14.7,56,570.0
215,45,5,17,8.5,10.0,3,14.9,65,624.2
216,79,7,30,6.5,7.4,10,20.2,29,662.8
217,202,6,10,7.6,8.3,4,19.6,26,761.9
218,219,4,21,4.5,9.7,4,2.8,41,750.6
219,155,3,29,10.1,7.7,4,8.7,24,758.4
220,193,3,24,2.0,0.0,6,2.0,60,542.2
221,217,7,14,4.2,4.0,2,22.4,40,734.7
222,240,2,11,8.5,5.4,5,21.2,64,704.4
223,228,2,15,11.9,3.2,8,4.8,64,678.3
224,235,1,29,11.6,7.4,1,7.0,69,838.9
225,36,1,20,6.3,8.8,10,18.2,65,225.6
226,155,3,23,1.8,1.8,5,21.8,67,516.9
227,193,5,26,10.0,4.6,1,16.2,64,826.1
228,89,3,26,10.9,0.0,4,19.4,39,555.6
229,83,5,7,4.6,0.5,5,5.8,62,442.2
230,173,4,14,4.5,0.2,3,6.3,59,551.8
231,217,3,29,9.5,2.0,10,7.4,49,579.6
232,219,4,13,3.3,4.2,1,22.1,62,654.0
233,154,6,12,8.7,0.3,6,5.7,58,614.9
234,215,6,13,6.8,3.0,5,6.6,34,805.3
235,180,7,20,6.2,0.4,10,5.6,53,619.9
236,40,7,15,4.0,5.4,5,21.1,37,453.2
237,84,4,14,7.5,3.9,1,7.5,25,494.6
238,248,3,10,3.4,5.7,7,14.2,33,621.3
239,132,1,10,9.2,0.5,4,9.6,53,358.2
240,131,7,17,7.9,2.9,4,14.0,68,618.7
241,147,4,20,8.5,9.7,10,12.8,55,620.6
242,85,3,19,6.0,6.4,6,0.7,24,443.9
243,131,2,28,1.2,6.4,9,22.3,25,348.3
244,95,5,22,0.3,8.5,7,21.8,74,441.6
245,145,3,9,5.2,3.5,1,2.3,28,585.8
246,237,6,5,11.5,0.7,6,21.0,66,750.2
247,80,1,19,1.4,2.7,10,11.3,42,225.4
248,100,5,26,2.3,9.1,5,15.0,22,557.0
249,120,2,9,4.6,9.1,3,2.5,61,448.6
250,122,7,16,11.0,8.7,7,13.8,57,720.2
251,209,3,14,3.7,4.3,8,7.9,57,573.7
252,63,1,29,11.5,2.1,5,2.6,73,524.6
253,201,5,7,1.6,1.2,6,19.8,70,512.1
254,135,7,6,9.7,5.5,7,1.0,33,631.2
255,119,2,9,11.2,1.2,5,16.1,37,432.5
256,174,3,19,8.7,8.8,6,14.5,71,617.6
257,158,7,23,9.1,9.6,10,16.0,54,737.6
258,136,3,17,8.6,1.0,4,20.4,60,531.2
259,48,6,21,0.6,2.4,7,2.2,41,380.1
260,104,1,10,6.7,0.9,3,22.4,23,350.0
261,249,3,6,5.2,3.8,9,1.6,28,502.5
262,163,5,15,9.8,5.6,9,6.1,29,569.9
263,200,7,25,11.2,7.7,9,4.5,34,808.1
264,118,1,12,2.2,2.5,1,16.4,29,381.4
265,164,6,24,4.2,0.3,6,6.4,60,612.8
266,112,3,27,11.2,3.6,8,5.5,24,511.3
267,145,6,30,4.9,1.8,8,17.1,45,590.0
268,105,1,22,6.0,3.9,10,2.3,40,297.2
269,102,7,19,11.7,5.1,2,12.4,63,761.5
270,132,1,24,5.4,3.4,10,2.6,64,381.1
271,160,2,25,8.4,3.1,3,20.3,69,595.6
272,133,2,21,10.8,1.3,3,4.4,27,640.7
273,143,4,14,9.8,3.4,4,11.4,27,626.9
274,243,7,9,10.3,9.3,6,6.2,62,921.5
275,170,4,16,11.6,6.7,9,2.4,35,652.9
276,76,4,14,9.5,5.2,6,10.6,23,476.6
277,131,6,24,10.7,9.2,10,21.5,35,655.7
278,218,4,7,5.5,4.7,1,15.0,51,763.9
279,222,4,21,2.0,4.9,5,10.7,47,611.2
280,202,6,24,2.1,3.4,7,4.6,60,623.3
281,41,4,7,0.2,10.0,1,13.2,41,420.9
282,208,4,5,11.1,7.6,3,19.5,47,758.2
283,201,1,29,2.0,9.2,7,7.1,41,506.1
284,236,4,25,4.6,2.8,7,3.4,61,668.8
285,185,2,16,9.5,3.2,7,24.4,50,586.3
286,79,2,27,9.9,4.1,9,16.3,37,409.4
287,241,3,18,3.6,8.8,7,11.6,41,573.3
288,247,3,25,9.3,5.4,10,8.7,59,732.9
289,98,5,9,8.0,0.1,4,13.6,30,444.6
290,111,1,20,9.3,1.6,10,2.2,26,334.9
291,244,5,8,9.0,4.5,4,12.2,51,832.2
292,250,6,23,11.7,6.9,10,13.0,75,813.6
293,236,1,19,1.9,2.9,4,6.5,24,541.5
294,97,2,28,1.9,4.3,1,3.5,75,464.4
295,235,2,21,10.5,9.6,9,22.2,28,754.7
296,93,3,18,6.1,2.4,4,1.5,30,432.7
297,104,6,9,8.7,8.0,2,15.7,61,633.4
298,138,4,6,1.7,5.0,7,20.6,27,486.8
299,237,7,11,9.7,7.6,5,23.4,33,847.5
300,162,5,13,9.9,8.2,4,19.5,56,716.2
301,140,2,20,1.5,9.7,9,23.3,22,453.3
302,52,7,15,9.5,8.9,3,22.8,71,696.2
303,249,3,18,4.3,3.8,1,17.5,68,776.2
304,83,5,21,8.3,7.4,6,6.1,46,609.3
305,132,5,28,1.0,2.8,2,11.7,28,600.8
306,177,2,26,0.5,9.2,4,4.4,71,588.2
307,79,1,12,10.1,8.2,6,17.6,43,391.7
308,176,5,19,10.6,8.1,7,10.5,27,707.6
309,146,3,28,2.4,4.3,9,0.6,66,467.5
310,158,2,16,7.7,9.5,6,2.5,61,556.8
311,47,5,28,5.4,8.9,8,17.9,56,517.1
312,154,2,5,8.9,0.2,1,9.9,36,455.1
313,220,7,5,10.3,1.8,7,7.7,47,723.7
314,193,6,21,1.3,1.3,2,7.4,28,664.6
315,85,2,19,2.2,9.8,1,10.0,67,567.2
316,230,4,27,6.9,4.5,7,19.9,47,741.0
317,208,6,9,5.8,7.4,9,9.3,23,622.9
318,88,7,18,4.9,4.6,10,10.4,70,488.9
319,171,5,27,4.3,1.5,3,6.2,32,712.2
320,150,4,23,5.0,6.5,10,2.5,44,552.3
321,119,3,10,8.8,6.8,6,5.8,64,454.2
322,132,1,25,2.8,4.5,7,24.0,31,427.0
323,103,6,9,3.9,3.1,10,11.6,54,431.3
324,228,1,10,7.2,0.3,2,2.3,70,569.1
325,180,1,27,7.7,0.3,3,0.7,66,613.0
326,120,7,26,4.9,0.4,4,12.9,40,707.6
327,81,6,13,10.9,2.8,7,13.0,73,512.5
328,213,2,8,9.3,4.6,1,12.8,39,566.7
329,189,7,23,6.9,4.3,9,6.7,46,792.3
330,230,2,27,1.6,7.3,2,23.9,62,759.1
331,82,2,24,2.4,6.5,4,16.8,35,448.3
332,180,2,27,4.8,3.7,4,9.7,71,577.8
333,87,2,6,7.6,3.5,5,1.7,64,340.9
334,228,4,12,6.9,9.2,1,8.8,26,816.2
335,246,3,16,0.9,7.5,2,24.3,25,794.1
336,204,5,15,9.2,9.0,4,0.7,36,807.8
337,53,5,7,6.2,1.9,5,5.4,72,373.1
338,200,5,28,8.9,3.1,8,11.9,47,631.0
339,141,3,30,1.8,2.3,3,15.6,59,552.7
340,69,5,28,10.7,7.6,10,17.1,72,551.3
341,62,3,7,8.9,0.5,4,10.1,74,339.5
342,57,1,20,2.0,8.4,9,1.9,26,254.3
343,57,2,14,11.7,1.5,7,10.6,35,395.0
344,84,5,12,7.5,0.5,1,15.6,41,574.9
345,159,7,30,4.7,5.0,9,12.3,50,640.8
346,132,4,28,11.4,6.7,10,22.2,28,573.0
347,79,5,10,8.8,9.6,6,16.7,60,558.1
348,122,4,15,6.0,0.8,5,4.6,62,428.7
349,180,2,11,11.4,5.1,10,3.0,36,536.3
350,65,5,8,7.5,4.4,1,21.2,52,571.7
351,61,6,12,3.7,1.6,6,2.3,63,394.8
352,157,3,24,5.0,0.8,8,7.4,55,389.4
353,92,7,24,2.2,0.4,4,4.1,56,542.3
354,156,3,15,5.3,8.0,2,17.0,31,608.2
355,117,2,14,8.7,2.0,2,18.1,68,548.2
356,60,5,27,5.4,3.0,2,22.4,32,606.7
357,233,7,10,10.0,6.6,8,13.5,41,678.2
358,76,4,11,10.4,9.2,6,0.6,73,510.4
359,181,6,11,0.6,3.6,6,19.4,46,576.8
360,209,7,30,3.6,5.0,9,17.8,22,727.6
361,134,6,18,7.4,4.9,9,16.9,40,619.0
362,80,4,18,4.1,3.6,5,1.1,75,470.1
363,204,7,20,6.5,7.6,6,22.9,55,816.8
364,178,6,17,7.0,0.9,5,20.1,60,675.3
365,162,6,14,1.8,8.1,8,21.8,74,548.8
366,205,3,11,11.9,8.2,3,18.8,72,733.0
367,181,1,16,2.9,8.5,7,10.4,58,418.3
368,80,1,8,7.9,4.2,7,1.5,72,239.3
369,129,1,24,5.2,0.3,7,13.1,42,330.7
370,48,6,26,3.0,7.0,5,24.2,41,478.0
371,193,4,7,6.5,1.0,10,10.4,27,441.4
372,222,1,27,6.3,2.2,7,11.5,50,657.0
373,46,4,28,3.0,3.7,6,21.2,45,361.3
374,216,1,20,5.8,8.5,2,10.0,75,731.0
375,233,5,5,7.9,7.6,9,10.6,31,667.8
376,69,2,18,3.5,0.5,1,4.3,23,346.7
377,215,4,18,4.9,5.1,3,16.4,55,724.3
378,245,4,12,9.1,3.4,8,20.0,66,709.4
379,37,1,13,9.4,0.0,5,20.9,65,312.8
380,211,3,25,0.1,7.9,1,16.4,59,745.9
381,220,4,27,7.5,3.6,7,20.4,59,757.5
382,193,2,16,8.7,9.9,9,18.0,45,572.9
383,77,4,11,4.9,0.9,4,1.9,25,410.9
384,101,2,24,9.2,8.7,1,11.9,72,651.9
385,172,7,7,1.3,4.7,2,23.8,52,586.8
386,107,5,12,2.8,1.8,9,2.2,28,318.3
387,104,3,11,6.1,3.4,7,11.1,44,455.9
388,104,4,12,3.2,9.3,5,5.7,26,504.8
389,228,2,20,2.3,1.0,7,20.8,40,449.9
390,84,1,21,10.8,9.1,1,17.5,75,620.1
391,242,5,24,8.8,7.9,5,20.3,36,939.1
392,156,4,18,3.2,5.4,10,5.5,36,501.5
393,125,3,20,0.8,3.7,8,13.3,61,294.7
394,208,4,26,0.6,6.4,1,16.8,28,740.3
395,243,7,5,3.9,5.1,3,18.8,37,815.4
396,138,3,9,1.2,6.6,4,7.7,53,501.1
397,214,1,21,6.2,6.3,8,8.1,44,576.3
398,107,5,30,6.6,5.8,5,22.9,65,625.6
399,129,4,25,11.4,1.5,5,4.2,40,644.2
400,199,2,7,3.8,0.5,8,9.7,27,364.6
401,177,1,7,6.1,3.6,8,23.7,43,304.4
402,140,7,12,3.8,9.8,3,3.5,49,741.2
403,121,6,11,2.6,4.0,6,6.9,60,479.4
404,97,5,28,6.1,4.7,8,6.3,60,537.5
405,218,6,16,1.9,1.3,3,2.9,27,685.5
406,233,1,10,8.9,8.8,3,24.2,27,605.3
407,142,7,16,5.2,7.8,10,5.0,48,593.2
408,234,4,13,11.8,6.1,7,2.6,38,674.7
409,227,4,28,4.2,1.7,9,24.3,38,646.9
410,144,3,26,9.3,7.4,9,3.2,48,603.1
411,163,7,8,4.7,5.7,5,11.5,67,622.3
412,125,5,6,3.8,9.7,9,4.0,34,426.3
413,68,1,20,10.5,9.9,5,1.5,48,399.1
414,78,2,12,10.6,8.7,3,12.2,27,510.4
415,198,7,13,5.9,2.9,3,15.4,28,697.4
416,173,6,23,1.0,5.2,1,21.8,37,779.1
417,243,5,9,0.0,1.3,6,20.7,27,518.2
418,154,5,10,11.3,5.7,8,5.1,72,594.4
419,209,5,16,10.6,2.8,10,6.1,58,663.7
420,42,4,27,12.0,1.7,10,16.7,30,521.5
421,228,3,24,11.8,2.9,9,11.6,56,701.8
422,241,3,26,8.1,2.5,6,21.9,62,769.4
423,45,6,28,0.2,4.3,5,7.6,35,460.7
424,54,4,27,2.8,2.1,6,16.2,45,313.9
425,60,5,10,8.0,1.1,9,0.9,47,331.8
426,98,2,11,6.0,2.6,8,6.7,59,313.3
427,130,3,13,11.5,2.9,8,11.5,41,559.6
428,147,1,19,8.2,8.2,9,14.7,54,512.3
429,250,1,19,8.3,1.7,2,22.4,71,667.9
430,49,2,7,3.7,2.3,8,4.8,58,202.7
431,211,7,8,3.4,7.6,1,14.3,34,789.1
432,237,5,16,10.5,4.7,2,6.3,75,895.1
433,221,2,28,11.1,7.0,4,6.3,62,737.5
434,192,1,28,1.5,4.7,8,6.4,60,473.2
435,95,7,14,1.6,5.7,5,12.3,64,580.1
436,177,7,6,1.0,8.8,9,13.9,33,567.7
437,37,1,14,10.8,7.2,3,7.6,51,434.1
438,182,2,17,8.6,4.8,3,12.7,70,675.2
439,249,7,22,1.9,6.2,7,7.6,37,670.7
440,236,4,17,8.1,1.3,2,6.9,67,672.7
441,117,6,26,7.0,6.1,10,14.4,35,652.6
442,229,7,16,10.5,7.4,10,24.3,30,789.5
443,97,7,20,2.1,7.2,2,8.9,36,637.0
444,51,3,25,10.8,8.3,10,18.9,62,467.8
445,203,4,15,6.6,8.8,8,19.3,63,645.0
446,75,5,25,7.4,6.6,8,11.5,59,547.2
447,167,6,16,1.6,7.8,4,19.9,70,676.9
448,63,6,14,7.9,0.7,1,23.9,52,512.8
449,172,6,10,6.7,7.9,5,20.2,70,706.6
450,97,7,9,11.1,9.2,7,6.3,36,573.5
451,240,5,9,5.6,9.8,10,12.6,31,651.3
452,184,5,12,2.8,6.2,10,16.9,29,528.6
453,42,4,27,5.1,0.8,10,16.7,47,265.8
454,112,3,11,5.1,4.3,5,13.2,34,445.5
455,184,6,14,10.0,1.9,2,4.7,44,715.3
456,161,5,8,6.6,3.5,3,5.6,27,551.5
457,242,4,20,4.9,3.9,1,17.1,65,746.0
458,166,1,21,0.5,7.9,2,18.5,35,531.8
459,234,5,19,10.9,7.4,4,15.9,24,879.2
460,138,3,26,9.9,2.6,4,16.4,55,627.9
461,210,1,6,7.6,4.8,5,12.3,51,548.6
462,128,2,26,4.6,1.0,6,2.5,69,509.2
463,235,3,7,4.9,9.5,9,10.9,47,587.4
464,210,2,15,7.0,8.1,2,13.1,55,630.3
465,85,1,22,1.8,2.3,10,10.3,28,177.7
466,231,1,18,7.9,4.2,9,10.3,46,558.2
467,61,5,7,7.4,9.6,2,9.3,32,570.5
468,196,4,27,9.7,6.3,2,17.7,74,829.6
469,124,6,16,9.7,2.1,5,5.0,38,597.3
470,145,2,29,5.3,9.3,5,2.8,45,611.8
471,183,2,23,0.6,5.3,9,16.7,49,377.8
472,64,4,22,1.6,0.9,6,1.3,70,278.2
473,75,4,29,4.3,8.0,6,0.7,45,527.2
474,61,1,24,2.8,3.5,10,7.7,57,176.6
475,246,6,21,10.4,9.4,9,1.3,73,889.6
476,167,1,17,7.4,2.2,2,13.3,34,589.5
477,161,4,11,2.1,1.2,4,18.4,25,412.5
478,170,7,23,0.9,8.4,3,7.9,60,690.5
479,67,3,20,9.6,7.0,10,14.3,32,401.8
480,59,4,5,9.2,4.1,2,16.2,29,522.3
481,105,6,9,9.7,7.4,4,17.7,33,613.1
482,231,2,12,5.2,2.1,7,12.5,45,527.1
483,145,7,5,2.0,4.6,5,16.2,41,605.1
484,172,6,6,4.5,5.4,9,7.8,69,446.5
485,196,6,22,0.7,2.6,7,5.3,26,562.9
486,61,7,21,1.8,9.8,8,18.8,31,536.9
487,169,4,13,5.2,3.2,2,10.8,52,560.3
488,226,1,8,1.3,4.2,7,22.4,65,465.4
489,213,1,11,9.1,2.7,4,13.8,44,638.6
490,227,1,17,2.1,4.6,3,15.6,70,567.7
491,156,7,26,1.1,2.5,9,17.8,31,558.7
492,174,3,28,6.9,3.0,10,19.1,36,485.0
493,124,3,30,2.2,1.0,1,11.4,68,549.4
494,208,4,23,5.5,5.8,7,8.4,42,658.9
495,118,4,8,11.7,7.4,8,21.8,30,516.8
496,155,5,8,6.3,6.8,7,6.9,22,482.7
497,38,5,30,8.9,8.1,8,8.8,66,580.8
498,137,5,22,0.1,5.8,7,5.5,72,497.7
499,105,7,27,5.7,7.1,10,5.0,35,595.2
500,215,6,8,2.6,9.5,6,10.3,47,599.1
501,191,6,6,3.7,2.5,3,24.0,49,680.9
502,102,2,10,11.2,8.1,6,4.9,58,477.7
503,217,4,24,7.9,5.8,1,19.1,28,805.0
504,97,3,14,3.7,8.5,2,3.0,48,471.8
505,202,3,26,0.3,9.4,8,24.3,75,618.5
506,230,3,17,4.1,4.7,9,5.4,37,567.5
507,105,5,17,2.0,3.3,4,10.2,35,541.4
508,195,1,18,7.6,7.1,6,7.5,61,508.8
509,244,5,19,9.5,3.8,2,3.7,24,847.4
510,54,4,13,3.6,1.9,1,21.3,26,398.9
511,171,3,24,8.6,0.0,9,11.7,66,578.1
512,59,5,23,4.8,1.6,7,12.8,67,429.5
513,174,1,25,4.8,1.9,4,17.3,60,534.3
514,89,7,30,11.7,7.1,9,12.8,71,714.5
515,98,5,30,6.9,0.5,9,19.0,71,505.8
516,223,3,30,7.5,8.4,1,1.0,72,884.3
517,215,6,18,2.9,8.1,6,10.5,75,671.5
518,186,4,29,0.2,1.3,6,19.7,42,558.3
519,180,6,28,7.8,1.9,8,2.2,70,656.5
520,193,3,7,2.6,1.8,8,23.8,29,375.5
521,113,1,11,4.1,3.7,6,13.5,70,324.9
522,139,6,26,10.2,2.7,1,7.7,69,808.3
523,38,7,29,0.3,3.3,7,8.0,75,484.8
524,119,4,8,9.8,5.8,2,1.1,24,593.5
525,186,5,23,7.5,0.2,1,17.1,51,796.4
526,131,5,18,3.7,1.2,4,14.1,60,537.2
527,37,4,24,7.6,3.8,2,11.4,74,517.6
528,146,3,28,3.3,5.6,2,8.1,28,538.0
529,76,5,13,8.7,3.7,10,2.7,58,399.9
530,71,4,25,9.9,5.2,6,23.9,69,551.5
531,202,5,16,5.5,6.1,9,11.0,25,577.9
532,47,2,29,8.4,2.7,8,16.6,66,328.3
533,87,7,11,2.2,8.7,1,10.7,62,604.2
534,248,5,19,3.5,0.1,5,14.1,23,655.7
535,137,7,13,8.5,3.1,2,11.7,51,728.6
536,71,2,7,10.8,8.0,10,23.5,49,333.1
537,40,6,8,3.1,6.8,6,7.2,44,410.8
538,110,6,11,1.7,6.7,3,5.0,26,543.1
539,86,7,5,5.8,9.0,1,8.6,56,704.7
540,199,7,29,3.4,2.9,6,21.9,60,768.3
541,102,1,28,9.3,6.6,8,10.5,59,530.1
542,100,4,8,7.3,1.3,2,12.5,39,445.9
543,115,2,10,9.2,6.4,6,16.9,41,422.2
544,165,6,14,9.2,0.9,4,15.3,33,648.8
545,193,1,16,2.3,5.1,10,4.9,35,289.4
546,200,5,26,6.6,4.9,4,7.6,37,707.3
547,39,7,9,5.0,6.4,7,21.7,64,459.2
548,48,4,16,6.0,4.4,6,9.4,57,436.4
549,93,5,15,9.9,6.2,4,13.8,67,690.7
550,75,1,11,0.5,7.7,4,10.4,48,340.5
551,231,2,19,11.7,7.1,4,19.8,46,744.8
552,182,5,9,4.5,6.8,7,16.8,53,632.8
553,236,6,25,11.2,3.6,4,14.7,43,903.9
554,190,6,16,3.4,6.4,5,1.4,38,709.2
555,117,6,5,2.3,1.5,3,4.6,31,491.3
556,176,3,10,11.8,9.9,5,4.3,25,666.3
557,212,2,24,9.4,9.3,4,19.4,43,768.6
558,207,1,28,9.5,4.2,7,24.0,57,627.3
559,142,6,5,6.2,5.6,10,15.7,71,465.4
560,114,5,12,11.7,0.1,3,12.5,63,618.2
561,237,3,25,9.0,7.1,8,12.1,32,686.3
562,151,3,24,4.0,8.6,10,20.0,43,459.1
563,222,7,29,11.8,9.0,9,5.5,28,908.6
564,100,1,15,11.0,9.7,5,8.3,42,513.4
565,60,4,23,4.6,8.8,2,13.6,58,571.5
566,137,7,9,1.1,4.1,8,9.5,29,449.6
567,126,6,17,8.2,4.8,8,4.0,28,591.8
568,168,3,22,11.5,8.0,10,20.1,30,593.4
569,48,3,21,6.1,2.4,5,17.1,70,432.6
570,212,7,30,3.9,6.1,4,1.2,67,894.5
571,39,1,14,8.2,9.7,3,23.8,46,384.6
572,134,2,13,10.0,8.2,6,7.5,63,551.4
573,58,3,6,0.5,6.2,4,19.4,67,310.6
574,234,4,24,10.4,1.3,8,6.1,24,718.9
575,101,7,27,6.4,0.1,3,1.7,47,661.6
576,228,5,27,11.0,8.6,4,22.0,64,897.0
577,143,3,26,6.0,3.4,8,2.4,59,508.7
578,62,4,22,0.4,8.7,8,8.7,47,391.0
579,47,3,21,4.0,7.3,7,8.7,67,320.1
580,141,2,17,10.1,2.1,8,12.9,75,430.6
581,148,6,30,5.8,6.0,10,23.5,25,616.3
582,154,6,19,11.3,1.7,3,9.4,37,738.9
583,157,1,18,2.8,3.2,6,13.2,38,378.4
584,201,3,10,8.2,8.7,1,10.1,51,748.2
585,88,4,12,1.8,4.2,9,18.4,27,298.6
586,77,6,27,8.9,9.4,8,4.6,58,644.1
587,222,1,11,2.6,0.1,4,20.3,63,440.1
588,226,1,18,5.9,6.9,8,15.2,49,552.3
589,191,7,14,11.8,6.6,4,22.9,61,899.0
590,168,7,20,2.5,7.2,4,19.1,46,727.8
591,231,3,16,1.5,6.7,3,13.6,50,566.3
592,121,7,17,8.9,1.3,7,2.6,54,613.5
593,196,6,24,6.9,4.4,8,9.1,72,675.7
594,62,1,28,5.5,5.3,10,7.2,48,408.1
595,73,4,6,8.4,1.8,6,19.5,28,409.4
596,227,4,17,8.3,5.0,9,11.6,73,646.2
597,250,5,8,4.5,4.4,10,19.7,36,572.7
598,147,6,8,9.2,9.3,2,9.3,55,749.0
599,229,7,18,2.7,6.4,8,9.4,52,692.9
600,216,4,14,4.5,8.7,5,5.5,57,677.4
601,151,1,14,4.4,7.5,2,13.3,47,498.9
602,79,3,21,2.5,2.3,8,4.4,56,319.8
603,183,6,29,0.3,8.5,6,16.1,45,690.3
604,170,2,10,7.6,5.0,6,17.4,56,485.6
605,195,7,30,1.7,2.4,3,17.8,31,744.2
606,205,2,12,7.6,8.6,4,8.9,57,726.8
607,166,3,22,2.4,7.4,9,19.2,54,456.0
608,109,5,18,5.1,3.5,5,5.0,52,460.4
609,247,1,28,4.0,6.4,2,3.3,54,707.7
610,37,4,18,10.5,1.5,9,23.7,58,392.6
611,92,1,15,3.2,4.4,8,15.1,25,337.8
612,60,5,30,9.5,2.2,4,21.0,38,608.6
613,172,4,8,5.4,2.7,7,20.4,65,464.8
614,82,6,20,1.0,3.6,9,18.2,64,329.9
615,235,2,21,10.2,1.3,8,8.5,75,629.6
616,139,6,26,10.1,1.2,7,14.4,74,599.9
617,127,4,22,10.7,1.1,10,21.2,45,549.2
618,106,7,10,9.7,0.2,8,13.1,72,523.6
619,65,2,12,5.5,6.5,8,13.8,35,293.5
620,186,5,23,4.0,1.2,4,14.7,42,662.2
621,42,3,8,1.7,9.5,6,1.5,28,286.8
622,147,7,22,0.3,4.8,10,10.2,49,574.9
623,37,3,6,2.4,0.2,10,15.0,43,47.1
624,208,3,20,9.8,2.1,2,9.2,42,703.2
625,76,5,21,0.5,7.4,9,23.4,71,393.8
626,242,7,25,11.8,8.7,3,18.9,28,1084.3
627,216,3,7,4.5,3.2,6,9.7,28,555.7
628,231,6,10,2.7,7.1,6,11.2,61,653.0
629,154,4,29,6.3,8.2,5,23.8,48,632.2
630,62,4,11,11.6,6.2,1,4.3,45,621.8
631,116,4,15,6.7,0.7,4,7.5,40,566.9
632,56,7,21,2.6,1.8,8,17.5,56,371.1
633,222,4,13,11.3,5.7,7,2.6,42,687.8
634,213,5,22,6.4,5.3,2,22.6,62,801.5
635,208,7,28,6.4,9.0,8,7.9,69,929.1
636,70,7,5,10.5,2.8,6,11.7,24,476.2
637,72,1,25,4.1,9.2,6,23.0,34,433.7
638,244,6,27,5.2,0.6,5,15.2,41,768.3
639,228,4,16,1.0,9.1,4,20.4,30,656.7
640,227,4,17,5.9,8.8,4,24.3,45,739.9
641,218,2,18,9.0,5.4,3,15.3,31,709.4
642,156,7,12,1.8,4.8,4,24.3,26,583.3
643,202,6,28,4.9,0.2,5,7.5,74,713.7
644,125,1,7,8.6,7.6,4,20.8,75,475.8
645,151,2,8,11.4,3.1,6,19.2,54,523.0
646,244,7,20,11.7,2.0,6,11.3,72,874.8
647,250,7,30,8.9,6.6,6,16.6,66,931.7
648,81,1,27,3.8,2.6,6,18.4,72,367.2
649,138,1,28,4.5,1.2,1,14.9,60,523.6
650,174,4,19,1.9,5.2,8,18.3,39,521.1
651,156,2,25,6.2,9.5,5,0.6,22,633.8
652,60,6,5,0.2,5.2,10,7.3,50,249.6
653,84,5,30,9.4,4.5,4,13.5,43,591.6
654,41,2,26,11.8,0.5,8,22.3,68,375.0
655,212,2,30,3.4,8.5,6,1.7,22,659.0
656,125,1,5,8.3,3.4,9,16.4,50,364.3
657,114,7,11,4.1,6.0,6,12.4,41,466.8
658,65,5,25,10.2,8.0,4,8.6,50,648.9
659,45,4,19,8.4,0.3,4,7.3,25,427.5
660,127,3,22,7.6,8.7,5,8.8,65,573.2
661,103,3,6,7.5,4.9,10,22.0,73,371.1
662,169,2,23,5.7,6.5,3,17.8,59,663.1
663,143,1,13,9.7,9.7,4,23.3,38,616.2
664,169,3,7,6.8,4.7,8,16.5,35,438.0
665,53,2,27,2.9,5.9,6,19.2,38,420.5
666,196,7,27,3.1,0.1,10,14.1,45,555.0
667,126,6,11,11.4,5.6,8,13.6,50,662.6
668,118,6,12,0.2,0.8,8,14.7,46,408.5
669,85,4,28,11.8,4.3,4,11.8,41,632.4
670,189,2,19,8.7,1.0,2,5.1,54,639.4
671,80,6,8,10.5,9.4,8,14.9,32,586.3
672,153,2,27,2.1,0.1,2,8.4,28,452.8
673,39,2,17,8.6,6.5,8,14.5,29,331.2
674,138,6,19,9.3,7.8,10,24.3,25,575.9
675,222,7,19,4.3,5.6,1,5.8,39,903.8
676,65,3,18,9.5,3.3,8,8.8,22,382.0
677,146,7,18,9.1,3.6,7,4.4,63,663.8
678,105,7,7,11.7,6.8,2,2.2,22,674.5
679,120,2,26,8.5,3.6,6,10.8,24,497.3
680,141,3,23,0.7,4.3,1,23.9,64,535.6
681,246,3,27,9.7,5.6,5,22.1,54,795.5
682,155,3,23,0.8,1.5,7,22.9,23,428.8
683,116,2,19,1.5,2.2,3,5.0,72,453.7
684,78,6,12,10.6,4.4,9,16.3,37,532.1
685,168,7,22,8.8,6.5,5,12.3,41,828.0
686,45,1,21,8.4,7.1,7,24.9,25,406.7
687,92,7,11,5.2,1.1,2,16.4,51,503.5
688,199,1,20,0.0,5.6,1,17.0,75,513.0
689,54,6,11,0.9,1.9,6,19.1,58,390.3
690,220,1,25,5.7,7.7,3,16.1,67,670.3
691,207,2,27,5.9,3.6,1,23.6,53,704.4
692,90,6,26,0.8,7.9,4,22.3,55,510.4
693,139,6,12,2.1,7.5,10,16.6,65,480.2
694,73,5,17,3.9,8.8,7,0.9,67,549.2
695,244,5,15,7.0,8.1,8,13.3,23,722.5
696,176,7,5,5.2,4.1,10,6.8,41,605.0
697,52,4,5,10.0,5.7,5,20.9,44,385.4
698,159,3,11,9.5,1.4,10,18.3,45,458.3
699,166,6,8,7.8,5.9,4,7.2,71,677.3
700,105,4,30,9.3,6.9,10,8.0,64,540.0
701,194,4,8,1.6,6.5,5,3.8,63,580.9
702,180,7,13,7.7,2.0,5,17.9,48,671.4
703,35,1,17,9.2,8.8,4,21.4,36,400.4
704,48,6,22,1.1,7.0,4,23.6,25,445.5
705,58,5,6,6.5,3.8,7,19.7,72,369.3
706,199,4,22,11.6,8.9,5,18.4,44,832.3
707,221,1,20,4.8,3.9,6,17.1,66,519.4
708,124,2,17,5.0,7.0,9,9.0,47,353.7
709,244,1,27,6.6,8.4,6,11.6,28,724.5
710,155,5,28,10.4,9.9,6,10.8,40,754.8
711,108,5,10,2.4,8.5,2,20.3,56,620.5
712,218,5,30,5.4,0.6,5,24.6,33,674.7
713,233,4,19,0.9,0.8,4,12.3,62,604.8
714,248,5,30,8.3,1.2,4,13.3,65,781.5
715,244,3,15,11.5,9.4,2,3.1,33,937.1
716,95,2,29,11.2,0.3,4,21.9,52,542.7
717,120,2,8,2.1,9.8,4,8.7,73,437.4
718,87,4,7,0.0,5.5,10,4.2,75,223.9
719,154,3,16,2.9,7.4,3,5.9,57,616.7
720,82,6,22,2.3,5.9,2,14.5,58,660.9
721,119,2,29,5.6,3.9,7,3.6,73,494.4
722,130,7,22,4.1,6.1,5,22.8,70,642.6
723,196,6,30,8.3,4.3,6,2.8,53,808.5
724,238,7,30,1.5,3.5,6,21.4,56,810.0
725,101,2,21,8.4,1.9,5,21.5,57,390.7
726,130,3,29,8.6,8.1,6,7.5,69,566.7
727,162,3,29,2.5,0.3,8,17.1,45,511.7
728,131,4,15,11.6,4.0,6,13.2,44,524.6
729,211,1,30,10.6,5.1,1,19.4,44,778.0
730,76,6,19,5.4,0.5,8,20.0,50,397.5
731,93,5,23,4.3,1.2,4,3.9,28,491.3
732,109,4,24,4.2,5.7,9,4.7,42,423.7
733,70,1,22,1.9,2.1,1,17.2,36,382.8
734,180,4,27,4.5,8.9,10,8.4,56,588.4
735,194,7,25,10.4,2.6,5,7.0,55,818.5
736,56,5,28,8.7,4.8,8,11.2,46,496.8
737,67,6,27,0.5,4.0,3,17.1,31,578.0
738,135,2,16,2.6,5.3,6,19.0,30,464.2
739,220,4,10,7.7,9.4,2,2.7,59,800.3
740,167,3,25,9.3,0.3,3,17.3,27,616.3
741,67,2,25,8.5,1.6,2,17.4,70,434.5
742,42,5,14,1.2,7.4,3,22.3,43,392.1
743,87,6,22,11.5,7.9,7,22.2,28,620.6
744,173,5,8,11.9,2.0,1,0.8,24,707.3
745,116,5,7,11.2,1.8,4,8.2,35,579.8
746,213,5,13,11.1,8.6,9,1.8,65,776.0
747,133,1,18,1.6,3.5,9,7.9,74,296.1
748,123,3,13,7.2,8.6,3,23.8,75,593.6
749,189,1,18,9.6,3.7,10,3.5,34,476.5
750,222,1,9,9.5,6.1,8,8.0,59,523.7
751,150,7,30,5.0,2.8,2,12.3,30,753.0
752,244,5,15,6.8,4.4,6,11.7,48,667.4
753,159,2,15,3.3,5.8,4,20.5,68,535.7
754,172,7,10,0.4,5.8,1,16.3,61,676.9
755,132,3,20,3.2,9.0,7,11.2,47,449.1
756,101,3,7,2.9,3.9,6,24.3,48,371.6
757,128,7,10,2.2,1.0,8,5.8,69,386.9
758,139,2,23,7.2,5.7,3,22.8,49,576.3
759,248,2,28,5.2,4.6,4,18.6,47,737.1
760,139,6,27,9.3,3.3,10,24.2,75,692.3
761,69,6,10,4.8,8.6,2,19.5,46,562.9
762,241,1,12,1.7,6.1,2,22.9,46,601.0
763,207,5,12,11.6,6.4,9,13.3,56,716.1
764,35,7,19,8.4,9.4,2,23.9,35,706.6
765,213,6,16,8.8,5.0,3,21.4,70,797.3
766,180,6,15,3.6,4.1,2,24.3,72,717.0
767,201,1,17,2.1,1.4,4,20.3,74,434.0
768,100,7,20,7.3,5.1,9,5.2,57,602.4
769,219,1,6,1.1,2.5,9,5.7,48,325.1
770,93,4,28,3.5,9.5,4,16.2,41,609.9
771,136,2,9,7.2,1.1,4,13.5,64,407.9
772,106,3,8,4.2,0.4,6,13.9,24,304.1
773,206,3,11,4.4,0.7,10,3.4,61,475.4
774,239,5,9,9.3,8.7,8,5.1,56,664.5
775,81,4,28,4.4,2.2,4,23.2,55,511.2
776,44,2,21,11.5,8.9,1,3.4,66,575.5
777,115,1,19,6.9,4.7,8,5.2,35,365.6
778,115,1,7,2.9,8.3,2,6.7,33,409.7
779,82,4,15,1.4,1.9,2,2.9,72,415.7
780,222,3,14,3.2,4.8,6,20.4,53,549.1
781,140,4,22,7.3,4.7,6,6.1,45,568.8
782,146,6,11,10.6,1.9,10,20.7,72,548.2
783,82,6,9,8.7,6.0,7,20.7,55,493.9
784,156,2,22,10.3,8.8,1,12.8,33,706.1
785,91,1,6,2.2,2.8,3,12.6,33,312.5
786,202,2,28,9.9,0.9,9,1.8,24,547.0
787,165,4,26,10.2,4.2,5,1.7,75,676.6
788,114,5,16,10.2,3.8,3,21.3,33,587.6
789,189,4,28,4.6,4.6,10,9.4,28,560.4
790,156,5,29,10.5,7.8,6,10.3,71,766.3
791,219,4,28,5.8,7.5,7,24.2,64,697.3
792,68,3,22,1.7,9.7,10,0.6,53,365.2
793,250,3,10,3.8,4.6,9,2.8,61,541.8
794,108,6,7,2.8,9.7,6,10.8,74,485.6
795,187,4,24,7.0,7.6,8,21.4,41,735.4
796,177,2,30,10.8,1.8,10,16.7,43,579.4
797,112,7,20,7.7,2.7,5,21.5,68,618.7
798,135,7,26,8.8,5.4,6,24.1,32,720.0
799,145,1,6,9.0,3.3,6,18.6,39,422.1
800,130,3,14,10.2,2.3,9,2.9,61,416.8
801,89,5,21,0.8,3.1,10,9.6,70,394.2
802,69,6,29,3.7,4.9,2,3.3,30,614.2
803,236,6,27,9.5,5.6,10,13.5,52,818.7
804,117,5,15,6.7,1.0,7,4.0,30,496.5
805,98,5,10,9.9,2.6,1,21.6,31,596.5
806,153,4,18,2.1,3.2,1,18.6,31,549.5
807,193,1,29,4.3,3.0,10,5.2,38,411.4
808,186,3,9,3.5,6.3,1,3.1,55,545.5
809,190,7,18,9.4,2.6,10,11.7,70,647.1
810,90,4,23,7.7,9.3,3,22.3,68,644.1
811,209,7,18,9.4,7.0,8,24.1,35,734.3
812,131,2,14,10.4,5.2,3,20.7,68,540.4
813,149,2,22,6.9,5.3,1,1.5,51,586.1
814,135,6,28,4.5,7.1,2,16.0,29,693.7
815,44,7,6,11.2,5.5,1,7.3,34,671.9
816,113,6,23,4.5,1.8,4,15.9,26,638.6
817,111,5,17,5.5,7.4,2,9.0,75,612.4
818,86,7,18,11.0,0.1,6,14.4,63,542.5
819,204,3,23,1.4,1.2,7,20.5,35,508.2
820,166,7,8,11.0,1.6,2,21.9,59,747.0
821,240,2,24,9.5,2.2,8,4.1,26,692.3
822,216,7,30,5.8,0.7,7,5.3,61,735.5
823,151,1,23,7.3,5.3,3,21.8,59,532.7
824,163,2,26,0.8,8.1,1,13.7,67,575.3
825,128,6,17,4.9,5.6,10,12.3,72,516.3
826,136,3,27,2.8,5.1,1,2.5,73,599.7
827,45,7,7,6.0,5.1,5,6.2,35,454.6
828,51,3,5,0.4,5.2,10,11.4,72,198.8
829,144,3,29,9.9,2.7,10,16.3,34,502.5
830,220,1,14,1.0,5.0,4,13.7,40,558.0
831,193,4,11,10.9,9.8,10,19.8,63,724.2
832,236,1,24,5.7,6.3,9,7.0,37,622.7
833,75,3,25,11.1,5.8,1,24.1,51,641.6
834,240,3,21,6.5,3.5,1,24.3,57,820.3
835,130,4,9,5.4,6.9,7,12.7,61,482.9
836,152,5,30,1.2,5.9,6,1.3,71,596.1
837,245,5,14,5.7,7.1,1,19.8,33,885.0
838,108,5,12,1.6,0.9,4,20.1,36,441.7
839,79,2,28,2.4,8.8,6,21.5,65,451.3
840,60,5,15,9.2,7.7,9,17.1,42,498.3
841,88,5,13,8.7,1.0,3,14.1,52,519.0
842,198,7,26,11.8,4.6,4,6.6,66,873.1
843,112,3,19,9.4,1.3,10,12.6,27,439.5
844,152,4,6,3.1,4.0,8,21.8,44,419.2
845,137,4,27,8.2,0.7,10,14.3,67,443.1
846,66,5,26,4.7,9.4,4,5.8,28,605.4
847,248,3,24,3.1,6.4,10,11.6,51,580.7
848,72,2,29,9.8,5.8,3,18.6,27,609.8
849,187,2,9,0.5,9.7,8,10.4,30,464.3
850,248,5,24,1.9,5.9,2,20.6,65,773.7
851,83,4,11,0.1,1.7,4,24.7,58,353.2
852,208,3,17,8.0,3.7,5,14.9,70,675.2
853,48,5,6,10.8,0.3,6,11.4,69,435.4
854,243,4,24,6.6,4.6,8,6.6,63,702.2
855,121,6,13,2.9,6.6,10,25.0,63,460.7
856,96,5,6,5.9,10.0,8,23.9,38,577.1
857,188,5,24,7.5,6.4,8,7.6,55,676.7
858,194,3,29,5.7,1.4,6,22.2,73,611.5
859,202,7,22,0.5,5.2,10,18.9,27,577.5
860,220,6,25,6.7,0.6,4,3.4,44,802.6
861,209,5,18,2.9,5.0,9,24.4,29,577.8
862,182,1,14,3.5,7.3,5,10.6,56,505.8
863,50,5,8,8.3,6.7,4,23.2,30,534.2
864,45,3,18,8.0,4.3,8,13.7,75,407.2
865,122,2,28,7.6,8.2,3,8.3,23,571.3
866,90,1,21,5.6,0.3,1,16.1,69,386.8
867,150,7,7,3.8,3.4,1,21.9,71,667.7
868,212,4,23,7.0,1.7,9,2.4,39,566.0
869,166,1,21,8.1,8.2,6,3.1,55,558.4
870,81,6,5,4.3,3.0,8,19.5,30,408.4
871,136,2,16,9.7,2.4,7,1.7,41,444.4
872,229,1,24,1.4,10.0,2,22.6,72,755.8
873,128,6,14,10.2,7.3,10,6.1,60,643.9
874,156,2,5,9.3,2.5,8,1.6,45,426.6
875,181,3,6,10.4,6.1,9,4.8,63,502.8
876,209,5,11,10.7,2.6,3,4.6,74,767.0
877,128,3,7,3.4,7.4,6,24.3,44,405.8
878,71,1,29,5.2,5.9,1,25.0,34,511.7
879,112,4,21,2.7,8.4,5,20.3,73,536.2
880,42,5,5,4.2,2.1,1,21.4,49,366.0
881,126,4,18,2.4,2.5,4,17.6,26,453.2
882,106,1,15,6.6,6.8,10,1.8,70,312.4
883,176,6,30,8.0,9.8,4,15.1,60,812.6
884,114,4,9,10.4,7.5,9,2.7,24,561.8
885,239,1,10,4.5,5.3,7,13.0,35,562.5
886,164,4,18,9.3,4.2,8,18.6,58,606.7
887,161,1,30,10.3,3.9,10,8.5,63,615.1
888,38,3,14,3.5,9.5,4,3.2,44,421.3
889,118,3,27,4.6,6.0,7,10.8,36,475.4
890,239,4,9,6.0,1.2,2,23.9,57,661.6
891,37,2,30,7.3,5.8,7,4.4,43,385.9
892,206,2,16,7.4,8.2,10,23.9,25,588.8
893,93,1,19,10.7,5.6,5,18.0,59,484.0
894,164,2,13,5.1,5.0,1,13.4,53,588.9
895,40,2,30,9.3,0.0,6,8.0,64,377.7
896,173,3,9,5.0,3.8,5,12.2,29,420.7
897,219,2,6,5.8,0.4,1,10.2,66,585.3
898,62,7,12,8.2,4.8,6,24.4,55,463.3
899,134,2,23,4.2,6.9,6,0.9,24,434.7
900,209,3,30,5.4,1.0,8,11.7,39,603.2
901,160,4,9,0.5,5.6,6,23.7,53,429.1
902,197,1,12,7.4,2.2,4,8.5,38,497.7
903,69,1,22,8.1,0.9,10,12.0,55,366.3
904,128,4,24,2.6,9.5,10,23.7,42,507.7
905,147,7,20,4.3,7.9,1,5.2,60,757.5
906,38,1,28,6.9,9.8,6,11.6,66,454.9
907,85,6,15,10.0,6.9,1,23.2,69,668.2
908,131,5,29,3.1,6.1,6,15.6,74,645.5
909,78,6,6,10.8,6.8,3,12.6,58,623.9
910,235,4,28,11.7,9.1,5,8.3,24,871.7
911,132,2,10,4.6,4.7,5,9.0,29,418.4
912,154,7,5,9.0,3.5,9,9.7,24,581.5
913,52,4,8,6.3,4.6,6,16.1,67,322.2
914,36,1,14,2.6,9.8,5,21.4,52,264.9
915,231,1,25,5.7,2.9,7,7.5,29,544.3
916,231,4,8,8.2,3.6,5,8.3,34,663.9
917,88,1,19,10.7,9.8,10,24.8,42,427.6
918,40,1,11,8.9,5.1,4,6.8,52,329.4
919,221,5,15,3.8,5.2,8,23.8,37,632.3
920,168,5,22,2.9,9.1,4,16.8,52,706.0
921,146,6,18,6.1,8.1,6,20.9,48,620.1
922,100,1,18,10.5,6.6,7,11.5,31,426.9
923,147,6,6,0.7,7.2,4,12.3,27,581.1
924,237,6,14,0.4,4.9,8,4.9,54,621.4
925,40,7,25,10.1,9.0,3,5.7,23,662.6
926,178,4,12,8.8,7.0,8,12.2,38,583.9
927,182,5,6,7.5,4.9,5,23.5,73,625.3
928,216,4,19,4.8,8.2,4,17.3,61,718.4
929,49,4,5,11.7,1.4,3,4.0,31,464.0
930,50,7,13,1.4,0.4,10,17.1,60,308.2
931,174,6,10,6.1,4.1,4,4.6,69,652.9
932,115,1,28,11.0,2.5,4,15.7,32,536.4
933,153,5,19,6.2,6.0,9,12.0,49,557.3
934,97,7,17,6.1,3.6,4,5.4,62,582.8
935,188,3,25,7.0,6.2,7,21.0,22,590.6
936,39,6,23,2.8,3.4,9,6.6,75,400.3
937,126,7,27,4.9,6.1,1,3.7,53,711.6
938,200,3,23,7.7,9.3,9,1.9,58,642.2
939,195,3,13,6.0,2.8,3,15.5,32,587.0
940,95,7,24,10.3,0.9,5,10.2,32,657.1
941,96,3,9,4.9,8.2,6,9.6,32,433.7
942,42,5,19,2.1,6.8,8,16.2,50,401.1
943,197,7,5,0.3,2.3,3,8.0,30,540.0
944,49,4,24,3.0,6.5,9,14.5,53,369.7
945,146,6,15,8.2,6.3,8,22.1,61,626.1
946,167,3,26,4.3,5.9,8,3.2,50,557.8
947,38,7,5,3.5,0.3,6,14.4,32,297.4
948,38,4,16,8.4,6.5,4,3.4,25,443.8
949,91,7,27,4.1,2.0,5,4.8,36,620.4
950,78,1,19,5.5,8.0,10,11.6,74,406.7
951,172,1,9,1.8,9.6,1,6.5,69,557.4
952,211,2,14,0.5,2.7,1,4.6,47,589.0
953,44,7,12,9.8,4.2,4,20.2,37,623.6
954,207,4,7,1.2,4.9,3,8.0,67,588.1
955,90,4,9,6.4,7.9,8,18.4,34,403.0
956,183,3,20,2.3,3.2,1,3.1,35,588.2
957,225,3,11,1.5,5.6,4,8.9,40,614.7
958,144,3,17,8.7,9.0,10,9.4,28,516.1
959,230,4,16,7.7,8.9,9,21.0,36,741.7
960,113,5,5,8.6,7.0,9,19.3,48,417.2
961,41,5,5,2.9,3.4,3,23.1,46,356.4
962,204,4,19,11.0,2.4,8,17.1,68,653.5
963,165,6,11,10.3,4.4,4,21.6,65,667.9
964,40,2,26,6.2,3.0,10,4.4,72,273.6
965,130,4,30,9.9,3.9,1,22.4,44,743.2
966,233,2,5,7.3,5.0,9,9.2,25,520.9
967,77,1,13,0.7,8.2,5,16.2,74,284.5
968,242,3,24,2.3,1.7,5,9.8,62,574.5
969,111,5,20,6.5,9.6,4,2.3,66,678.4
970,82,2,21,2.1,4.7,6,20.8,33,351.6
971,136,1,25,11.4,1.1,10,11.0,47,407.4
972,191,3,18,1.8,4.0,8,11.0,45,436.2
973,119,3,11,5.4,8.1,7,24.1,67,403.6
974,229,3,22,3.5,4.6,4,24.3,23,616.7
975,144,7,16,2.3,7.2,9,1.5,73,523.5
976,248,7,17,2.1,7.1,4,9.8,63,841.7
977,116,7,9,2.3,1.9,4,17.4,51,508.8
978,35,2,16,3.5,8.1,5,11.2,56,218.3
979,60,1,25,5.3,1.6,10,24.2,27,243.9
980,151,5,23,9.6,1.3,3,4.2,57,652.7
981,148,7,12,0.5,6.0,6,14.4,58,490.5
982,237,4,7,5.1,9.0,8,24.9,37,695.1
983,226,3,23,10.9,2.3,8,22.9,65,701.7
984,106,6,7,1.6,4.0,2,20.9,42,473.5
985,152,5,22,1.3,9.7,8,21.8,33,608.1
986,139,6,27,7.8,5.5,9,19.6,28,647.8
987,62,3,7,6.0,7.7,7,10.6,64,334.8
988,187,3,23,8.8,1.0,8,14.9,68,607.4
989,50,5,8,11.9,7.0,3,24.4,61,549.2
990,98,2,16,7.0,5.4,2,21.4,36,489.4
991,59,6,15,10.4,9.1,7,10.4,49,638.7
992,241,6,7,8.8,0.7,8,5.5,22,679.2
993,192,1,8,4.1,0.3,1,9.7,66,450.8
994,76,2,27,11.9,6.0,9,2.3,75,549.8
995,249,1,17,6.9,5.9,4,23.1,45,579.1
996,161,4,27,0.3,0.7,2,19.0,39,540.4
997,165,4,21,5.7,2.1,9,13.9,56,520.3
998,167,1,8,3.0,0.9,1,22.0,38,378.6
999,202,2,12,6.6,7.8,3,17.6,27,610.0
1000,196,3,10,1.7,0.6,8,18.5,43,384.1
1001,150,6,15,5.2,8.3,7,18.0,65,593.1
1002,194,2,20,5.7,5.6,9,11.8,54,555.2
1003,184,3,8,2.9,9.1,5,13.9,27,467.7
1004,150,1,29,0.0,4.0,9,13.0,73,399.2
1005,75,7,21,5.5,2.4,4,13.7,42,526.4
1006,107,7,17,2.3,5.5,1,1.3,53,636.5
1007,215,1,30,4.2,5.6,6,5.2,73,558.5
1008,202,5,5,11.5,9.4,9,11.0,66,682.1
1009,177,4,28,8.0,3.0,1,22.4,22,755.8
1010,216,4,16,8.3,6.6,4,5.9,48,688.9
1011,243,2,26,2.7,0.8,8,21.7,55,538.2
1012,194,7,6,7.5,4.1,9,4.8,63,617.2
1013,208,7,26,9.1,4.8,4,19.0,50,930.2
1014,182,3,15,4.8,5.4,5,6.9,42,552.9
1015,162,4,29,11.5,9.7,10,24.1,34,750.1
1016,185,6,12,6.9,7.1,9,14.1,51,669.9
1017,40,4,30,8.7,4.3,3,11.0,25,578.2
1018,196,6,14,8.2,3.3,1,15.4,32,648.2
1019,57,3,21,8.7,4.0,2,10.0,30,569.3
1020,72,4,21,3.5,5.7,5,13.9,60,452.6
1021,35,4,24,4.3,7.5,2,17.4,55,585.9
1022,87,3,8,10.1,2.4,6,23.7,33,454.9
1023,47,6,17,2.0,7.6,5,19.5,44,471.8
1024,174,3,28,9.3,4.8,2,24.4,56,755.8
1025,123,5,13,5.4,1.2,7,20.8,39,427.2
1026,65,2,11,1.4,1.5,10,11.7,53,109.9
1027,146,4,30,7.8,0.1,4,16.2,28,659.4
1028,248,1,10,3.2,8.5,3,10.0,60,632.0
1029,196,3,19,1.0,1.3,10,24.2,41,414.8
1030,187,6,16,4.2,4.2,6,3.5,47,627.4
1031,240,1,12,7.4,0.9,5,21.9,48,600.9
1032,232,1,13,0.2,4.1,9,12.0,39,443.5
1033,164,5,15,6.6,9.0,8,6.7,34,589.7
1034,141,2,28,5.1,9.4,7,16.4,75,531.8
1035,36,1,21,9.8,2.9,2,10.3,54,390.1
1036,84,2,26,9.2,2.1,9,5.9,69,323.0
1037,164,2,27,8.8,5.6,3,24.0,48,717.8
1038,141,2,22,8.0,6.8,6,16.1,71,535.8
1039,222,5,24,6.1,7.3,2,10.6,46,848.3
1040,210,6,29,10.4,4.8,3,11.8,35,896.4
1041,107,3,5,1.3,8.2,5,8.5,24,407.5
1042,75,3,23,11.0,7.8,8,23.8,73,484.4
1043,198,7,7,5.6,4.8,10,17.4,72,572.5
1044,203,7,11,6.7,1.4,10,13.0,67,608.0
1045,87,2,26,0.5,7.8,9,19.2,64,370.4
1046,93,2,27,3.8,5.9,4,3.1,54,463.2
1047,40,7,16,11.2,8.1,10,21.9,40,528.1
1048,224,1,9,1.7,5.3,4,16.9,63,560.5
1049,123,1,23,6.5,5.4,10,24.1,72,344.8
1050,79,6,28,7.7,1.6,5,6.8,39,590.6
1051,207,2,28,10.7,6.3,9,24.1,29,612.4
1052,103,1,28,6.6,1.8,8,1.0,46,354.0
1053,202,4,25,10.7,6.3,3,10.0,26,792.0
1054,55,3,27,6.5,4.1,9,15.6,43,271.5
1055,163,7,14,11.2,4.2,9,19.8,27,687.9
1056,42,3,20,9.9,8.4,10,10.3,67,482.9
1057,116,5,6,7.7,3.2,7,19.2,42,499.5
1058,112,3,5,4.1,6.3,4,6.1,63,457.3
1059,95,7,28,9.1,8.5,1,5.7,65,785.6
1060,131,1,22,9.7,6.0,10,17.4,24,438.1
1061,174,1,21,9.8,7.0,9,6.3,47,550.5
1062,48,7,18,12.0,0.1,9,22.0,49,558.6
1063,189,3,30,1.7,1.0,1,24.1,63,602.9
1064,53,5,14,8.3,0.3,5,9.7,52,407.7
1065,204,3,10,9.1,1.7,6,21.2,46,606.3
1066,223,6,23,0.5,4.3,4,10.2,25,673.7
1067,240,6,7,10.4,4.7,1,15.4,62,818.7
1068,164,6,12,8.0,5.8,2,8.0,42,775.2
1069,197,2,13,7.0,3.3,6,11.2,45,536.6
1070,120,5,6,4.3,4.6,4,17.2,40,537.8
1071,56,2,27,11.5,8.5,1,13.5,25,672.9
1072,51,1,10,7.8,7.9,2,19.2,42,316.0
1073,231,6,26,5.0,2.1,5,1.2,68,791.2
1074,151,2,6,5.5,2.0,3,14.9,24,357.4
1075,68,2,6,6.5,3.8,3,14.4,59,357.8
1076,161,6,18,8.2,5.7,8,3.9,42,611.6
1077,92,1,30,11.2,5.2,3,20.5,75,553.1
1078,97,1,16,10.1,1.4,5,3.0,53,424.1
1079,194,7,9,10.7,2.4,6,2.8,72,708.4
1080,214,4,11,6.9,2.1,8,22.2,72,548.5
1081,206,3,13,3.2,3.9,1,17.2,66,648.7
1082,138,6,27,4.3,0.8,7,3.1,57,504.8
1083,177,2,11,0.1,3.4,10,5.6,25,273.9
1084,85,3,19,3.5,9.9,9,23.8,33,398.9
1085,176,5,5,0.2,4.9,10,8.7,74,393.8
1086,217,4,29,7.4,8.6,9,9.6,64,723.8
1087,242,2,13,2.2,5.2,2,9.4,42,668.4
1088,197,3,17,7.8,0.8,7,17.1,65,606.9
1089,158,1,27,7.1,8.2,8,10.8,57,610.6
1090,157,5,9,9.0,0.7,2,5.5,45,605.9
1091,86,3,21,3.2,3.6,2,2.8,67,541.1
1092,213,7,12,10.9,4.3,5,24.9,32,775.0
1093,230,6,22,5.2,7.2,3,17.3,58,876.0
1094,85,6,15,3.1,6.8,9,5.3,34,418.9
1095,98,3,25,4.5,8.4,6,24.5,74,563.9
1096,135,7,18,11.7,3.8,3,18.3,35,677.6
1097,94,4,17,9.5,5.6,1,14.5,28,653.9
1098,112,7,8,9.0,9.3,6,17.4,55,622.4
1099,141,7,24,0.0,5.8,7,24.2,71,556.7
1100,107,3,17,9.2,0.4,4,11.0,57,525.1
1101,138,7,20,2.7,5.5,6,14.5,48,671.8
1102,157,3,24,2.0,6.5,5,15.8,33,621.3
1103,230,2,14,6.6,9.5,10,13.3,50,647.3
1104,41,5,18,11.5,7.5,8,12.7,63,517.4
1105,118,4,9,6.0,6.1,1,11.6,48,609.0
1106,72,7,18,5.3,2.3,2,23.6,47,570.2
1107,111,7,26,1.0,2.6,10,5.5,64,530.4
1108,177,1,16,4.4,1.1,10,19.0,34,326.5
1109,216,1,28,12.0,8.2,2,17.2,68,813.9
1110,70,5,9,5.3,3.9,5,11.2,75,443.9
1111,109,7,16,6.0,1.4,9,6.9,31,529.7
1112,217,3,14,11.2,8.9,9,3.6,70,670.3
1113,231,7,25,3.3,0.3,1,22.1,57,851.2
1114,84,4,6,9.6,4.9,5,18.9,25,488.3
1115,79,2,6,5.6,2.0,5,4.2,35,202.1
1116,149,5,14,3.7,4.6,8,13.6,47,506.0
1117,147,2,26,10.0,1.8,6,11.0,61,542.2
1118,97,2,18,1.1,0.4,6,3.8,62,234.1
1119,57,2,11,6.1,9.2,4,9.9,38,338.8
1120,135,6,6,9.4,2.8,7,8.6,44,545.3
1121,225,5,19,7.2,8.1,9,4.1,33,776.6
1122,61,3,23,7.2,8.1,2,12.3,44,495.9
1123,193,5,11,1.8,3.8,8,23.3,73,523.5
1124,64,5,16,1.2,6.7,5,5.9,68,458.8
1125,224,2,14,3.2,2.2,10,13.7,73,432.3
1126,135,7,10,6.6,2.1,6,0.9,39,552.2
1127,66,7,23,9.2,3.3,7,22.5,57,495.8
1128,169,4,26,9.7,5.0,6,14.2,75,718.4
1129,246,2,5,9.7,4.5,2,15.9,53,648.6
1130,165,2,27,1.6,9.0,8,15.9,42,515.2
1131,111,7,6,9.9,7.5,8,18.7,25,639.6
1132,195,6,10,6.7,8.1,7,6.7,27,682.9
1133,98,6,22,11.4,0.3,1,2.3,43,763.6
1134,199,4,10,0.1,7.2,5,18.0,35,517.2
1135,72,7,24,9.6,3.4,3,21.2,59,680.6
1136,160,5,19,5.9,0.1,10,4.8,65,493.5
1137,71,1,10,0.2,4.6,5,10.1,31,300.5
1138,116,1,9,4.8,4.2,9,7.5,39,300.3
1139,184,7,25,9.9,2.2,7,1.0,38,736.2
1140,247,3,13,9.6,2.9,6,2.6,41,717.3
1141,224,7,12,7.7,2.9,3,13.3,44,762.8
1142,157,2,24,0.8,1.6,1,2.3,57,489.8
1143,239,5,24,10.3,4.7,4,2.9,33,855.2
1144,99,2,5,3.4,8.4,1,5.5,55,364.2
1145,228,6,17,1.0,0.7,4,2.3,41,694.4
1146,161,3,19,10.8,8.1,10,19.6,40,583.0
1147,164,2,11,3.2,3.5,2,19.0,52,502.1
1148,186,3,11,4.4,7.8,9,7.1,33,484.3
1149,125,6,12,4.5,7.5,6,10.1,35,632.1
1150,82,2,28,4.4,9.0,7,11.9,61,431.3
1151,156,6,11,1.6,9.9,2,20.3,72,725.2
1152,235,1,15,3.5,1.4,6,4.2,51,549.6
1153,112,5,13,0.8,0.6,2,15.2,50,461.9
1154,226,6,28,4.0,6.8,2,10.4,56,927.3
1155,135,2,6,2.6,2.8,6,13.1,35,232.2
1156,159,4,11,8.9,1.0,8,8.6,27,446.6
1157,179,1,18,5.0,4.0,6,14.1,43,463.7
1158,180,7,19,8.1,6.9,9,17.6,40,725.6
1159,164,6,5,9.9,2.5,9,14.4,22,585.0
1160,96,3,11,8.8,8.5,5,2.0,74,519.4
1161,152,7,8,4.8,0.6,2,24.2,29,585.2
1162,157,5,22,7.1,3.5,4,22.0,69,589.0
1163,120,2,24,3.3,2.0,7,19.0,38,378.2
1164,105,4,27,7.2,4.4,9,20.7,32,501.7
1165,79,6,28,1.6,3.8,8,22.4,50,484.6
1166,112,2,30,7.7,1.1,3,1.7,44,495.9
1167,121,1,12,1.6,2.4,8,20.1,34,245.5
1168,112,1,15,7.8,4.3,8,19.5,32,420.9
1169,178,1,21,3.7,5.0,8,21.9,51,454.4
1170,86,7,5,9.3,1.6,8,4.5,32,446.9
1171,236,6,8,10.1,9.5,2,19.1,28,913.6
1172,78,3,29,4.2,8.2,7,22.4,53,438.9
1173,165,5,24,6.3,1.3,10,16.2,25,527.9
1174,145,4,27,7.0,4.0,3,7.6,23,724.1
1175,76,5,9,0.6,0.7,2,4.0,22,440.0
1176,62,7,22,7.6,3.8,9,22.5,30,536.7
1177,76,3,6,4.9,3.6,2,3.0,41,400.5
1178,67,3,20,7.9,7.5,3,14.7,23,520.1
1179,210,2,9,11.9,2.5,1,16.2,59,705.5
1180,209,2,6,0.5,5.1,10,8.4,33,352.8
1181,159,5,25,1.5,7.1,5,1.1,44,598.6
1182,161,4,7,11.9,8.1,7,13.4,22,665.6
1183,186,2,30,6.3,8.0,2,12.2,62,697.6
1184,201,5,29,2.8,5.9,3,13.5,65,694.8
1185,163,2,18,10.1,1.2,2,23.0,68,609.0
1186,91,2,7,2.1,7.5,9,24.8,28,270.5
1187,57,3,27,5.4,5.5,2,21.7,69,500.6
1188,213,1,27,7.5,4.5,8,16.8,33,535.7
1189,140,2,10,3.9,8.6,1,24.7,46,555.0
1190,185,3,28,3.6,0.3,9,11.6,57,474.4
1191,219,1,26,10.4,8.5,9,2.1,37,626.5
1192,217,1,11,8.1,6.5,7,19.6,36,553.6
1193,236,2,8,1.0,1.5,7,23.7,35,438.4
1194,233,3,5,2.0,0.3,6,5.8,36,431.0
1195,71,1,7,4.4,4.8,6,4.1,65,239.6
1196,197,4,17,11.3,4.3,4,23.6,32,758.9
1197,38,5,10,10.7,0.7,5,3.7,60,380.1
1198,79,7,29,11.1,5.0,4,15.2,43,699.6
1199,234,1,9,3.6,0.0,3,12.9,65,544.4
1200,40,2,8,3.0,5.4,9,1.9,22,131.7
1201,144,3,25,4.9,8.1,6,18.5,30,619.5
1202,38,1,22,8.9,2.6,1,2.4,29,444.4
1203,178,1,8,2.5,7.1,7,8.9,42,389.0
1204,67,2,22,1.5,5.6,2,7.3,73,470.3
1205,197,7,9,2.6,5.5,6,24.5,75,606.9
1206,85,7,5,0.8,9.6,3,20.4,35,566.2
1207,246,5,12,1.5,7.1,3,9.6,74,775.0
1208,204,2,10,2.4,2.0,9,24.0,51,374.7
1209,49,5,10,9.4,8.4,8,15.8,40,465.3
1210,51,4,16,6.8,2.4,1,14.4,71,499.3
1211,124,4,15,10.6,4.6,1,14.9,28,688.3
1212,168,5,12,1.6,7.8,1,6.9,32,640.3
1213,169,6,25,4.8,0.8,10,18.6,34,510.8
1214,225,2,14,10.9,6.0,9,12.7,68,525.8
1215,68,2,11,6.3,5.4,9,9.1,26,256.5
1216,68,4,7,11.6,2.1,8,6.7,46,453.3
1217,250,5,26,0.2,5.5,8,7.6,28,693.7
1218,177,2,21,9.2,3.6,7,19.9,26,565.3
1219,189,2,17,3.7,8.0,9,24.3,26,482.5
1220,84,2,12,8.3,0.1,3,17.3,46,399.4
1221,165,5,15,2.6,4.5,9,19.3,75,455.3
1222,152,3,20,3.7,8.9,1,16.3,49,653.3
1223,229,4,13,10.5,4.3,9,20.3,67,699.6
1224,39,6,24,9.3,7.2,9,18.8,25,529.6
1225,150,4,26,3.5,2.6,8,7.8,57,505.1
1226,59,6,22,3.2,5.6,8,20.0,43,399.2
1227,78,3,14,11.7,4.4,9,4.9,37,426.3
1228,182,6,25,0.4,5.5,3,20.0,73,741.5
1229,84,2,27,6.9,0.9,2,9.4,40,437.9
1230,95,3,8,7.0,9.8,8,4.8,29,494.5
1231,230,3,16,5.1,6.3,4,18.4,26,719.8
1232,160,1,28,10.1,8.2,10,11.7,68,614.5
1233,249,3,22,8.6,1.0,8,10.5,66,656.3
1234,249,1,9,11.1,4.4,10,1.6,33,595.5
1235,223,4,10,8.6,8.0,6,14.0,35,638.7
1236,114,6,26,6.1,7.3,4,24.1,37,737.0
1237,205,5,8,9.3,6.7,8,21.6,53,693.9
1238,155,1,27,7.4,2.3,7,22.4,25,468.4
1239,52,7,17,1.0,2.1,6,23.9,70,459.6
1240,80,6,24,10.4,6.0,4,14.5,22,603.7
1241,237,7,12,3.2,3.1,4,16.2,50,611.9
1242,136,6,21,9.6,5.9,1,18.0,62,793.2
1243,44,6,6,5.8,3.7,8,10.5,22,372.9
1244,160,7,17,8.5,7.5,3,6.5,39,772.1
1245,178,4,24,7.6,1.5,4,18.5,23,661.3
1246,220,7,19,7.8,1.8,1,14.3,49,862.4
1247,132,2,16,0.6,5.9,8,1.2,37,334.4
1248,188,4,15,1.8,5.2,2,15.8,67,604.3
1249,230,3,28,5.9,4.9,10,15.6,29,660.7
1250,92,5,30,3.9,0.6,2,23.1,47,576.9
1251,49,5,8,4.1,9.7,3,12.4,61,443.1
1252,36,6,28,9.5,2.2,8,1.6,25,509.1
1253,226,1,24,5.7,3.3,10,10.7,33,546.5
1254,232,7,5,5.2,1.1,7,11.3,59,698.4
1255,121,3,6,3.2,9.3,9,2.0,45,413.1
1256,169,3,13,1.3,2.3,5,21.3,46,486.5
1257,131,6,19,10.2,5.4,3,4.0,39,718.1
1258,65,3,17,12.0,2.8,2,21.2,42,525.9
1259,100,5,10,10.8,4.7,8,22.5,61,489.9
1260,113,3,14,5.2,3.1,9,12.0,52,344.3
1261,144,1,18,1.4,6.5,10,21.6,37,306.1
1262,90,3,21,0.3,7.2,4,8.6,68,431.0
1263,239,3,20,4.4,7.2,10,6.9,66,579.4
1264,107,6,26,6.7,8.2,4,19.4,55,767.9
1265,107,7,25,3.8,0.2,5,12.0,60,519.0
1266,67,1,12,5.3,3.7,8,15.7,49,279.1
1267,194,5,15,10.3,3.4,7,10.2,58,567.1
1268,96,6,10,1.1,7.5,6,5.3,52,499.3
1269,130,1,27,11.3,6.5,1,22.0,34,639.4
1270,57,7,18,10.5,8.8,6,7.9,50,651.8
1271,77,2,10,10.5,7.2,3,2.4,31,494.5
1272,36,4,26,4.0,6.0,3,17.6,66,538.8
1273,215,6,11,9.6,3.1,5,7.2,37,713.2
1274,225,6,11,3.3,3.1,7,9.5,47,601.3
1275,107,3,22,9.4,4.4,5,16.1,51,609.9
1276,44,5,18,11.4,5.8,10,11.7,63,520.3
1277,166,6,20,4.2,3.7,4,6.5,50,680.3
1278,72,7,19,4.6,4.6,5,17.4,75,585.2
1279,65,5,17,6.8,4.8,3,20.1,30,551.6
1280,218,7,9,0.9,9.3,4,1.8,31,797.3
1281,176,6,25,1.3,8.8,3,24.0,75,766.1
1282,86,1,17,10.7,1.1,6,12.5,72,360.8
1283,150,4,15,10.7,7.1,10,24.5,50,563.9
1284,209,3,7,9.1,6.8,5,12.2,54,639.5
1285,210,5,24,0.7,4.7,9,19.1,47,609.6
1286,236,3,17,7.9,4.1,1,14.1,50,774.6
1287,42,3,21,7.8,9.7,5,1.6,39,499.8
1288,130,3,23,5.1,0.9,1,5.5,46,571.9
1289,173,3,14,9.6,9.4,9,2.2,59,576.1
1290,197,1,22,9.5,9.7,4,9.1,24,637.9
1291,36,5,8,5.6,4.9,2,8.3,34,457.1
1292,166,7,16,10.8,2.9,3,24.8,59,789.0
1293,193,7,8,6.5,0.3,10,22.9,34,531.1
1294,227,5,28,5.3,7.0,8,25.0,34,698.6
1295,124,6,15,11.3,0.8,5,8.5,23,591.1
1296,167,6,6,10.0,1.8,4,8.3,44,573.4
1297,51,2,6,9.6,1.4,7,9.7,64,273.3
1298,58,5,29,9.7,8.3,10,7.3,23,497.3
1299,139,2,10,4.5,8.7,6,4.9,55,467.5
1300,123,3,25,7.8,0.9,3,6.7,53,536.3
1301,88,2,24,8.7,7.3,9,2.9,55,487.5
1302,110,2,30,1.6,1.1,4,7.2,58,409.1
1303,211,3,6,3.2,5.9,8,11.6,47,508.0
1304,136,2,19,6.1,3.7,9,16.0,25,452.4
1305,67,2,9,6.9,5.4,6,13.4,60,372.3
1306,132,5,20,2.2,7.2,1,11.2,71,620.7
1307,244,2,18,10.7,3.4,2,6.5,47,790.7
1308,123,4,21,10.4,2.6,2,12.5,52,689.8
1309,226,7,10,2.6,6.3,1,24.1,73,814.5
1310,235,7,18,1.6,0.6,9,24.6,26,573.1
1311,184,6,8,9.6,4.6,9,15.9,48,683.0
1312,220,5,9,2.5,8.9,1,7.0,62,751.1
1313,121,5,8,8.5,2.9,1,2.6,40,618.8
1314,138,5,9,0.5,6.3,5,22.2,36,528.6
1315,41,6,28,5.5,0.1,2,9.6,42,535.4
1316,235,7,9,7.7,8.0,10,14.9,65,706.9
1317,212,4,30,7.8,8.7,1,8.3,70,890.2
1318,163,7,21,8.6,7.6,6,11.1,67,773.6
1319,76,3,24,11.8,9.8,3,13.7,38,611.0
1320,200,3,9,6.1,4.3,10,3.3,70,430.0
1321,236,2,18,11.3,6.3,8,23.4,68,709.5
1322,39,3,6,2.4,7.5,5,10.5,61,233.6
1323,152,5,23,5.4,5.1,5,11.2,69,612.7
1324,202,7,10,9.9,8.4,4,3.2,57,895.0
1325,157,7,22,2.4,0.0,2,19.4,39,703.2
1326,144,5,9,10.6,1.3,9,23.2,33,535.8
1327,242,3,8,8.4,4.9,10,10.4,22,491.9
1328,192,5,7,3.7,3.7,9,24.5,56,513.6
1329,223,5,12,5.8,7.3,10,18.5,73,632.3
1330,112,6,16,9.7,7.2,2,15.7,45,659.5
1331,54,7,13,5.3,5.5,3,11.0,26,557.5
1332,94,2,25,8.6,1.2,5,6.0,34,528.4
1333,197,7,25,4.6,6.2,9,16.6,59,692.6
1334,128,1,23,7.2,0.6,10,15.3,54,365.1
1335,169,2,19,6.0,5.4,3,16.0,62,615.8
1336,99,3,30,2.9,1.0,4,20.2,65,484.1
1337,242,1,29,0.0,0.3,4,7.2,33,582.4
1338,55,6,5,8.3,1.8,7,2.8,47,408.1
1339,235,2,17,10.7,3.6,2,2.5,64,742.6
1340,191,2,12,2.6,0.2,10,4.5,44,298.8
1341,89,2,27,10.1,1.6,7,20.5,47,411.2
1342,96,5,30,2.6,9.1,6,6.0,50,536.7
1343,95,3,29,1.0,3.0,7,7.2,41,430.6
1344,182,7,27,10.7,6.8,8,4.3,31,829.4
1345,245,6,8,6.6,6.8,10,23.4,73,647.8
1346,36,1,22,3.2,4.2,9,5.5,75,237.1
1347,158,6,14,4.8,2.1,9,14.6,67,553.2
1348,78,4,8,8.7,7.5,6,14.5,64,524.3
1349,217,6,16,5.0,6.4,7,17.9,55,704.0
1350,185,3,13,11.7,6.4,8,9.6,49,663.2
1351,132,7,29,0.5,3.1,8,11.2,71,548.4
1352,75,4,19,2.7,9.3,6,15.0,52,489.8
1353,132,7,29,8.4,2.3,4,3.8,68,754.8
1354,114,1,9,4.1,1.4,10,16.3,47,197.5
1355,233,2,23,7.9,8.6,4,13.2,70,713.5
1356,143,4,8,11.2,0.4,1,15.0,65,658.5
1357,199,6,29,10.6,5.9,7,22.3,63,849.2
1358,230,1,28,3.1,7.9,5,3.6,33,672.9
1359,246,2,6,3.1,9.2,8,2.5,39,523.4
1360,43,1,25,11.4,7.4,4,4.1,49,568.9
1361,232,5,8,9.4,3.0,5,5.9,37,710.9
1362,173,1,23,4.6,0.8,2,3.7,39,539.2
1363,113,6,24,0.7,7.6,1,21.6,41,701.5
1364,127,7,22,1.2,0.2,8,10.3,73,443.9
1365,218,4,17,0.8,4.4,3,12.5,67,529.8
1366,165,5,22,1.1,6.3,2,2.7,25,667.2
1367,220,6,20,4.1,1.5,1,1.5,28,712.5
1368,42,7,22,7.3,6.2,8,16.9,38,557.0
1369,181,6,8,8.1,1.3,4,23.0,24,633.3
1370,148,6,12,2.9,7.4,3,5.4,35,661.9
1371,59,2,9,8.1,4.1,7,9.8,57,293.5
1372,101,2,5,10.3,0.6,2,3.0,46,430.6
1373,144,1,16,9.2,2.3,3,19.0,52,500.6
1374,112,2,18,9.8,4.7,1,13.3,49,524.3
1375,63,3,28,8.7,4.3,6,21.8,59,474.7
1376,95,6,22,6.1,6.6,10,1.8,27,466.4
1377,160,6,21,3.1,6.0,8,17.9,48,499.2
1378,42,5,19,1.5,6.1,2,21.2,72,517.2
1379,41,7,23,6.8,6.8,10,2.1,34,450.7
1380,164,4,9,0.7,5.3,1,2.5,33,587.5
1381,183,2,9,0.6,4.4,6,14.4,49,356.0
1382,150,7,23,1.3,5.9,6,23.4,41,636.4
1383,123,6,10,10.0,6.3,3,1.9,33,703.3
1384,136,6,12,8.7,7.4,3,17.6,55,644.2
1385,145,5,17,10.1,5.1,4,3.9,66,701.5
1386,176,3,27,7.7,7.1,5,1.8,40,657.5
1387,114,6,26,1.6,9.1,1,20.1,24,682.5
1388,130,5,29,1.6,7.6,1,2.6,43,680.3
1389,107,6,25,4.3,0.3,2,22.3,45,652.9
1390,130,1,8,4.1,5.3,8,5.4,59,309.3
1391,215,5,17,10.6,7.6,2,1.0,40,819.6
1392,223,1,11,4.3,3.4,10,4.7,32,434.2
1393,67,5,19,2.4,8.3,10,11.3,70,429.6
1394,140,1,18,2.7,9.2,6,10.7,75,437.3
1395,201,3,12,4.0,7.5,7,5.4,28,623.8
1396,76,7,27,11.1,0.9,9,14.6,31,563.2
1397,242,5,29,4.0,2.9,10,3.4,57,674.9
1398,181,1,23,3.2,3.9,9,19.6,29,397.9
1399,106,2,17,5.7,9.2,7,23.4,75,403.9
1400,229,3,27,0.7,2.7,6,22.9,38,546.9
1401,192,6,11,3.7,8.2,8,22.0,30,621.9
1402,61,1,19,4.3,8.1,8,6.5,71,319.9
1403,87,2,26,10.0,2.6,6,1.6,71,450.9
1404,179,1,10,5.9,9.8,3,13.9,61,559.0
1405,236,5,26,9.4,7.5,3,9.7,55,918.4
1406,39,7,29,10.9,7.5,1,3.3,25,822.3
1407,171,1,12,2.7,9.3,1,13.3,72,546.2
1408,184,5,19,4.4,9.6,4,17.2,71,746.3
1409,127,4,7,4.9,3.9,3,8.7,25,492.9
1410,74,1,18,1.8,3.9,1,22.6,51,330.6
1411,99,4,11,4.0,4.9,2,10.5,51,499.3
1412,81,4,7,0.9,9.0,7,24.8,61,341.4
1413,46,5,15,3.7,8.3,8,21.0,71,392.5
1414,58,2,27,11.3,6.6,1,3.7,70,592.9
1415,111,4,16,10.3,0.8,7,18.8,63,442.5
1416,145,7,24,4.2,2.6,1,2.5,50,661.4
1417,168,3,23,7.1,7.6,6,24.5,64,601.4
1418,160,4,10,5.3,5.2,9,2.3,66,498.7
1419,135,1,30,10.6,1.7,8,3.2,53,480.9
1420,180,5,21,1.2,5.0,4,15.0,74,635.3
1421,214,1,26,11.5,8.5,1,13.8,45,828.1
1422,148,7,10,11.6,2.4,10,20.1,48,641.3
1423,209,1,20,4.1,5.8,6,20.7,31,517.9
1424,56,1,25,0.2,0.4,3,12.3,27,271.3
1425,53,4,29,7.5,4.5,3,24.5,22,564.8
1426,189,5,20,5.3,2.0,8,22.9,61,555.9
1427,46,1,21,10.9,9.0,7,6.3,55,492.1
1428,175,2,29,0.1,6.3,5,14.1,67,465.3
1429,74,4,16,7.2,3.5,2,16.8,26,531.5
1430,185,5,17,11.3,0.2,3,23.2,32,674.7
1431,176,6,20,2.1,5.1,10,9.1,62,458.9
1432,238,4,19,3.5,6.8,5,12.1,50,709.7
1433,70,7,27,7.9,0.3,5,15.9,39,616.4
1434,173,6,6,1.5,8.6,5,19.3,52,628.4
1435,53,7,6,11.4,3.9,3,20.8,42,629.3
1436,113,4,10,0.7,4.7,3,1.4,49,440.2
1437,236,1,11,3.2,0.7,3,22.9,64,521.6
1438,186,3,6,5.9,8.7,6,15.5,65,522.1
1439,236,1,21,4.7,4.4,4,16.3,47,602.5
1440,182,4,10,9.2,5.6,6,14.0,53,619.5
1441,136,2,20,4.9,1.1,5,17.9,65,500.3
1442,186,4,26,7.2,3.3,2,7.8,50,678.6
1443,50,1,21,7.4,7.9,8,24.1,74,366.8
1444,71,5,17,3.4,9.1,2,10.0,36,565.6
1445,111,2,9,0.4,9.7,9,24.7,43,358.0
1446,234,7,30,11.4,1.8,10,13.7,47,811.2
1447,111,7,6,0.8,0.3,6,11.2,68,344.0
1448,234,2,20,3.6,4.9,6,4.1,25,611.3
1449,222,1,20,0.5,2.9,8,3.7,36,453.3
1450,117,2,29,8.8,9.8,6,19.6,73,602.1
1451,39,5,6,0.3,8.1,9,10.3,45,275.0
1452,150,2,15,5.4,8.6,10,7.9,64,464.1
1453,231,6,28,7.0,5.1,9,23.8,74,749.4
1454,151,6,13,12.0,9.8,2,8.9,43,844.6
1455,146,4,28,0.5,1.7,4,18.6,66,541.9
1456,82,1,23,4.3,7.3,5,9.1,56,481.7
1457,163,2,9,1.0,1.6,10,15.2,22,279.6
1458,166,1,23,4.4,3.4,3,20.4,41,475.2
1459,41,3,5,6.2,5.0,4,14.2,67,401.6
1460,121,7,14,0.5,7.8,9,18.9,74,464.3
1461,116,6,24,0.6,1.8,7,14.2,54,429.6
1462,178,4,29,5.7,1.6,4,4.4,57,631.8
1463,169,5,13,3.4,4.0,6,20.3,51,536.0
1464,173,5,18,7.9,2.7,8,3.1,30,561.6
1465,97,1,14,1.7,10.0,9,23.9,34,303.1
1466,139,2,28,1.4,2.7,9,15.7,72,414.9
1467,238,3,15,2.4,3.7,4,6.7,48,535.3
1468,81,6,26,0.8,0.0,1,17.8,48,554.1
1469,112,7,12,5.3,5.5,5,16.6,63,525.4
1470,67,7,20,11.8,9.9,7,12.9,57,664.9
1471,224,7,27,10.0,2.5,10,21.8,36,825.3
1472,170,7,10,8.8,4.3,7,23.9,49,742.8
1473,131,2,6,8.4,8.5,6,8.0,57,529.1
1474,134,6,24,9.1,9.3,8,0.6,48,724.0
1475,41,1,21,0.6,4.2,6,4.6,71,215.2
1476,167,1,6,9.3,0.7,8,6.2,39,401.1
1477,169,4,16,11.3,2.2,6,2.1,69,643.9
1478,155,4,10,2.0,9.8,7,8.6,23,439.9
1479,131,7,11,3.7,5.8,10,22.3,57,447.6
1480,108,4,14,6.4,2.4,5,18.1,71,483.6
1481,73,5,28,7.4,0.3,2,15.3,60,711.3
1482,228,4,5,10.2,2.1,10,9.0,59,606.6
1483,207,1,15,10.2,8.6,4,16.9,64,694.2
1484,132,6,21,2.6,0.7,7,15.7,68,564.1
1485,76,3,9,6.8,1.6,10,2.4,70,282.8
1486,122,5,25,8.0,2.4,5,23.6,44,594.6
1487,43,2,25,7.3,4.1,2,5.1,40,482.5
1488,98,5,9,4.9,8.4,6,2.8,51,509.7
1489,87,6,23,1.1,8.9,6,2.1,46,532.6
1490,197,7,25,6.2,7.2,10,6.6,42,769.2
1491,173,3,19,2.1,6.2,6,16.5,72,495.3
1492,218,3,16,1.6,4.5,6,21.8,45,518.2
1493,187,4,27,11.6,7.4,10,9.6,44,787.1
1494,244,5,26,5.8,8.8,3,14.7,46,887.2
1495,238,5,13,1.8,8.7,3,4.6,45,722.5
1496,151,2,11,7.2,6.4,5,18.7,54,485.0
1497,156,2,22,4.4,8.9,9,11.8,24,503.1
1498,62,1,10,3.1,5.9,3,21.1,50,295.4
1499,181,2,12,3.4,3.1,7,4.0,36,391.7
1500,37,1,5,6.0,0.4,7,21.3,73,157.4
