batch_id,material_kg,machine_hours,worker_hours,energy_kwh,units_produced,defect_rate_percent,supervisor_age_years,factory_age_years,production_cost_thousand_kzt
1,335.9,54.9,78.0,1527.1,967,1.4,25,12,1734.2
2,558.5,27.6,149.7,524.0,351,3.6,53,40,1935.0
3,988.5,26.9,122.1,2122.6,676,5.6,65,38,2459.7
4,401.3,7.0,18.5,1197.0,1445,3.6,59,20,1307.1
5,997.4,66.3,82.7,1107.0,1127,0.4,32,2,2249.0
6,218.4,72.5,121.3,1578.2,234,3.1,64,16,1969.0
7,580.0,10.1,21.1,2955.2,1900,1.8,49,38,1753.8
8,1022.7,74.1,16.1,806.7,1972,5.4,53,2,2442.8
9,318.5,6.6,54.9,462.4,2449,5.5,58,10,1528.2
10,432.9,43.3,63.8,2816.7,1139,1.6,43,34,1928.7
11,477.5,65.1,139.1,308.6,2352,6.3,31,18,2654.2
12,333.1,57.6,142.6,450.7,1762,5.5,60,23,2146.0
13,1112.9,34.7,147.2,365.3,2073,3.3,47,31,2620.4
14,712.8,4.7,90.2,419.1,226,4.2,50,39,1658.0
15,1030.3,71.3,117.3,885.1,2339,7.4,45,17,2922.3
16,688.0,33.8,134.1,2333.6,2460,6.5,48,15,2669.9
17,373.3,24.1,151.5,2279.8,2086,1.0,48,6,2204.7
18,390.7,46.9,49.7,424.4,1739,6.1,52,21,1660.1
19,1141.2,54.7,118.6,474.7,1562,1.7,43,22,2360.4
20,330.4,63.3,20.5,548.6,1858,2.5,44,20,1691.2
21,110.7,19.7,50.8,618.3,2220,2.3,25,4,1118.2
22,788.5,62.0,145.9,2333.2,391,2.1,56,36,2551.1
23,473.2,50.1,125.2,1100.8,754,5.2,55,15,2312.4
24,609.2,47.8,57.6,1421.4,1963,2.6,64,28,2192.1
25,244.9,21.9,80.9,1581.0,2172,4.8,56,23,1766.8
26,636.3,63.4,154.3,1421.4,675,7.1,50,13,2636.8
27,266.2,5.5,98.7,674.4,820,7.2,49,22,1371.5
28,793.6,20.3,120.5,916.0,1889,7.2,60,21,2334.0
29,107.7,24.2,140.3,519.3,954,7.3,57,9,1823.4
30,743.4,52.8,23.4,157.0,2173,0.2,42,38,1750.7
31,738.2,20.3,81.7,1535.8,888,3.5,28,23,1891.3
32,750.7,12.3,143.8,1757.3,2211,0.3,40,34,2243.7
33,847.7,26.2,33.7,606.1,568,1.9,25,7,1452.8
34,510.3,69.0,121.4,2122.8,796,6.9,64,39,2362.9
35,886.1,14.1,98.0,1067.0,2402,6.9,55,16,2489.5
36,980.7,77.0,96.0,295.7,1991,2.7,38,29,2501.2
37,1084.1,8.9,115.7,2241.9,445,3.8,31,10,2309.7
38,725.1,7.7,19.0,2003.3,2267,6.4,29,32,1892.2
39,1142.8,65.7,88.9,769.6,1342,5.1,45,7,2672.2
40,1009.4,56.1,99.9,2114.7,803,0.2,48,17,2433.1
41,728.5,57.7,26.8,2148.6,1742,6.5,47,11,2199.8
42,126.8,12.6,128.4,2698.2,1795,4.7,63,14,2027.2
43,922.4,53.9,82.2,2576.5,1122,7.0,46,17,2809.9
44,468.9,47.1,14.6,2454.2,1546,7.1,63,18,2049.2
45,946.8,65.3,29.3,2601.5,926,1.4,60,6,2197.4
46,617.1,11.8,95.3,360.3,1764,3.5,55,19,1616.6
47,128.8,15.4,35.0,1914.8,886,1.5,52,39,1124.6
48,130.5,28.5,56.7,1217.2,2112,6.1,38,33,1669.8
49,242.5,64.9,159.1,1089.7,1856,7.4,53,13,2618.0
50,170.5,57.6,53.9,977.6,765,6.7,42,3,1681.2
51,119.9,49.0,11.1,843.8,462,5.3,25,30,1178.9
52,583.5,12.9,11.8,1804.3,103,1.7,28,7,1197.9
53,619.0,65.6,116.1,2071.2,1126,2.0,31,5,2445.7
54,461.4,34.7,73.8,1105.2,557,1.4,25,31,1498.0
55,337.8,77.5,92.1,1974.3,744,1.0,65,24,1939.5
56,167.3,66.2,94.6,2534.8,843,5.6,54,10,2138.3
57,1003.1,56.3,66.3,2151.4,1103,3.9,35,7,2355.2
58,705.5,27.1,49.8,1649.3,963,6.8,32,36,1922.0
59,1076.3,46.1,11.2,1848.0,362,2.2,63,7,1902.8
60,956.1,11.2,111.1,593.6,1178,7.5,36,14,2280.0
61,535.4,60.2,50.6,609.1,1370,4.9,56,39,2010.3
62,177.4,77.7,155.1,1614.5,668,0.9,28,21,2192.4
63,442.7,17.1,34.3,2781.8,440,5.0,44,21,1676.3
64,1142.8,12.2,10.9,2226.2,1262,6.7,32,35,2066.2
65,1022.1,36.1,25.5,2746.5,1685,4.2,46,35,2332.3
66,605.9,71.5,50.6,1457.7,2286,5.7,34,18,2443.2
67,374.6,72.6,22.8,1297.0,183,2.4,61,3,1530.3
68,724.8,9.9,102.3,2851.8,884,3.7,47,16,2008.5
69,958.7,36.7,35.9,709.7,227,6.1,54,6,1808.2
70,652.9,73.5,14.2,766.2,1758,7.9,28,36,2162.9
71,596.4,35.6,62.1,1582.7,1060,2.1,60,5,1716.0
72,498.1,27.6,97.9,2749.9,764,5.7,27,15,2000.9
73,361.0,32.4,109.0,1256.5,1618,0.2,40,25,1787.6
74,457.8,8.5,148.5,342.2,103,0.5,45,27,1462.0
75,595.3,37.8,17.5,2874.9,353,0.6,30,37,1450.2
76,208.0,48.1,121.8,304.2,1542,3.0,30,40,1935.6
77,1118.4,41.5,28.5,2703.9,2445,4.6,33,10,2518.4
78,1078.8,73.3,16.0,2654.4,1735,3.4,64,17,2615.8
79,305.4,69.1,33.7,2225.3,1508,2.0,32,22,1862.7
80,350.9,74.2,78.1,672.7,819,5.2,28,17,1825.2
81,542.1,79.8,134.2,2738.2,1493,2.7,57,38,2795.7
82,683.9,71.0,92.6,1989.5,2352,3.8,51,34,2685.0
83,350.1,25.5,34.4,272.9,793,4.9,47,32,1245.3
84,539.4,8.4,49.5,2695.2,744,1.0,29,34,1636.3
85,888.4,38.8,80.4,1177.3,2125,0.7,62,12,2109.6
86,787.3,70.6,89.9,2528.3,1883,7.4,48,33,2924.2
87,996.0,49.0,50.0,2503.1,1887,6.5,62,30,2673.4
88,818.9,36.8,132.2,2836.5,2426,5.2,46,11,3005.2
89,662.9,46.1,28.2,1133.5,1039,1.9,33,18,1777.3
90,999.1,77.5,47.8,285.0,1201,2.4,43,22,2314.2
91,886.8,60.2,22.1,2365.9,1998,0.3,49,16,2386.1
92,616.2,46.8,131.1,1938.5,1464,2.7,59,1,2358.6
93,112.1,70.0,130.1,1994.6,1818,7.7,28,22,2473.7
94,1031.0,59.7,120.2,2556.8,1626,3.3,53,5,2829.8
95,635.0,66.6,74.2,1488.8,708,1.8,51,31,2010.9
96,835.6,29.7,19.2,682.7,1114,5.4,56,5,1628.5
97,496.5,44.0,86.3,947.8,1201,7.2,33,7,2063.3
98,619.6,50.7,92.0,1937.8,2132,8.0,25,36,2708.0
99,389.1,63.8,70.6,2125.9,834,3.8,63,34,1962.7
100,584.3,45.8,136.1,1394.9,1500,4.6,28,10,2412.9
101,953.6,27.7,15.1,1300.1,1864,2.5,43,34,1869.6
102,747.2,46.9,44.3,1377.9,2079,4.0,61,38,2168.2
103,141.9,66.5,15.4,2759.7,1884,6.4,46,5,1933.3
104,446.1,64.1,39.2,2591.2,1229,5.5,46,32,2128.2
105,305.5,33.0,64.2,1495.1,1177,4.4,50,23,1631.3
106,983.4,39.4,105.9,651.3,727,6.9,56,6,2440.3
107,1136.0,65.1,142.4,2712.3,451,3.7,41,10,2945.4
108,396.5,15.2,142.0,448.7,1669,0.5,63,22,1840.5
109,435.6,55.8,117.6,2942.3,1520,5.0,55,35,2394.6
110,1106.2,19.9,14.4,2752.2,898,5.4,47,21,2080.1
111,949.3,4.1,64.4,2723.1,2287,4.2,52,34,2298.4
112,703.8,73.4,131.7,469.7,1153,7.8,46,29,2565.9
113,438.1,56.0,12.4,2362.5,1291,3.1,61,22,1859.2
114,518.1,32.4,159.2,2091.0,690,6.2,50,16,2429.6
115,284.6,22.9,130.3,1938.2,1963,4.4,58,29,2007.7
116,1164.2,78.7,139.0,1339.3,2096,1.2,59,17,2994.0
117,420.2,42.3,16.2,1078.1,435,6.6,55,5,1710.2
118,729.5,50.2,33.0,1915.6,767,4.5,49,11,1834.0
119,755.5,58.7,26.7,2562.0,2261,7.1,56,9,2557.3
120,581.7,71.3,52.6,1822.0,636,4.2,60,25,2186.5
121,654.3,49.0,22.6,363.4,1133,3.9,59,23,1689.6
122,629.7,79.1,76.6,2761.0,192,8.0,61,39,2398.0
123,929.7,65.9,31.4,1252.3,191,3.2,32,23,2056.6
124,1000.7,29.9,34.3,588.7,502,4.7,35,16,1679.8
125,1090.3,24.9,98.7,431.7,923,2.9,53,8,2031.1
126,1118.2,77.7,68.2,2283.6,2086,6.3,40,31,3048.1
127,948.0,8.2,51.0,392.9,1068,4.9,37,21,1711.9
128,507.7,25.9,60.8,2684.5,2266,4.4,41,8,2234.0
129,238.9,45.8,130.0,2488.8,394,1.2,61,33,2018.1
130,1152.8,51.6,28.2,1619.4,1674,3.9,43,4,2538.3
131,498.7,56.3,131.1,660.7,327,1.1,50,4,1871.1
132,347.2,60.5,157.7,1846.8,543,2.9,51,29,2174.1
133,1067.3,15.0,59.1,1184.6,552,2.6,36,28,1836.3
134,518.5,52.7,137.8,2411.4,635,5.9,27,8,2244.3
135,483.9,27.6,118.8,1719.7,1673,3.5,45,10,2069.5
136,600.7,17.0,73.6,932.8,1217,2.5,56,31,1740.2
137,911.9,62.9,132.1,2056.2,742,6.3,62,8,2685.9
138,715.4,16.9,99.0,1336.2,2162,2.7,34,11,2142.5
139,339.5,50.9,39.5,1515.0,958,3.5,50,4,1626.2
140,557.3,61.8,97.3,1696.9,2006,0.7,27,10,2175.0
141,815.8,4.6,94.4,2601.6,1886,4.7,36,3,2564.6
142,336.9,24.0,73.1,2213.9,998,4.7,28,3,1811.5
143,230.4,42.9,127.1,178.8,1466,1.4,33,40,1714.2
144,698.3,69.4,47.1,2201.9,2481,4.5,40,38,2577.8
145,1059.9,59.0,49.2,369.9,1515,1.0,29,16,2184.9
146,1072.1,35.5,159.2,530.3,1235,3.6,64,30,2655.4
147,594.3,74.8,39.9,1494.2,1299,2.0,54,3,1950.5
148,306.7,22.2,142.2,241.6,1048,5.2,51,23,1748.1
149,549.6,7.0,37.1,1139.2,1076,0.9,40,3,1506.0
150,582.1,29.8,120.2,681.4,1629,7.9,28,8,2275.4
151,933.0,25.6,120.3,260.3,663,5.0,32,29,2097.6
152,833.5,70.0,138.0,2692.9,1406,0.4,29,3,2799.5
153,877.7,72.0,13.5,2181.3,1808,1.0,46,3,2321.5
154,830.8,23.2,72.1,2821.4,410,5.2,60,12,2149.1
155,1110.1,8.1,141.5,548.2,371,7.0,31,24,2319.1
156,387.1,55.6,133.9,1432.3,624,1.8,40,10,1953.2
157,164.3,70.4,105.2,2741.3,1729,2.2,35,21,2315.4
158,451.3,73.9,77.6,2650.9,945,4.6,34,36,2331.3
159,370.2,19.9,146.0,240.7,1749,7.1,35,3,1849.0
160,808.1,66.2,10.1,217.0,1525,7.6,57,30,2035.5
161,766.0,54.9,50.8,2021.8,550,2.2,44,39,2106.6
162,914.4,55.0,86.9,1078.6,2331,6.5,32,35,2688.7
163,996.3,21.8,104.3,1953.9,1414,2.7,53,23,2556.1
164,713.7,50.9,28.8,926.0,2253,5.7,58,34,1978.0
165,419.2,18.4,35.6,462.7,871,6.4,30,2,1422.9
166,567.8,5.9,99.3,607.9,2044,6.8,48,24,1983.9
167,341.3,72.6,20.4,322.9,1678,3.5,26,12,1694.8
168,643.2,19.5,88.9,1970.0,324,1.9,31,26,1700.0
169,219.4,53.3,79.3,2577.7,368,3.9,27,36,1872.4
170,1027.6,79.4,33.2,334.0,534,4.4,36,36,2135.7
171,527.3,75.0,44.9,1005.0,1900,4.6,25,21,2248.0
172,1167.0,35.5,17.4,1558.6,2219,7.7,61,20,2490.5
173,803.2,44.9,38.4,2662.8,1935,2.7,36,31,2343.6
174,244.1,33.2,94.7,1076.8,345,0.6,63,40,1471.6
175,770.2,27.8,28.5,2952.8,638,2.8,58,13,1898.2
176,1025.6,5.4,69.1,617.9,2470,1.5,41,40,1936.3
177,853.9,20.1,126.0,460.8,2447,2.3,39,36,2360.7
178,696.9,49.3,138.5,2733.4,978,4.9,54,10,2551.3
179,805.6,17.7,10.8,2575.4,1015,4.2,49,20,1855.7
180,282.5,50.5,101.8,2397.7,1673,1.7,40,21,2066.1
181,553.4,63.9,142.6,356.8,328,5.2,50,31,2379.1
182,118.2,17.4,113.0,205.2,1625,4.4,34,21,1491.1
183,527.1,43.6,17.1,2126.1,1397,0.7,56,40,1828.1
184,345.8,18.6,25.0,313.6,2385,0.4,30,1,1270.6
185,580.4,17.9,11.1,722.7,1126,7.0,51,4,1579.4
186,315.8,14.5,122.3,534.4,797,1.6,65,32,1349.4
187,1103.3,28.4,30.1,1033.2,438,4.2,60,10,1822.9
188,530.2,66.2,31.9,1492.0,2234,2.2,31,32,2080.8
189,151.1,44.2,117.1,2461.0,1505,7.0,49,19,2240.8
190,335.6,76.8,16.1,987.5,110,5.1,35,9,1652.0
191,399.9,57.9,123.3,2036.2,1850,6.7,57,14,2614.7
192,219.7,24.3,83.4,180.4,2297,3.9,41,23,1636.9
193,677.5,53.2,108.1,1103.0,1077,6.3,64,4,2184.1
194,643.4,50.0,80.5,2409.2,989,5.4,42,29,2258.1
195,722.0,11.9,142.9,2708.2,720,3.4,46,38,2037.4
196,367.8,59.0,28.8,875.7,1162,6.2,57,8,1599.9
197,920.4,13.3,20.0,1512.7,2407,5.1,53,34,1820.3
198,956.2,64.4,108.2,893.5,347,5.0,43,37,2549.0
199,914.2,25.9,45.6,1229.6,814,1.2,55,8,1634.7
200,597.5,10.0,44.9,1342.5,2375,1.9,27,28,1632.5
201,287.8,18.8,32.9,179.5,1151,5.1,51,3,1412.5
202,892.8,16.4,159.6,1792.4,1605,7.0,35,17,2649.5
203,978.5,54.2,70.8,1733.6,159,5.3,49,22,2160.1
204,173.1,50.4,142.9,1959.3,353,6.7,31,10,1989.3
205,833.8,50.7,61.9,1962.1,1138,4.4,65,9,2246.0
206,1179.4,72.1,132.0,2950.3,560,7.7,54,21,3315.1
207,1008.8,41.1,16.5,2058.3,1238,4.6,46,19,2170.5
208,212.6,21.4,41.2,1666.3,852,4.1,33,7,1318.2
209,676.9,17.2,78.3,2440.8,2331,4.1,58,18,2165.7
210,926.3,27.2,43.7,2184.0,401,0.6,51,30,1779.8
211,1176.0,22.8,59.0,365.4,2123,7.9,50,37,2380.1
212,231.5,28.4,92.9,1141.0,119,4.2,53,37,1404.7
213,239.2,40.8,51.0,1814.7,842,7.8,28,25,1752.9
214,172.4,51.0,70.3,1695.7,2251,2.8,59,27,1976.2
215,1091.3,38.2,36.4,2812.0,1474,4.9,30,32,2318.4
216,831.5,20.8,120.0,2208.7,807,0.6,43,22,2177.1
217,249.6,29.6,28.5,2644.3,1928,6.3,62,12,1830.1
218,104.6,60.9,116.3,804.4,1612,0.2,27,17,1770.5
219,847.5,72.5,109.7,484.1,1584,2.2,58,25,2509.2
220,369.0,32.4,44.9,436.3,447,4.8,46,2,1217.4
221,301.0,23.2,60.9,904.8,1464,4.0,56,3,1419.8
222,777.0,68.9,65.5,842.8,1063,3.0,29,25,2269.9
223,985.6,23.7,131.6,2215.6,2464,4.3,46,1,2794.1
224,118.7,14.3,67.4,2346.3,1721,3.6,40,40,1483.2
225,498.3,22.2,36.4,2610.2,1949,4.4,52,29,2028.9
226,453.8,43.8,109.9,541.5,1011,1.1,63,36,1623.4
227,1199.8,4.6,25.2,363.4,1310,3.2,32,26,1898.9
228,683.0,28.5,88.0,748.2,746,3.2,42,31,1820.3
229,671.7,25.0,74.5,241.9,1383,5.1,34,40,1981.4
230,480.1,68.2,18.6,374.7,1236,4.2,41,27,1790.7
231,324.3,37.0,122.3,2057.3,1126,4.8,60,3,2189.9
232,986.8,43.8,149.1,1293.2,124,3.5,48,18,2514.5
233,128.6,20.4,83.1,1804.4,703,6.6,52,21,1673.6
234,669.1,29.3,132.3,201.3,842,3.0,26,35,1876.8
235,1149.8,4.1,54.8,887.5,759,2.9,53,22,1849.9
236,829.7,33.6,112.0,596.0,1626,7.2,54,34,2283.2
237,784.7,50.4,131.1,2499.1,1886,0.5,42,37,2693.3
238,923.1,57.8,34.1,2035.2,874,2.1,27,25,2240.1
239,571.0,4.8,52.3,1020.2,762,6.0,40,2,1446.2
240,679.5,54.6,36.2,2192.1,2347,1.8,64,39,2028.2
241,169.1,60.0,86.0,1349.4,1683,1.8,55,15,1867.0
242,1113.8,10.4,124.4,1197.1,1753,6.8,52,5,2583.3
243,1039.0,4.8,98.7,1502.4,1573,6.5,49,12,2294.3
244,1019.2,61.7,149.7,2254.0,2459,6.3,28,33,3147.8
245,520.5,78.6,101.0,1789.5,2115,4.2,30,37,2569.2
246,171.3,62.7,57.5,2588.6,459,5.7,56,23,1868.6
247,196.3,66.3,84.2,1542.5,2140,3.7,55,33,2076.3
248,1093.9,46.3,88.1,2912.5,896,2.1,36,23,2597.3
249,531.5,23.9,157.8,2117.1,1915,6.3,61,20,2455.0
250,924.6,30.7,154.2,2131.4,1600,5.4,65,1,2744.8
251,401.1,23.0,141.2,2057.4,1527,6.1,36,30,2310.5
252,483.9,26.7,106.3,2281.2,2132,1.0,48,40,2206.7
253,418.3,66.6,134.9,880.9,2100,5.0,53,15,2390.2
254,537.0,46.9,117.7,1906.2,103,2.8,52,17,2030.4
255,632.7,71.7,66.9,908.4,635,3.7,53,12,2098.7
256,659.9,47.4,45.3,1626.6,1490,5.7,28,25,1922.1
257,809.7,9.6,27.6,2766.9,324,0.2,46,19,1355.9
258,1009.3,52.9,92.3,2019.3,1419,3.4,46,23,2682.0
259,719.5,74.9,37.2,287.6,350,5.7,32,15,1892.7
260,1076.1,35.5,35.9,2891.5,1122,2.8,43,7,2393.1
261,286.4,16.3,52.2,2208.0,1442,2.6,30,20,1595.3
262,645.4,42.4,75.0,279.5,1948,5.2,35,14,2033.0
263,1043.9,52.8,84.9,1765.7,892,6.3,36,39,2740.7
264,441.9,24.4,44.1,1403.5,1164,7.2,33,33,1662.7
265,962.9,46.6,47.6,1033.6,1634,1.7,34,4,1929.5
266,245.0,4.6,32.6,1428.0,1047,0.4,32,20,1097.6
267,692.6,40.2,94.1,2530.3,2028,5.8,36,17,2719.3
268,139.5,64.4,91.0,1254.6,445,3.8,52,3,1766.7
269,654.6,59.4,100.6,2192.2,2323,4.3,62,17,2768.8
270,682.7,40.9,157.5,1468.6,2172,3.6,37,5,2369.8
271,976.0,53.1,45.0,1773.5,704,4.2,33,9,2103.5
272,827.2,27.4,132.9,1732.7,1774,6.8,61,17,2469.0
273,326.3,75.3,104.8,2145.9,1734,5.9,61,12,2548.8
274,704.7,44.7,144.6,1132.5,1593,2.8,26,33,2402.5
275,873.7,27.7,71.3,2795.6,558,2.7,47,28,2073.7
276,586.5,64.6,135.8,1230.3,299,2.3,34,18,2222.8
277,803.4,40.0,86.4,345.0,439,5.5,62,20,1975.9
278,558.4,31.4,85.5,604.9,449,6.5,64,24,1870.2
279,636.3,43.9,141.1,2813.9,619,2.2,38,40,2336.7
280,1177.8,75.4,117.9,803.2,1951,1.4,45,38,2738.6
281,572.8,68.6,50.7,2237.0,683,2.3,31,5,2041.5
282,620.2,23.9,78.0,1113.8,1350,3.4,25,16,1867.1
283,292.3,9.3,72.1,2423.2,2195,5.3,53,5,1937.3
284,247.2,48.9,107.8,1641.4,838,3.7,52,20,1844.6
285,963.3,69.7,62.3,2740.4,2332,7.1,38,20,2965.8
286,1169.1,33.4,81.6,947.7,2355,0.9,32,22,2374.5
287,613.1,47.4,28.0,626.9,259,1.7,43,35,1560.8
288,694.7,76.5,64.6,178.2,1822,0.3,58,25,2062.6
289,967.6,20.5,145.4,2940.8,180,6.6,28,11,2572.2
290,177.5,77.7,156.9,2853.7,2015,4.6,25,5,2971.2
291,748.5,40.2,129.3,360.5,435,7.4,45,37,2116.8
292,1113.3,72.3,136.8,971.5,637,7.1,33,28,2929.7
293,589.8,64.2,68.5,2670.3,930,1.1,27,29,2219.5
294,180.9,66.3,134.3,1642.5,2356,5.7,44,27,2419.6
295,581.9,26.3,103.9,729.2,1648,6.6,39,29,1981.9
296,692.0,34.8,102.9,1833.6,1608,7.9,63,39,2413.6
297,954.0,37.3,99.8,2659.3,2071,2.1,34,26,2598.5
298,747.9,69.8,36.5,2395.7,565,5.1,40,7,2232.8
299,881.5,67.4,70.0,1882.7,242,5.0,30,13,2228.2
300,124.2,61.5,101.2,2589.5,1160,2.2,63,40,2008.0
301,642.1,29.6,141.5,1260.1,322,4.2,38,35,2168.5
302,360.9,79.9,47.0,774.0,1456,7.1,56,24,2071.1
303,458.7,30.9,40.2,1724.0,433,5.5,48,23,1713.2
304,670.4,18.6,85.3,206.1,1012,4.4,30,30,1689.7
305,416.7,16.9,73.9,2206.5,1014,0.5,61,15,1468.0
306,247.1,66.2,113.8,1161.3,2486,4.2,38,40,2375.3
307,273.3,30.1,43.9,2305.5,310,4.8,28,5,1707.6
308,292.7,35.9,125.3,2532.3,1923,1.5,26,15,2059.0
309,617.4,54.7,135.0,831.6,1498,0.5,49,20,2218.0
310,1035.7,11.7,133.3,1919.1,2476,6.2,53,24,2654.6
311,548.4,75.1,154.2,329.9,2126,7.0,47,40,2609.9
312,503.9,30.3,58.0,578.9,654,4.1,45,32,1645.1
313,812.0,58.3,28.8,362.4,1126,8.0,45,32,2026.6
314,662.8,43.1,26.9,1140.3,666,3.2,60,2,1724.1
315,680.8,68.4,122.6,1224.6,1022,1.1,34,12,2219.1
316,712.9,41.3,126.4,2965.6,1280,3.6,26,10,2581.8
317,343.3,68.2,138.8,321.4,195,7.9,61,13,2086.5
318,390.3,14.0,54.8,2296.6,2307,3.6,50,19,1694.6
319,673.3,79.8,35.6,1518.8,1696,2.0,40,9,2188.7
320,526.9,36.1,110.4,2972.6,820,1.7,44,5,1994.6
321,634.8,18.6,137.5,1340.7,1393,7.4,62,39,2307.7
322,1091.2,55.6,155.9,1114.6,830,4.0,26,15,2682.6
323,954.1,46.3,131.6,1483.4,1245,6.9,43,39,2722.3
324,423.5,28.0,62.4,2332.6,1850,2.9,25,33,1739.1
325,1020.2,45.9,63.2,1058.2,334,5.9,54,40,2096.4
326,561.4,43.3,114.3,582.5,2422,0.4,59,8,2196.5
327,375.8,4.8,82.4,1737.0,1749,4.8,45,37,1873.7
328,370.3,33.5,123.4,1906.4,366,5.9,33,38,1999.5
329,793.9,71.1,137.1,2404.7,1608,4.7,47,4,2654.1
330,897.2,37.1,157.6,313.2,817,5.0,30,26,2357.6
331,1016.6,41.5,19.0,1000.2,302,2.1,35,22,1638.3
332,1173.4,23.0,32.0,2996.5,1928,4.7,32,1,2419.3
333,1133.4,35.6,142.9,1114.3,369,2.5,27,32,2222.1
334,252.5,7.5,58.4,613.0,552,2.0,60,5,949.3
335,268.8,60.6,55.8,590.8,688,3.2,54,39,1447.4
336,1033.6,53.0,127.5,1188.7,1766,1.0,30,26,2468.5
337,1037.2,77.7,129.8,1438.2,2445,7.6,40,33,3325.9
338,123.8,35.1,28.2,395.5,1442,1.0,56,38,1241.5
339,738.7,15.2,24.7,2424.1,2101,1.0,62,36,1854.3
340,668.2,20.6,128.9,1535.2,1788,6.9,48,21,2285.6
341,718.5,24.4,139.0,576.2,801,3.4,28,13,1981.8
342,191.9,50.5,142.3,2290.6,1813,4.7,54,5,2318.3
343,842.8,40.9,94.9,2800.4,1273,1.7,60,11,2370.4
344,143.7,19.0,140.8,932.8,675,1.9,32,6,1399.9
345,487.9,76.5,99.9,948.5,794,2.2,61,20,2185.7
346,236.8,23.6,156.2,1420.1,2057,3.6,64,12,1941.7
347,466.2,4.6,78.0,643.9,1946,4.5,47,18,1572.2
348,100.6,44.3,98.8,1194.5,1753,3.9,28,21,1638.9
349,1155.7,15.1,62.8,1370.8,2091,5.1,62,4,2294.8
350,996.7,31.4,39.2,2851.1,336,0.3,39,11,1873.4
351,748.8,30.5,96.6,1275.1,960,5.5,64,37,2134.1
352,274.7,30.9,102.0,1083.5,213,4.8,45,18,1712.6
353,780.4,74.9,89.3,1854.0,2102,0.8,45,37,2524.7
354,891.8,20.6,143.5,1423.2,2265,0.5,64,16,2383.2
355,650.3,58.9,32.4,2287.5,183,5.0,56,5,2004.2
356,1136.0,8.2,121.9,2771.8,2130,5.2,48,29,2488.5
357,1092.6,75.3,79.2,804.1,419,5.3,47,16,2372.7
358,383.7,67.7,18.4,194.7,895,2.7,38,7,1499.9
359,821.8,44.2,77.1,515.7,119,7.5,43,13,1923.5
360,464.1,19.2,29.1,1785.8,1106,1.2,44,21,1445.4
361,1187.7,56.8,75.3,1593.9,1490,1.2,49,30,2666.4
362,1153.6,51.2,125.0,2012.2,1399,3.2,32,36,2821.9
363,656.8,54.1,129.5,1810.6,1163,5.4,44,28,2359.5
364,937.6,4.6,52.7,1768.1,110,0.8,28,8,1526.5
365,1178.2,31.7,137.6,1623.0,754,7.4,26,34,2662.0
366,340.4,59.6,157.2,1381.5,844,7.7,37,26,2265.1
367,556.8,14.1,36.5,2825.6,2008,5.3,41,21,2118.0
368,294.8,13.5,40.5,1642.1,1542,2.6,28,21,1417.7
369,179.1,60.6,154.7,719.7,1019,6.3,57,14,2229.0
370,511.8,72.1,148.3,1590.1,184,3.6,44,20,2429.7
371,994.4,11.7,158.7,1889.1,2326,5.8,53,10,2769.7
372,165.5,10.0,92.6,327.8,2132,0.9,46,37,1344.4
373,177.9,52.1,107.2,616.7,1970,5.5,36,39,1967.4
374,988.7,26.2,143.2,540.8,1640,1.5,40,37,2315.4
375,273.8,44.8,115.2,1095.4,1471,0.2,27,12,1792.5
376,671.3,28.3,108.4,1904.8,1317,0.6,43,40,2066.0
377,693.8,21.9,67.8,898.3,722,2.2,50,9,1627.3
378,641.2,65.5,55.5,414.3,899,5.8,41,34,2079.1
379,690.1,38.4,114.1,180.0,1327,3.4,40,24,1943.9
380,635.9,27.8,61.1,1043.6,1795,2.3,55,21,1883.0
381,627.3,11.4,84.3,2644.0,1524,5.1,49,25,2038.0
382,985.4,38.5,95.5,2624.3,1537,1.6,35,38,2448.6
383,196.0,50.0,135.0,2327.6,465,7.0,36,1,2242.3
384,962.2,7.6,151.1,1782.7,966,2.6,47,28,2443.0
385,992.8,58.6,42.7,496.5,2430,2.9,34,27,2273.3
386,930.1,9.2,36.5,2582.5,1985,2.3,34,33,1877.0
387,277.2,45.2,38.9,2846.8,1825,2.1,51,29,1739.7
388,238.5,55.8,94.7,2866.2,340,2.7,52,6,1932.2
389,1047.4,50.4,31.3,2608.6,2389,2.7,46,15,2624.4
390,1173.6,18.3,71.9,2343.5,460,8.0,58,16,2259.5
391,324.2,68.4,74.5,1853.5,1239,6.1,32,27,2186.8
392,913.1,60.4,41.0,427.1,2420,6.9,60,37,2387.9
393,1049.0,53.1,35.2,1758.8,333,0.7,26,3,1968.4
394,1024.8,55.2,97.3,2638.0,1536,3.9,65,11,2744.4
395,817.5,74.7,145.1,2473.9,1766,5.0,53,39,3091.3
396,853.2,41.1,104.7,552.2,2136,5.4,37,11,2384.1
397,787.2,22.7,74.2,2725.7,1410,0.7,40,40,2109.4
398,168.9,24.7,26.6,2116.2,1387,3.5,52,35,1439.7
399,158.6,11.3,73.9,722.4,1804,2.9,25,28,1313.4
400,807.6,38.6,69.0,2309.0,2090,7.6,65,12,2564.9
401,1084.5,62.3,134.3,1574.6,1050,6.4,34,34,2744.0
402,759.1,15.8,142.3,388.1,2235,7.0,41,24,2380.4
403,174.9,5.8,55.6,780.1,201,5.8,33,22,1212.9
404,965.2,8.6,146.2,1750.1,425,4.3,56,23,2135.2
405,278.0,62.0,89.1,2741.5,2061,4.2,47,39,2214.4
406,838.9,4.5,30.0,2717.1,2048,6.8,65,30,2114.7
407,990.0,51.9,159.8,541.0,898,1.8,49,3,2401.6
408,864.7,69.1,155.9,193.6,2006,0.8,28,32,2578.5
409,137.2,56.7,93.4,1332.3,2069,2.8,58,14,2006.2
410,590.3,29.5,78.8,2807.3,549,5.1,40,26,2051.8
411,567.3,26.5,124.1,2552.3,2029,4.1,50,10,2257.0
412,253.4,30.5,52.8,2891.8,1932,7.2,45,4,2103.4
413,1104.0,43.1,19.5,1876.5,476,1.1,34,33,1999.8
414,411.8,28.0,56.6,188.7,2352,4.1,61,9,1627.1
415,1194.5,14.8,87.8,681.3,732,5.0,61,13,2036.0
416,254.9,39.3,142.0,1785.8,864,4.0,51,25,2018.3
417,275.9,78.4,111.2,282.3,1163,6.5,52,22,2230.9
418,1199.9,44.4,28.4,2262.2,1563,0.7,42,21,2363.2
419,337.4,48.1,88.6,1033.2,903,7.8,45,8,1856.9
420,460.2,37.8,37.6,790.8,843,4.0,64,32,1364.7
421,627.9,23.6,110.8,1185.6,305,4.4,31,31,1920.8
422,459.2,48.2,122.8,994.7,2283,2.8,28,34,2296.8
423,219.8,52.4,28.4,2661.5,1674,4.7,59,4,1927.5
424,1073.4,57.5,21.8,437.5,1700,3.7,52,17,2205.1
425,669.6,22.6,153.8,275.7,1760,6.1,63,7,2229.7
426,571.9,4.2,101.2,436.8,2282,4.7,44,9,1940.4
427,834.2,55.0,61.0,533.9,2074,6.2,45,10,2398.5
428,623.2,44.1,48.7,1408.2,940,1.5,56,28,1682.0
429,504.3,68.6,84.6,1989.5,1687,7.5,63,25,2818.2
430,137.4,77.0,137.7,1527.4,1530,6.6,48,10,2382.6
431,568.1,14.7,46.8,404.4,1297,2.9,42,5,1393.6
432,117.2,42.7,40.2,1650.7,102,2.7,45,16,1230.1
433,459.8,57.5,92.7,437.6,329,2.1,36,31,1679.7
434,807.3,52.5,14.4,330.7,161,3.0,26,31,1682.1
435,233.6,50.5,48.9,1084.7,1603,2.4,47,13,1686.5
436,899.9,32.2,90.2,2444.9,1833,6.7,45,19,2562.3
437,830.1,55.6,124.4,1097.3,287,6.1,64,28,2409.7
438,166.8,40.0,148.3,1342.0,2404,3.5,34,4,2012.8
439,556.5,5.0,50.7,2369.6,2128,5.5,43,11,1929.7
440,740.3,19.2,82.2,2700.3,2189,0.9,36,38,2047.4
441,496.8,38.8,94.7,2289.6,970,6.3,27,18,2053.1
442,904.8,32.5,29.3,2137.6,1650,6.0,52,13,2229.8
443,282.8,37.6,120.3,1062.5,1460,1.4,64,27,1708.9
444,141.7,27.7,134.8,370.9,802,1.3,65,11,1370.1
445,246.6,57.7,148.3,1410.6,1164,3.0,28,34,2138.5
446,838.8,49.2,80.3,1631.6,2414,5.6,26,20,2685.6
447,829.4,48.2,39.1,2863.3,301,0.3,47,4,1894.9
448,1006.3,23.8,60.4,2933.7,2487,1.0,44,34,2475.4
449,772.0,35.2,30.1,214.7,1776,5.0,43,9,1883.7
450,1079.4,79.7,58.9,2681.6,350,6.3,55,16,2615.6
451,782.9,31.7,158.8,1485.0,407,1.6,60,25,2194.5
452,1071.8,4.7,32.7,2908.8,1310,6.0,35,27,2144.7
453,121.0,43.1,91.0,2380.7,1536,4.6,55,29,1975.9
454,1019.7,54.6,39.4,2530.3,1816,4.8,31,34,2710.4
455,292.1,50.4,136.9,2306.0,330,2.6,47,29,2186.4
456,356.0,36.3,17.7,1089.6,1424,2.7,53,23,1402.3
457,1136.7,50.3,96.4,670.6,1449,5.5,47,28,2646.4
458,207.3,13.0,140.4,2396.9,2369,6.7,59,31,2344.2
459,463.4,22.1,77.3,1427.5,346,0.4,44,18,1523.3
460,169.5,50.5,15.9,2443.4,547,4.9,35,9,1625.8
461,762.1,42.0,151.1,1913.4,295,2.7,43,24,2335.5
462,621.6,61.5,126.9,579.6,546,6.0,40,23,2337.0
463,518.7,24.7,96.9,1665.1,670,3.6,47,27,1879.3
464,672.2,16.1,20.6,890.5,923,6.8,28,9,1569.7
465,556.5,15.0,148.1,2746.5,1683,6.7,26,10,2605.4
466,1117.0,5.2,115.9,2567.0,1796,7.3,34,24,2614.6
467,295.2,69.1,47.0,692.8,591,5.0,32,8,1671.6
468,1082.8,9.6,87.3,2942.5,267,0.5,26,4,2229.8
469,825.4,9.1,105.9,1483.1,1779,7.5,62,36,2253.4
470,856.9,44.3,117.4,2561.8,1120,0.7,26,14,2338.5
471,555.1,42.9,159.8,1258.1,2328,7.0,34,31,2482.1
472,331.7,64.2,145.1,742.0,617,2.1,40,17,2042.0
473,346.5,41.4,97.8,754.9,1701,1.3,40,19,1769.1
474,506.7,64.1,24.1,657.5,727,7.4,29,16,1871.2
475,794.3,45.6,64.3,625.1,2092,4.0,59,36,1948.3
476,122.3,73.9,90.8,636.6,2130,6.3,58,1,2217.7
477,259.0,48.5,114.4,174.9,1130,3.7,43,28,1661.1
478,678.4,64.0,56.9,1304.4,2019,3.1,61,40,2195.8
479,1137.8,75.7,113.5,2150.2,2265,4.5,48,3,3076.3
480,1112.0,55.6,130.1,2011.3,316,1.3,53,40,2549.5
481,522.6,15.8,149.7,563.8,739,2.3,53,35,1851.0
482,418.1,76.5,48.5,975.8,2179,1.8,37,39,2072.3
483,924.0,12.5,46.4,1259.7,1724,2.9,46,40,1958.2
484,1189.9,39.4,95.5,2196.4,2488,4.1,37,5,2927.0
485,849.3,31.9,113.2,1206.7,1152,6.5,53,23,2458.3
486,149.1,50.6,82.1,2290.7,2389,4.9,33,34,2024.1
487,841.8,53.3,147.0,1421.9,1177,6.8,29,28,2586.7
488,856.3,7.7,25.6,799.3,341,0.5,46,21,1356.2
489,614.3,23.1,141.6,2102.2,374,2.9,52,2,2016.6
490,925.7,18.7,26.6,2665.0,2266,1.4,51,11,2038.9
491,461.7,27.9,56.9,344.5,1946,1.4,49,17,1430.3
492,644.5,13.7,36.3,2815.8,147,5.5,53,4,1524.5
493,1023.1,14.7,73.5,2358.2,2066,7.3,27,36,2607.0
494,796.1,7.7,50.1,327.9,999,3.4,26,17,1459.2
495,796.4,78.9,128.1,2863.4,2388,2.3,28,27,3115.2
496,144.4,47.9,89.6,1704.1,2289,4.9,39,13,2025.3
497,1090.7,47.0,60.8,2803.0,1220,4.1,52,13,2558.1
498,1143.4,74.7,124.9,842.9,2237,2.4,35,2,2902.0
499,1010.1,14.6,10.1,2054.5,1893,5.4,35,29,2129.9
500,485.3,28.5,21.3,320.1,1377,4.7,41,5,1349.0
501,1182.7,13.5,155.6,208.2,1231,0.6,38,4,2177.9
502,887.0,25.0,132.4,603.0,1530,6.5,44,39,2410.8
503,380.2,33.1,138.9,2387.3,1680,7.8,41,24,2531.1
504,629.7,44.3,152.5,2330.7,280,2.5,39,36,2206.9
505,653.8,21.9,13.6,2842.5,1954,7.1,27,16,1956.1
506,716.4,34.2,105.1,1015.4,1830,1.1,42,12,1897.6
507,527.3,74.8,127.7,589.8,339,2.4,55,6,2119.9
508,529.9,10.0,23.8,1311.1,440,1.3,63,35,1265.9
509,264.0,6.3,62.0,631.8,427,3.6,27,30,982.0
510,220.0,52.4,54.4,1760.1,1249,3.8,56,4,1780.9
511,452.9,22.9,131.9,2665.3,2464,1.1,56,30,2227.4
512,466.6,52.7,149.7,2957.3,1919,2.2,60,17,2703.9
513,216.3,70.3,22.3,1818.4,527,4.8,62,6,1609.0
514,1124.6,31.5,22.6,1514.5,1579,4.1,25,22,2092.3
515,303.8,61.2,20.7,1043.1,299,4.7,34,12,1416.0
516,357.2,78.8,11.8,1969.0,1987,4.2,58,10,2063.9
517,695.9,76.1,69.7,1970.2,1155,0.6,57,23,2300.4
518,662.0,72.0,116.7,529.6,1432,2.4,60,40,2255.0
519,111.4,9.0,133.9,1392.6,651,4.7,48,13,1422.3
520,735.5,35.0,69.9,2775.0,1865,5.7,38,21,2527.5
521,458.3,38.7,64.5,1700.0,1005,6.9,48,40,1910.4
522,689.9,15.8,141.4,1490.3,281,6.3,25,36,2023.0
523,1073.1,16.2,13.7,2177.0,1449,7.6,61,17,2076.7
524,1155.9,16.0,95.5,1744.7,1067,5.3,52,30,2317.3
525,774.7,43.3,134.2,992.9,205,3.0,50,21,2141.3
526,777.5,23.6,97.2,1916.5,1715,2.0,60,24,2113.0
527,976.9,4.3,78.4,1567.6,1136,7.6,55,27,2198.7
528,367.0,15.1,109.6,327.6,1222,3.8,57,8,1623.3
529,365.9,4.6,148.7,2089.2,1627,6.3,57,8,1946.5
530,358.0,77.7,66.5,1117.0,1980,7.7,55,27,2289.0
531,1119.6,15.8,129.0,1902.9,913,7.3,33,17,2597.1
532,136.4,69.3,81.3,627.0,2236,5.2,64,8,2188.7
533,389.2,22.6,143.3,1877.5,904,4.8,52,38,2040.6
534,262.4,30.9,152.7,1211.7,948,1.4,49,18,1699.1
535,409.4,19.2,121.2,319.7,1335,7.3,58,31,1809.4
536,252.7,30.7,50.4,2286.4,1007,5.0,39,28,1729.3
537,306.3,6.5,157.1,2918.0,2319,1.8,53,7,2379.1
538,1015.1,17.6,119.9,1333.0,2368,4.5,46,2,2408.7
539,920.5,25.5,50.2,2016.5,519,4.4,62,38,1904.5
540,539.5,16.1,109.7,796.5,911,2.3,65,31,1752.6
541,768.6,59.1,60.3,2465.8,879,2.7,61,11,2088.6
542,533.2,30.9,112.2,1800.7,672,1.0,55,40,1769.8
543,367.1,22.9,10.0,1876.1,253,1.9,34,25,1213.1
544,1042.7,38.5,145.3,2257.0,2189,2.4,38,35,2965.5
545,307.2,28.7,148.9,470.0,311,4.5,63,5,1542.1
546,1163.7,28.8,157.0,2785.7,381,7.3,59,19,2798.1
547,387.3,14.2,109.9,2807.5,2242,6.4,65,31,2288.0
548,393.2,60.2,51.8,746.4,788,2.1,52,12,1618.0
549,701.0,32.0,82.3,480.0,2379,0.3,58,3,1965.0
550,456.7,4.7,73.7,1347.5,721,6.8,48,15,1487.2
551,555.3,26.8,150.0,2194.8,716,3.3,49,31,2323.0
552,945.9,56.0,33.9,241.0,1243,1.6,59,39,1897.8
553,488.3,72.1,116.5,1767.3,2421,0.3,26,2,2457.7
554,271.8,77.8,151.6,1097.7,904,0.3,27,21,2136.6
555,670.5,45.3,124.1,1679.1,1982,2.8,46,7,2442.8
556,199.3,52.3,109.3,1466.8,2309,2.5,47,36,2220.5
557,281.0,17.9,16.2,2145.6,616,0.2,28,4,1090.1
558,538.0,24.1,125.3,1137.8,164,5.7,64,21,1747.1
559,1161.7,13.6,64.6,525.4,1745,1.8,48,1,1957.9
560,980.7,48.2,14.2,172.8,2402,0.8,39,7,1898.4
561,906.4,46.3,151.4,2926.6,103,7.7,25,36,2919.1
562,1038.2,18.1,92.8,637.2,1001,1.5,28,11,1976.3
563,819.6,63.3,35.8,1543.8,1711,2.9,61,12,2257.8
564,719.8,74.2,33.3,1912.5,1603,6.7,35,37,2444.9
565,954.7,43.0,103.7,1142.0,1325,1.9,65,4,2330.4
566,378.9,12.2,80.0,2265.1,1763,2.0,54,22,1742.0
567,1136.3,22.2,55.0,284.0,1413,6.0,33,40,1927.0
568,1014.9,24.5,59.6,798.6,1721,0.3,47,13,2078.6
569,654.9,18.7,26.2,1958.2,969,2.4,37,37,1562.9
570,983.4,74.8,66.4,1973.2,216,3.4,64,19,2405.7
571,698.5,4.0,123.9,498.3,1731,1.6,33,30,1867.2
572,300.7,41.6,28.5,2943.2,2119,2.1,46,4,1806.9
573,510.7,76.3,12.9,265.8,2149,5.0,28,40,1768.3
574,372.8,4.8,105.1,1678.8,815,4.6,53,3,1690.2
575,183.3,47.2,110.7,489.4,1059,5.1,31,2,1797.2
576,375.0,61.4,92.0,1307.4,1636,3.4,25,36,2207.4
577,525.3,76.3,70.6,1857.0,801,7.5,37,33,2275.7
578,717.1,13.4,78.1,1393.2,2284,6.2,52,34,2215.2
579,846.4,76.5,94.2,2995.8,171,4.2,25,37,2714.2
580,881.1,78.2,43.9,925.6,650,7.6,64,5,2444.4
581,474.2,67.2,131.0,1632.6,1919,7.7,52,19,2674.0
582,1138.9,4.6,32.6,793.6,1176,1.6,29,21,1613.5
583,962.0,8.4,53.4,2201.6,1317,0.8,61,17,1927.7
584,1170.2,13.9,83.6,901.9,2438,2.0,35,12,2082.0
585,792.9,56.1,108.5,1645.3,1523,3.0,30,27,2442.5
586,426.4,53.7,87.7,2868.3,1379,2.1,51,8,2222.0
587,1126.1,68.9,126.0,1345.3,386,6.0,60,15,2859.7
588,552.4,51.2,131.9,2660.8,1615,3.8,26,40,2639.9
589,1146.8,78.0,117.1,2418.5,147,0.5,44,2,2976.9
590,661.6,11.3,93.8,1763.3,2273,2.6,30,11,2026.3
591,395.2,12.8,122.5,888.2,2095,1.5,48,2,1867.6
592,431.1,50.4,137.4,1994.2,1341,2.7,62,8,2427.4
593,354.4,9.2,73.9,1299.9,978,2.3,60,6,1408.8
594,1014.0,47.3,27.1,2062.0,1477,2.6,42,13,2122.2
595,393.4,6.3,103.7,2704.0,145,3.7,58,35,1622.6
596,451.3,42.7,19.6,2251.5,1362,7.1,27,5,2139.7
597,1036.6,42.5,105.0,1859.1,2139,6.2,42,30,2742.8
598,689.1,15.0,121.8,1122.0,1922,2.8,40,39,2110.4
599,1193.1,47.6,73.6,2165.9,1885,4.5,56,9,2843.5
600,303.5,18.9,52.3,2318.2,1326,0.3,30,28,1404.1
601,121.6,76.6,89.8,1005.7,807,6.3,30,29,2059.5
602,1078.6,54.0,74.2,756.9,238,0.2,62,17,1994.3
603,169.0,47.0,47.4,2097.1,221,2.6,40,32,1541.1
604,809.2,34.1,134.3,1172.3,461,4.9,44,14,2192.5
605,199.2,53.0,117.1,1978.4,2174,4.3,46,21,2212.6
606,131.6,45.8,129.9,1227.2,502,5.3,36,38,1715.3
607,308.5,34.8,15.1,2946.1,2200,3.5,41,29,1817.4
608,380.0,23.6,25.7,2283.3,1644,6.7,43,18,1859.2
609,108.6,62.7,90.9,2629.2,1475,5.5,45,21,2197.9
610,139.2,71.3,132.1,396.5,446,6.5,62,4,1852.0
611,774.4,54.6,140.2,920.7,1103,4.0,41,16,2469.4
612,910.8,56.0,86.1,1383.6,1259,1.7,40,23,2209.7
613,617.6,58.6,91.1,1990.9,1229,3.4,44,29,2307.9
614,386.4,27.3,13.2,492.6,1678,2.6,33,19,1481.3
615,400.0,39.2,119.4,2862.2,1638,1.9,37,34,2138.6
616,592.0,24.7,55.5,2679.3,1147,4.3,35,39,1964.0
617,1026.2,16.7,157.2,1537.5,1917,5.6,26,3,2673.4
618,909.5,30.8,15.8,425.9,829,1.3,33,32,1582.5
619,342.5,32.1,16.3,493.5,432,2.1,44,36,986.3
620,916.7,38.8,154.4,1272.7,442,1.9,64,32,2240.6
621,910.2,18.2,152.5,1816.4,885,7.5,59,12,2466.1
622,1016.5,32.1,129.2,2551.5,875,3.5,51,18,2471.0
623,711.9,72.2,125.2,1898.1,199,0.4,57,33,2387.4
624,1136.1,17.1,126.2,383.1,1619,2.7,41,23,2210.6
625,607.9,6.7,72.8,559.3,2273,1.8,55,2,1649.0
626,363.5,6.1,118.6,1704.6,893,3.5,61,6,1670.9
627,788.9,49.9,155.5,738.3,1672,4.4,65,17,2579.0
628,269.5,30.8,107.8,341.1,1653,0.3,38,5,1471.4
629,826.6,39.8,23.6,1430.2,294,3.2,36,22,1818.5
630,524.7,45.5,11.8,2185.0,812,4.0,26,21,1764.4
631,190.4,79.8,50.1,2194.9,847,0.8,51,3,1725.9
632,267.7,20.7,79.0,2454.9,1039,7.1,45,18,1716.1
633,932.6,11.7,152.9,1287.4,1307,4.0,63,5,2217.8
634,1043.7,53.2,143.0,386.5,635,8.0,46,9,2593.7
635,619.9,44.4,103.6,2040.9,1178,7.5,50,39,2378.1
636,1042.3,31.5,133.7,379.0,1290,3.8,30,33,2395.9
637,399.4,65.6,159.2,2701.3,1212,5.6,57,1,2723.9
638,553.3,34.9,29.4,2447.3,1375,3.4,33,13,1923.5
639,296.4,60.6,32.5,775.5,465,7.5,49,22,1850.3
640,960.5,59.6,39.2,1625.0,1906,5.0,64,13,2508.9
641,504.9,38.1,55.2,428.3,2390,0.9,41,34,1861.9
642,448.0,26.1,49.9,643.9,383,6.1,65,31,1571.5
643,946.4,34.8,75.7,1003.7,1043,6.0,26,27,2147.2
644,785.5,6.2,84.8,1821.1,1171,7.7,27,29,2262.2
645,551.9,79.1,11.7,1466.4,712,6.2,35,21,1966.5
646,144.8,9.6,123.7,1372.5,2142,6.7,39,8,2014.9
647,389.5,8.2,68.8,1445.1,460,6.8,41,13,1480.9
648,103.0,67.2,69.4,2173.1,1323,3.2,33,21,1927.3
649,675.5,32.9,97.0,1046.5,902,3.2,29,26,1958.5
650,1128.8,22.7,74.1,999.1,579,5.2,57,12,2182.8
651,498.8,22.7,154.1,1323.0,539,2.5,30,37,1957.0
652,530.6,30.6,155.3,1269.0,1410,2.6,46,11,2115.6
653,967.5,35.8,13.8,963.2,1740,6.2,35,5,2041.8
654,850.9,76.4,97.1,1732.0,769,5.6,63,33,2574.0
655,775.5,4.9,69.6,462.7,2039,3.0,53,19,1872.3
656,698.8,44.2,128.3,2935.0,356,3.0,40,18,2499.1
657,1169.2,79.1,115.7,2304.8,1865,1.9,53,22,3124.7
658,256.5,38.8,45.4,644.7,1178,6.8,48,22,1470.8
659,780.3,44.3,124.7,1053.9,1700,2.8,63,22,2368.3
660,649.0,71.0,91.2,728.5,114,2.2,51,30,2029.0
661,818.2,5.3,34.7,1000.6,2419,7.8,60,3,2147.1
662,977.6,17.1,44.1,556.2,1700,3.0,46,7,1809.5
663,647.1,33.7,108.4,2848.5,1214,0.9,59,34,2018.5
664,321.8,78.6,101.3,2482.4,2086,4.6,43,3,2511.1
665,847.3,22.5,152.3,2347.9,1696,6.1,37,38,2559.5
666,249.4,34.1,65.1,585.4,2375,1.6,47,12,1632.6
667,1108.1,39.1,101.0,1426.7,658,4.5,51,22,2445.3
668,1146.4,40.7,150.2,331.3,1759,2.2,47,11,2620.1
669,1121.4,5.8,158.4,1339.3,801,5.1,58,17,2400.5
670,184.3,53.5,72.4,2677.2,1434,3.4,61,37,2178.6
671,332.4,29.0,131.7,982.7,417,2.9,51,15,1818.5
672,600.5,25.8,139.8,224.6,2107,1.9,54,7,2251.2
673,1180.0,65.8,103.5,1672.0,2102,4.7,27,8,3154.1
674,710.3,56.2,43.2,398.4,684,7.9,39,9,1964.2
675,588.3,13.9,73.5,1970.8,1396,0.4,36,17,1766.9
676,621.2,37.6,100.6,240.1,517,1.4,42,23,1532.7
677,511.5,40.9,64.7,2698.3,1510,6.4,58,22,2331.5
678,345.6,41.0,35.4,1415.4,327,1.1,47,17,1251.2
679,896.2,17.4,94.0,2259.4,1224,1.4,47,10,2208.9
680,839.2,14.3,44.4,659.7,1479,4.7,41,35,1784.4
681,522.6,16.5,117.1,823.3,1691,6.2,49,34,1799.5
682,1070.9,14.6,116.3,2111.1,2169,6.8,57,13,2732.1
683,735.9,38.0,88.5,1288.7,890,3.8,29,37,2129.1
684,426.9,71.5,98.0,887.3,1717,4.4,62,40,2174.9
685,296.9,51.4,26.3,1200.9,1456,3.8,28,28,1546.0
686,139.4,74.6,28.6,1698.2,184,0.7,58,37,1438.5
687,521.9,33.1,96.1,1603.1,1184,3.8,51,30,2178.6
688,818.8,71.7,15.8,2322.5,1037,6.3,56,36,2216.5
689,1125.6,55.8,135.8,671.1,568,0.4,57,3,2232.0
690,862.8,63.1,73.2,1536.1,1753,6.5,40,37,2520.3
691,971.7,4.3,120.4,779.8,2322,6.4,49,17,2317.0
692,557.9,19.9,30.5,961.4,1638,6.7,63,2,1788.8
693,516.8,8.4,141.8,2033.9,2286,5.1,50,30,2296.0
694,527.0,26.1,27.9,830.7,1654,2.8,44,9,1440.9
695,318.3,21.3,139.1,1988.3,683,4.1,51,32,1949.0
696,663.2,15.7,143.8,1356.7,467,2.7,44,4,1817.7
697,831.3,53.1,147.5,2404.6,1805,6.3,38,3,2950.4
698,493.0,39.9,155.8,2358.7,1858,5.5,26,11,2616.3
699,792.8,61.6,67.4,1457.6,2176,7.0,44,13,2561.2
700,937.4,65.7,20.8,2290.8,2030,4.9,55,24,2604.3
701,194.2,45.0,131.6,2007.8,677,6.8,59,7,2165.8
702,329.3,33.4,37.6,2519.3,1057,7.7,44,9,1935.4
703,189.4,37.0,113.9,2941.5,1968,4.8,60,8,2359.6
704,617.9,31.5,111.7,1120.2,1466,2.2,47,6,2093.3
705,1052.2,11.8,139.2,1026.3,317,7.1,44,33,2166.9
706,785.5,13.5,88.3,718.6,2036,6.8,64,33,2020.2
707,1154.1,47.5,121.3,2065.3,396,4.5,53,2,2726.7
708,719.5,48.7,86.6,1027.0,748,3.8,42,13,2110.2
709,465.3,58.7,62.5,1474.6,945,5.3,46,33,2052.4
710,1109.2,67.1,142.7,1411.2,1573,0.8,29,37,2595.6
711,293.7,43.2,32.1,1851.8,2115,0.8,63,21,1686.5
712,305.5,68.6,49.1,403.6,1950,5.9,52,29,1972.5
713,845.8,12.8,66.2,2528.2,222,5.4,46,20,1981.6
714,580.0,74.0,70.6,2016.1,2236,1.9,64,20,2347.5
715,581.8,25.2,100.7,2372.7,209,3.5,54,12,1978.4
716,687.3,42.1,35.0,2289.2,152,5.2,43,10,1807.0
717,671.1,48.2,80.5,2431.8,2127,3.3,62,40,2558.3
718,737.2,71.5,153.5,232.2,684,1.4,29,11,2299.1
719,661.6,15.1,79.8,2416.2,2248,2.4,37,14,2058.2
720,762.4,54.4,14.5,2298.7,1415,6.4,45,3,2355.9
721,241.6,72.9,124.1,1765.8,1704,7.9,64,29,2607.9
722,978.0,68.3,156.0,1339.7,1707,5.1,27,14,2853.1
723,861.9,53.7,90.0,225.5,2114,5.4,46,32,2334.0
724,603.3,8.1,53.4,313.7,1395,5.2,55,3,1513.9
725,952.0,17.3,153.8,552.9,403,6.0,55,23,2060.7
726,402.8,63.5,136.7,2186.2,1179,1.9,43,29,2340.5
727,346.4,52.9,100.5,2221.6,1052,5.2,38,7,2264.8
728,501.7,74.3,47.7,2971.0,2482,5.8,37,5,2609.6
729,420.7,70.3,21.0,1894.9,159,7.1,37,15,1850.7
730,196.6,5.6,84.6,2905.0,1415,4.4,32,13,1818.2
731,222.7,72.4,106.0,322.2,1858,3.5,58,22,1991.5
732,582.3,48.3,141.9,203.7,2452,3.3,53,4,2303.4
733,675.7,32.0,93.1,2983.2,1277,0.4,25,3,1960.1
734,1097.2,71.8,77.2,1734.2,1928,4.0,34,31,2815.7
735,660.8,17.6,131.6,2979.5,2181,7.3,54,22,2611.7
736,595.4,28.0,122.5,1216.7,657,2.2,60,36,1734.1
737,511.3,71.0,110.7,1127.2,869,0.2,47,6,1998.3
738,920.4,13.0,98.5,1009.9,1687,3.8,58,4,2137.9
739,345.6,77.7,10.7,1979.2,2057,2.3,64,15,2090.0
740,895.9,64.6,78.0,2302.8,1427,4.3,64,10,2596.8
741,1177.5,35.2,28.3,2153.5,176,4.1,56,40,2111.5
742,1197.7,35.1,18.7,2566.5,595,4.7,47,36,2292.2
743,942.7,69.1,83.1,1301.1,2370,3.4,45,1,2670.1
744,599.9,69.9,138.7,2631.6,2098,2.0,48,22,2596.9
745,543.6,8.0,91.8,1867.4,1546,0.6,25,40,1884.4
746,407.2,63.5,158.4,1335.2,2457,4.9,38,22,2753.6
747,571.4,10.9,155.5,2959.3,492,5.1,26,4,2218.8
748,919.6,78.2,90.2,1571.8,1923,1.6,52,11,2598.7
749,198.0,57.2,59.9,2336.0,2196,4.7,31,16,2065.6
750,378.1,67.9,113.0,1644.2,750,6.5,26,25,2304.1
751,1121.1,24.1,12.4,2047.3,2474,4.7,36,39,2441.4
752,488.0,60.0,115.2,1603.5,1753,5.5,34,16,2535.7
753,602.7,74.4,48.0,2687.7,1062,6.6,32,18,2617.3
754,930.4,11.7,140.2,1714.0,554,0.5,50,12,2085.4
755,533.2,70.9,91.2,970.1,1591,7.3,62,32,2491.3
756,183.7,12.7,55.1,903.2,1973,4.1,35,33,1343.8
757,799.7,50.4,32.8,2327.4,865,7.3,49,15,2326.2
758,1063.5,43.6,44.3,2353.4,186,6.8,33,23,2232.3
759,1177.4,79.2,157.1,620.4,1330,7.8,34,25,3176.7
760,849.8,24.9,153.0,2305.8,415,1.5,52,40,2276.6
761,395.5,5.0,23.0,2278.0,173,4.6,37,23,1227.7
762,495.8,79.8,99.1,1890.5,1471,5.2,37,16,2665.9
763,1017.7,79.8,40.6,2713.2,1874,5.9,31,24,2823.3
764,198.3,52.6,104.3,501.7,626,1.0,42,31,1467.1
765,480.1,64.5,107.7,737.3,1543,1.6,38,10,2188.0
766,556.4,9.8,56.4,1497.9,2454,2.1,53,29,1512.3
767,403.1,11.0,93.1,2499.3,185,7.5,28,26,1903.8
768,494.1,5.8,100.7,418.0,2090,3.3,40,21,1723.1
769,753.1,77.4,20.1,1362.8,1921,5.8,34,12,2437.5
770,231.4,35.4,48.5,1085.5,598,1.2,54,14,1211.1
771,925.0,42.9,86.6,2942.8,2239,5.9,56,36,2816.0
772,268.1,4.6,22.5,1947.6,360,2.4,34,5,1068.9
773,873.7,20.4,45.3,193.2,2014,6.5,44,18,1950.4
774,706.0,41.8,13.3,2498.5,283,4.7,48,13,1657.5
775,844.4,59.2,56.7,998.2,1000,6.2,43,18,2267.7
776,566.3,43.8,50.9,627.8,1373,0.5,35,38,1538.4
777,715.9,22.3,146.1,2691.1,2010,5.4,41,37,2661.4
778,497.3,70.0,41.0,352.5,1074,7.8,29,33,2028.8
779,1150.1,61.4,136.3,2380.9,1766,7.4,65,23,3151.3
780,765.7,32.7,16.7,2735.1,1632,2.9,27,38,2083.3
781,630.6,51.8,87.3,375.3,1001,4.7,29,28,2135.8
782,577.7,69.9,110.6,1675.2,836,2.3,62,13,2269.1
783,651.6,18.4,99.9,551.3,1816,1.3,38,17,1851.3
784,377.3,12.3,152.9,340.8,1889,7.8,41,11,2157.6
785,158.1,10.7,63.0,732.4,852,6.3,37,7,1306.4
786,559.7,65.5,53.8,2967.1,200,2.4,27,36,2148.7
787,1140.8,37.0,32.5,1410.6,2051,0.8,43,39,2042.7
788,1144.2,18.6,77.8,1017.0,2230,3.6,65,16,2381.4
789,828.0,5.7,49.1,1491.5,196,2.2,39,16,1634.3
790,178.3,22.2,136.0,1869.6,977,2.5,51,7,1539.6
791,452.4,6.2,149.0,356.9,565,6.3,50,2,1839.9
792,1144.0,52.0,92.2,263.5,1366,7.9,47,18,2588.8
793,699.7,51.8,145.7,894.2,458,4.8,50,7,2179.6
794,1099.8,44.4,111.3,2234.5,1410,3.1,40,16,2722.9
795,304.6,63.8,127.8,2861.1,598,2.0,44,3,2299.4
796,992.1,39.8,116.3,175.6,1561,4.1,30,18,2279.9
797,781.6,54.9,86.0,748.1,1183,4.7,32,32,2162.0
798,707.4,9.4,59.4,1940.2,253,4.7,51,4,1843.8
799,636.4,60.2,110.6,1931.8,1748,4.4,26,2,2392.4
800,1130.6,59.3,71.2,1608.2,2187,1.6,41,2,2614.0
801,705.6,63.9,159.9,2459.3,1547,4.2,49,18,2870.8
802,744.9,75.6,13.3,2769.7,939,2.5,47,29,2299.8
803,664.9,70.6,109.7,1862.8,119,4.7,47,18,2464.7
804,711.9,4.1,53.6,2331.9,2367,6.6,55,32,2176.7
805,469.4,37.6,148.0,2082.1,1429,5.4,39,7,2472.2
806,545.2,33.5,146.8,898.0,1284,0.4,30,30,1848.6
807,718.8,54.6,76.5,2798.7,1132,0.5,27,22,2029.6
808,1023.1,25.8,29.7,2393.9,655,1.3,42,1,2080.6
809,735.1,5.0,138.6,211.5,1555,1.2,27,38,1796.6
810,272.1,47.1,75.1,2601.8,1033,5.1,56,19,1881.9
811,833.4,79.0,117.7,1820.3,430,3.8,59,9,2546.3
812,1029.0,24.8,77.9,535.8,671,2.0,48,38,1861.4
813,780.2,9.8,142.8,1656.8,1324,2.5,64,13,2149.1
814,551.1,28.3,94.2,1185.6,1118,2.3,53,23,1688.6
815,129.3,59.3,62.3,2409.4,1492,3.8,27,30,1883.7
816,656.1,71.3,74.8,2839.3,1335,1.7,38,12,2355.9
817,461.6,54.1,36.8,2870.9,1611,1.5,39,14,1902.7
818,648.7,60.2,29.8,1397.0,146,6.2,62,4,1923.5
819,260.9,23.5,115.2,1538.4,2089,6.1,37,36,2127.6
820,925.4,4.8,21.5,305.8,1757,6.3,54,30,1822.1
821,835.8,59.1,155.8,2816.9,2131,3.6,33,17,3077.2
822,382.2,11.3,20.2,2987.7,960,1.0,61,40,1382.2
823,125.6,15.4,12.2,780.5,800,6.8,55,22,972.8
824,284.1,73.7,32.7,679.0,332,2.7,50,13,1408.4
825,767.9,22.3,60.4,1131.1,1134,6.9,41,14,1955.9
826,955.0,17.6,14.6,381.9,455,0.3,27,1,1368.6
827,114.0,68.4,47.7,1338.2,614,7.3,36,34,1744.7
828,328.5,61.5,88.0,558.1,1756,2.9,35,2,1907.3
829,694.3,16.0,75.6,708.8,1436,0.9,30,23,1553.2
830,926.0,29.9,106.7,1332.6,1943,0.7,41,20,2303.6
831,838.7,41.2,16.6,2707.4,1681,3.3,55,30,2244.6
832,862.5,70.9,121.5,2209.9,2436,2.4,28,19,2923.0
833,140.4,19.7,129.5,800.5,1817,0.7,48,10,1577.6
834,106.7,26.3,121.3,2942.9,585,5.8,46,32,1881.7
835,531.7,15.3,108.4,873.8,1812,1.5,58,18,1929.9
836,1147.0,17.4,58.1,1580.1,2426,5.6,62,10,2496.9
837,747.8,16.9,155.9,2281.7,1724,2.9,30,11,2485.7
838,439.4,10.8,81.1,1143.0,2119,4.5,26,28,1649.9
839,793.9,5.1,41.8,1080.1,2132,7.9,48,10,2059.9
840,652.2,38.5,17.0,770.6,1834,3.0,59,16,1809.2
841,546.8,75.0,85.0,2718.4,1831,6.4,33,20,2684.5
842,857.7,33.0,90.1,2901.5,1926,4.3,25,14,2579.4
843,948.2,8.4,148.4,1046.2,1979,7.8,35,14,2710.0
844,632.0,42.8,152.0,1818.1,2324,3.2,45,9,2559.3
845,166.0,9.8,34.9,2380.8,1093,4.5,62,20,1462.5
846,1148.8,43.2,72.8,1908.0,1148,5.7,60,2,2463.8
847,1033.8,40.1,115.4,2882.8,1376,5.8,49,22,2792.3
848,1116.3,78.5,128.8,2114.8,192,5.6,58,17,3089.1
849,729.5,40.3,19.8,1153.3,1135,1.1,45,17,1635.5
850,916.0,22.7,124.8,902.1,941,5.8,47,36,2361.2
851,492.0,4.1,28.4,2827.0,1649,6.1,62,10,1799.2
852,989.6,30.3,113.0,2375.0,211,0.6,35,3,2165.7
853,804.0,62.5,25.5,2163.6,131,3.8,49,5,2037.8
854,719.7,71.2,137.1,1779.4,552,5.1,25,2,2370.2
855,518.5,12.9,10.4,791.9,1424,0.4,46,25,1323.3
856,132.1,42.4,151.6,1631.6,1493,6.5,46,4,2018.2
857,896.2,30.8,28.8,2541.1,1199,0.4,26,35,1968.4
858,491.6,57.1,61.0,1579.1,1015,7.8,27,16,2205.6
859,749.9,61.6,63.5,2251.3,1475,2.8,34,4,2316.7
860,555.3,75.3,153.0,2739.5,2442,6.4,42,21,3246.2
861,1164.8,54.2,25.7,422.3,306,6.1,42,35,1901.1
862,987.9,10.0,132.8,2278.6,1344,7.8,29,10,2577.2
863,130.9,15.6,97.8,224.6,2047,5.8,39,28,1668.1
864,163.9,78.4,58.3,2437.4,668,2.3,45,31,1830.3
865,949.9,60.8,87.5,550.8,2138,2.0,49,25,2292.5
866,836.4,38.0,121.2,236.0,2230,1.4,30,36,2192.4
867,1125.6,45.0,46.4,360.6,1545,4.5,37,24,2321.6
868,296.3,33.3,52.9,478.0,1920,6.3,39,35,1601.8
869,545.2,22.3,70.5,2163.5,1513,6.6,58,39,2102.9
870,807.0,12.5,155.1,2704.2,2472,5.1,64,40,2796.8
871,599.0,26.7,128.6,1055.4,468,2.1,60,5,1828.1
872,536.8,37.6,107.6,1537.5,1576,3.6,42,6,2154.3
873,117.1,27.7,20.9,914.7,2149,6.2,39,6,1554.8
874,118.9,79.5,19.5,283.4,2336,4.2,56,15,1851.4
875,707.7,78.8,74.6,1334.2,2289,0.5,53,32,2259.7
876,379.7,43.9,73.4,1703.9,2282,3.0,30,18,1967.7
877,403.4,19.7,141.8,2557.7,902,3.6,43,15,1950.2
878,139.7,78.7,147.7,949.8,1535,7.2,65,31,2488.9
879,239.5,21.0,41.5,1071.0,1949,5.5,32,20,1559.2
880,667.2,21.0,30.2,2638.2,1943,2.1,40,12,1961.6
881,627.8,69.7,107.9,2517.9,1775,2.4,47,39,2529.3
882,210.9,59.3,11.7,1677.3,1066,1.8,44,16,1464.7
883,772.6,73.0,139.5,1953.0,1889,5.9,51,35,2984.1
884,447.8,33.5,11.7,2396.8,474,7.5,46,12,1685.2
885,888.8,63.4,17.2,2876.6,932,2.6,31,29,2116.3
886,518.0,32.5,96.5,903.4,988,0.7,33,19,1712.7
887,331.7,47.6,57.7,2284.0,2349,2.3,37,22,1919.8
888,1124.6,29.2,92.0,2892.2,300,5.8,50,2,2538.7
889,178.0,51.9,71.9,2976.3,1857,7.5,57,36,2216.9
890,559.3,40.0,38.4,1329.9,1581,1.2,43,15,1725.5
891,623.2,8.9,132.7,1313.9,100,6.9,35,5,1859.4
892,402.2,28.1,138.5,1244.3,1943,3.3,43,29,1997.1
893,959.5,49.1,120.8,2102.0,1681,2.2,43,30,2644.8
894,252.9,29.9,99.1,1530.9,121,5.2,55,34,1656.8
895,944.2,61.6,137.9,489.4,1311,2.4,44,29,2478.6
896,1097.2,77.2,26.6,2441.4,1789,6.0,29,17,3008.2
897,821.3,37.2,152.7,317.0,2386,0.9,29,19,2389.5
898,182.0,11.9,123.1,2608.4,1541,4.6,34,2,1953.6
899,808.3,21.3,102.3,972.6,1238,4.2,42,26,1997.7
900,989.0,50.8,44.9,2704.5,646,0.5,36,20,2116.0
901,895.8,76.9,100.7,2087.7,492,4.7,32,3,2605.1
902,219.3,10.0,44.7,2527.8,2153,4.4,35,6,1690.5
903,1177.8,66.0,89.7,2035.7,2166,1.4,44,36,2993.1
904,126.1,61.7,11.2,2488.4,2351,2.6,58,6,1840.7
905,120.1,50.5,34.4,2402.9,2351,3.0,46,39,1941.4
906,338.3,56.1,37.9,1154.9,457,6.3,28,7,1712.0
907,1141.0,10.8,60.8,520.2,2223,6.8,55,33,2331.4
908,511.0,18.8,113.6,2027.4,1289,2.8,40,39,1855.9
909,886.7,51.6,144.2,1804.0,1202,4.3,65,19,2643.0
910,773.2,36.1,36.6,2429.7,2358,6.6,46,39,2416.8
911,103.1,62.3,46.5,2827.6,1300,3.0,35,20,1886.3
912,351.4,38.8,60.1,1812.9,2018,5.3,36,35,2111.8
913,647.9,27.8,96.7,1211.4,474,3.5,57,22,1776.8
914,709.7,55.7,18.1,2632.3,1022,0.8,38,11,2011.3
915,416.5,73.7,50.9,1055.3,1908,2.1,34,15,1845.9
916,880.3,27.8,111.5,1102.9,795,2.7,43,1,2105.9
917,997.1,51.1,90.6,1445.4,1305,7.1,25,15,2630.0
918,793.3,75.0,34.9,2282.3,281,6.9,29,28,2286.3
919,867.7,68.5,53.2,2599.9,1457,0.2,29,31,2513.5
920,873.2,42.7,16.0,797.8,561,4.2,58,17,1735.9
921,827.1,68.5,142.4,1638.0,283,6.7,54,18,2795.7
922,315.7,54.9,101.5,207.9,456,0.9,52,12,1488.0
923,587.0,73.6,115.3,627.9,902,7.5,30,18,2655.3
924,709.0,23.4,105.2,2488.7,810,1.2,29,39,2067.6
925,945.1,29.0,106.6,582.8,793,2.1,52,5,1768.4
926,608.9,19.1,151.6,2085.1,1797,5.1,40,26,2400.0
927,352.2,31.4,69.0,2979.7,1147,5.0,26,36,2071.6
928,825.0,71.2,87.4,530.1,134,0.2,35,31,2060.0
929,471.1,79.2,81.6,820.1,668,6.8,43,22,2083.4
930,557.4,26.9,108.8,737.3,640,4.6,59,4,1687.8
931,978.5,14.7,49.8,2795.3,1511,2.3,64,24,2427.5
932,1042.0,73.0,122.4,1400.3,1679,5.5,35,10,3065.8
933,862.1,26.8,32.6,423.9,1466,4.9,58,7,1824.9
934,129.2,13.9,88.3,2486.7,971,6.2,36,11,1757.1
935,266.1,53.2,20.8,899.5,157,3.8,58,5,1396.9
936,658.5,41.4,46.5,1481.3,2021,2.6,60,22,2136.5
937,959.9,79.3,97.8,986.7,840,3.7,31,29,2578.7
938,926.4,20.2,16.5,1666.2,892,0.8,64,22,1710.6
939,839.5,37.0,130.5,2429.5,1848,2.9,32,36,2695.4
940,357.2,27.0,46.8,2831.7,855,4.5,60,10,1609.0
941,319.6,32.2,45.0,1059.9,2226,0.4,31,26,1485.4
942,1076.4,4.6,81.7,1939.8,1895,0.5,34,8,2139.8
943,793.0,46.4,22.7,2375.0,1834,3.8,53,24,2258.8
944,114.8,10.4,20.1,2669.1,270,2.9,64,1,1064.1
945,566.4,67.7,96.0,691.0,498,4.9,54,39,1947.1
946,978.3,30.1,56.3,2570.4,2227,3.0,63,3,2422.7
947,786.1,61.7,85.2,725.1,758,4.9,42,8,2121.0
948,1099.6,31.2,151.3,2369.7,693,3.7,60,12,2654.6
949,1011.5,77.6,35.0,1105.6,1192,7.1,25,11,2633.0
950,141.2,62.8,29.1,1061.1,907,0.3,60,24,1355.9
951,846.3,25.7,19.1,840.3,674,2.6,30,40,1501.6
952,706.6,9.6,89.1,2993.7,1389,7.3,52,30,2190.6
953,727.6,40.2,126.9,2914.5,242,2.4,59,26,2217.7
954,127.2,11.8,92.0,2371.7,306,1.6,37,22,1398.7
955,683.4,77.5,125.4,412.9,762,0.4,39,9,2256.4
956,582.7,13.5,116.2,2140.5,1282,4.4,56,21,2147.7
957,401.9,66.7,133.3,2832.3,467,6.0,47,39,2541.3
958,765.3,18.0,84.7,2735.8,1961,2.6,39,13,2293.5
959,366.1,18.8,88.8,2711.9,1088,2.7,52,33,1694.2
960,849.4,48.0,148.0,2198.9,2009,7.0,51,14,2803.4
961,406.6,18.0,78.1,462.1,2045,7.3,50,37,1714.7
962,1165.4,13.4,159.4,1539.4,978,4.1,64,34,2431.4
963,823.4,40.8,43.5,156.2,696,3.8,51,34,1645.3
964,1034.9,59.4,16.8,1512.9,1210,3.3,41,29,2044.3
965,609.8,78.7,32.2,2795.2,470,0.7,38,1,1951.5
966,486.3,38.8,25.0,1661.3,1174,4.2,52,32,1786.9
967,767.4,22.3,44.1,2776.1,773,4.8,49,33,1909.7
968,812.5,74.6,68.7,2640.5,225,7.3,45,18,2581.3
969,987.0,73.9,154.2,1192.5,2161,0.4,51,26,2677.7
970,401.1,24.8,134.4,2628.5,2411,7.8,28,8,2582.8
971,1085.7,35.1,64.5,1937.4,681,4.2,25,11,2064.3
972,604.1,4.7,13.5,2047.1,1636,7.9,41,13,1860.1
973,746.2,61.8,47.5,813.3,2396,1.0,39,15,1986.9
974,500.3,33.0,24.1,867.2,2272,1.9,61,8,1741.6
975,405.6,74.9,61.2,1032.9,841,5.3,39,25,1981.1
976,938.6,22.9,96.0,427.4,1135,7.0,60,22,2465.7
977,906.0,59.5,49.0,2772.7,1880,5.6,26,40,2790.2
978,233.6,25.1,135.2,659.2,876,3.9,52,28,1722.1
979,971.6,78.2,118.3,1532.8,1892,3.1,54,20,2899.4
980,405.3,74.9,79.9,2245.3,1499,4.6,35,1,2291.5
981,682.8,69.2,34.4,1380.2,201,7.9,55,40,2055.9
982,990.5,25.9,35.5,2888.6,2296,1.9,54,20,2193.0
983,275.3,38.5,20.3,2730.8,2045,8.0,56,32,2021.1
984,435.9,54.6,159.5,2065.7,2379,7.5,63,23,2742.3
985,766.9,38.2,38.5,2362.5,516,5.9,50,7,2039.2
986,626.5,11.8,153.6,963.3,1838,6.3,40,15,2219.0
987,994.1,68.8,70.5,1590.7,1391,7.2,65,12,2707.2
988,464.8,11.8,155.5,856.1,2007,5.3,48,37,2095.0
989,1190.5,54.4,50.9,1779.7,1751,5.4,58,26,2644.3
990,860.1,73.2,25.3,587.5,889,1.6,37,22,1990.1
991,949.8,54.1,20.2,2805.6,154,6.4,46,10,2338.9
992,551.6,54.3,134.0,2719.9,2130,2.1,59,23,2519.2
993,330.0,56.5,139.4,1450.1,256,8.0,40,34,2082.4
994,509.5,71.6,78.5,1416.5,1553,7.9,63,34,2509.4
995,702.1,57.9,94.9,1179.4,2458,5.5,64,17,2481.3
996,831.8,58.4,149.3,1225.7,2279,6.7,30,4,2768.4
997,635.3,13.6,105.8,1099.9,568,2.8,65,23,1848.4
998,389.1,60.9,61.0,1670.4,2478,7.7,52,37,2451.3
999,850.9,28.1,31.9,566.3,2249,2.5,39,13,2086.6
1000,1164.6,24.3,86.3,620.4,1818,7.8,50,26,2658.2
1001,634.6,59.9,117.3,990.3,116,2.8,44,21,2008.2
1002,376.0,7.7,110.6,1871.4,1869,5.4,60,25,1790.9
1003,951.0,37.7,79.5,1498.6,1871,6.8,59,25,2610.6
1004,399.9,79.6,144.2,1786.3,2355,0.4,48,1,2431.2
1005,657.5,43.7,115.8,1984.8,1397,7.5,35,19,2557.9
1006,567.0,78.4,121.5,1991.1,1991,7.2,35,4,2966.4
1007,603.7,63.9,45.8,326.7,646,0.9,33,8,1684.9
1008,388.5,61.6,113.5,516.4,2439,0.4,36,37,1950.4
1009,494.7,45.4,36.7,153.6,312,5.4,63,7,1369.1
1010,1134.9,55.9,52.6,1920.0,2222,5.4,56,31,2586.0
1011,547.2,29.0,110.6,377.9,1048,6.4,26,20,1986.0
1012,825.6,27.7,140.0,2531.2,1640,6.2,47,8,2633.4
1013,1091.3,31.3,42.5,442.0,1205,7.6,65,9,2115.0
1014,638.1,64.4,81.0,2094.8,1091,7.9,55,37,2521.7
1015,1008.6,12.6,112.8,1376.9,2412,2.9,51,19,2427.7
1016,245.2,45.1,27.0,182.8,2003,4.8,50,31,1420.9
1017,1100.8,56.9,71.2,1782.9,1070,0.5,32,8,2314.9
1018,498.0,77.1,122.0,2347.3,1370,3.6,42,12,2623.7
1019,140.0,6.2,130.9,814.0,2040,6.3,63,27,1618.5
1020,1162.3,45.9,44.2,1715.9,445,4.7,49,15,2162.4
1021,787.6,59.4,61.4,265.5,496,4.2,46,9,1837.5
1022,135.6,68.0,65.3,2556.3,2047,7.7,36,13,2244.7
1023,1068.9,10.5,66.2,1638.5,1014,7.4,62,24,2155.5
1024,286.7,51.6,44.0,1972.5,690,5.1,29,23,1591.6
1025,348.8,67.9,67.3,150.1,795,6.5,46,28,1906.1
1026,799.0,6.2,146.4,2460.6,775,0.4,52,27,2196.5
1027,631.4,78.6,155.4,656.8,2069,1.2,34,27,2630.6
1028,453.2,21.9,61.9,678.1,1540,6.7,56,21,1640.4
1029,266.3,49.1,31.9,1908.6,2479,2.7,28,11,1832.1
1030,853.3,18.0,144.0,2915.8,810,3.6,40,30,2404.8
1031,818.7,21.1,11.3,1302.2,779,3.3,55,15,1776.0
1032,825.7,43.1,124.8,2584.0,402,3.0,61,24,2496.3
1033,385.8,57.6,112.8,656.7,147,7.2,55,33,2056.9
1034,1064.3,44.1,60.7,2884.3,432,3.6,28,22,2425.7
1035,354.9,59.0,154.6,2014.6,996,0.8,32,30,2309.6
1036,948.5,79.2,68.5,2184.8,2080,1.4,65,38,2796.5
1037,1151.2,6.8,64.2,2767.9,102,1.2,64,24,1910.1
1038,756.1,17.7,82.1,2492.9,443,1.2,42,5,2021.4
1039,352.5,48.0,25.5,2040.2,1339,5.3,63,23,1895.2
1040,560.2,13.0,95.4,1418.8,862,2.1,65,6,1686.5
1041,321.7,47.5,90.5,1558.4,461,5.4,43,31,1761.8
1042,476.0,40.0,83.4,1472.0,772,1.7,30,14,1695.1
1043,158.6,48.9,127.5,2216.9,2192,0.5,55,30,2141.3
1044,293.5,44.6,135.1,2442.2,1720,3.8,55,32,2211.7
1045,1133.2,74.6,49.5,2383.8,2297,4.4,28,30,2880.9
1046,814.3,44.2,108.4,2836.5,615,7.3,33,12,2535.4
1047,250.9,46.6,159.0,745.3,1365,4.2,51,22,1927.5
1048,907.2,44.5,83.4,366.4,1271,1.3,53,10,1849.8
1049,194.4,20.8,90.7,249.1,877,7.2,31,7,1512.6
1050,418.1,34.3,20.7,2728.6,1428,4.2,47,40,1635.7
1051,998.8,77.2,14.5,940.7,780,2.2,34,36,2011.6
1052,111.5,18.9,141.2,2733.2,413,3.9,36,6,1648.8
1053,651.1,61.7,134.3,829.6,2281,0.4,51,1,2431.2
1054,223.4,74.6,63.2,419.3,1126,5.8,55,19,1730.6
1055,590.8,7.4,90.4,533.9,2349,6.5,25,28,1958.6
1056,955.3,70.7,98.9,2926.5,1148,1.2,30,6,2663.2
1057,354.5,12.2,143.3,1957.5,2231,0.6,59,19,2214.8
1058,1152.0,55.6,140.1,868.1,512,1.3,53,38,2527.6
1059,923.8,76.6,93.4,981.6,650,4.3,41,21,2327.7
1060,603.4,58.8,111.3,1951.1,588,2.7,60,21,2170.5
1061,216.3,58.5,44.9,2021.9,881,6.7,43,6,1744.1
1062,562.6,49.6,63.9,400.6,1641,5.9,58,7,1895.0
1063,701.9,6.1,79.0,2765.5,2029,3.0,41,7,2048.3
1064,992.7,29.4,20.3,550.6,1797,2.4,36,10,1909.1
1065,497.6,78.2,14.4,1016.4,1724,7.3,58,31,1988.9
1066,211.6,40.6,73.7,1601.9,2248,3.1,45,2,1885.3
1067,287.0,30.3,105.7,2497.9,2485,7.9,62,1,2207.1
1068,1098.9,53.9,39.7,477.6,490,7.7,52,12,2107.7
1069,666.6,73.3,41.1,295.4,2351,2.0,28,24,2006.9
1070,763.2,28.7,130.9,1926.6,1923,5.2,35,11,2504.9
1071,451.5,8.6,123.3,1268.8,1220,6.9,38,37,1886.5
1072,349.3,40.0,78.5,241.4,1249,4.9,26,36,1583.6
1073,812.2,42.3,62.0,953.5,1751,4.0,30,9,2108.0
1074,1091.4,8.6,158.5,249.0,537,4.2,27,17,2185.6
1075,839.7,34.8,66.9,2693.6,1763,2.2,42,14,2289.5
1076,354.0,7.5,96.7,1468.3,533,3.1,53,23,1365.1
1077,1141.5,39.0,110.7,1584.4,2268,0.4,32,13,2770.5
1078,214.5,43.1,89.1,1304.1,766,5.6,58,10,1691.1
1079,1010.1,21.0,98.6,2415.6,1106,3.7,30,38,2404.9
1080,1199.3,32.7,30.9,510.3,2153,0.3,44,37,1919.8
1081,308.2,63.3,51.2,2760.9,2022,1.1,29,3,1953.6
1082,489.2,18.6,13.0,1042.7,356,4.9,49,31,1264.8
1083,502.7,60.5,148.5,2260.4,2250,6.2,38,21,2836.9
1084,813.2,75.6,50.7,1619.0,1217,5.6,55,2,2633.8
1085,490.9,20.7,159.5,2115.5,1402,0.3,54,4,1923.4
1086,627.6,21.2,44.8,405.3,275,6.5,65,12,1434.8
1087,918.2,17.6,45.9,2287.4,2295,4.4,62,2,2363.0
1088,1197.6,68.4,119.7,2014.5,2128,6.1,27,5,3211.5
1089,686.7,49.3,53.2,2973.1,1779,2.9,32,38,2226.4
1090,714.5,48.9,121.9,546.2,2072,1.5,26,5,2343.8
1091,1117.5,51.4,38.5,367.4,495,1.3,40,17,1926.5
1092,214.4,24.0,99.9,2557.5,1329,6.7,34,21,2090.6
1093,894.0,61.0,94.8,2454.0,1594,2.4,45,15,2689.9
1094,508.3,62.8,17.8,1249.7,1949,5.5,45,33,2010.7
1095,1134.4,54.3,73.1,2907.5,2239,7.3,47,9,3196.9
1096,718.7,20.5,135.0,724.3,627,7.6,50,22,2246.8
1097,1172.5,11.9,147.0,1688.0,1724,4.4,36,4,2712.8
1098,700.4,14.5,46.8,1914.7,2067,7.2,51,30,2175.0
1099,552.8,6.2,58.0,1058.6,926,2.9,25,14,1412.3
1100,378.0,57.9,100.6,1220.0,655,7.6,29,22,1965.2
1101,888.1,34.9,90.5,635.8,942,5.1,31,15,1814.3
1102,755.9,63.4,61.6,1252.0,1486,6.3,62,24,2439.0
1103,828.8,26.8,142.2,2960.2,380,2.3,32,37,2258.6
1104,890.3,28.7,131.0,2109.4,299,6.3,32,32,2624.0
1105,762.7,67.5,159.8,1191.4,741,7.5,63,16,2815.8
1106,191.8,71.9,21.4,2778.7,1603,4.5,50,24,2155.4
1107,678.8,47.1,90.6,585.0,2306,5.1,48,37,2271.4
1108,1107.2,13.9,143.6,2567.2,942,3.0,57,8,2712.5
1109,749.6,66.0,133.9,2647.8,1836,1.8,26,3,2738.8
1110,582.3,10.4,32.4,1399.7,1780,2.0,55,39,1441.2
1111,1189.4,35.2,13.1,1963.2,883,5.6,31,31,2279.4
1112,337.1,54.4,153.0,1059.0,482,3.2,48,16,2173.4
1113,1091.1,8.2,78.9,1110.2,269,4.4,36,32,2051.9
1114,499.6,33.0,14.6,857.3,1377,4.3,49,27,1251.8
1115,584.9,54.7,80.0,2326.4,1707,1.5,63,39,2260.6
1116,811.9,59.1,111.2,2272.2,2495,6.4,42,14,2789.5
1117,695.8,35.8,78.2,2505.8,1028,4.8,55,26,2036.7
1118,866.3,54.9,139.8,1562.5,443,7.4,59,12,2748.8
1119,777.4,12.2,65.4,2928.8,822,7.8,53,14,2069.7
1120,730.1,33.9,141.1,2744.5,539,1.1,39,23,2261.9
1121,411.6,17.0,83.0,1202.4,1368,1.9,28,17,1492.8
1122,326.7,15.4,133.9,2927.4,490,6.0,33,23,2116.1
1123,844.1,38.5,116.4,1681.1,855,1.8,30,2,2487.0
1124,882.7,5.9,47.2,449.5,614,6.3,47,3,1660.4
1125,205.4,23.7,96.9,2293.7,1354,4.6,35,25,1812.9
1126,899.4,41.6,26.5,1248.2,979,2.8,45,28,1852.5
1127,532.4,5.3,20.2,2130.6,2125,4.7,56,8,1765.4
1128,383.5,49.8,94.5,488.0,798,7.9,64,28,1966.1
1129,252.5,11.9,65.3,718.8,801,4.2,48,40,1177.1
1130,662.2,35.8,117.7,2409.1,1694,2.9,31,12,2445.7
1131,1035.5,61.2,34.9,1239.6,247,1.6,57,16,1991.6
1132,878.4,13.8,36.1,1526.1,1559,0.2,33,1,1651.5
1133,1112.1,46.7,86.6,2821.1,2130,4.1,38,20,2726.8
1134,737.9,62.1,149.0,1104.6,738,3.5,38,14,2527.9
1135,325.8,5.0,111.8,1200.9,722,6.0,63,8,1620.7
1136,376.3,11.4,153.0,1766.2,2462,6.4,29,32,2408.4
1137,522.0,53.5,72.6,592.6,2107,7.2,59,34,2347.8
1138,632.6,67.8,58.8,2523.5,496,6.4,39,29,2282.6
1139,233.7,56.9,16.6,2937.7,1186,7.3,58,8,2038.7
1140,1020.4,15.4,48.9,2207.2,1231,7.6,31,17,2310.7
1141,907.7,60.6,21.0,506.1,344,3.5,56,5,1763.2
1142,868.6,58.7,70.3,694.1,1645,4.7,53,13,2269.0
1143,759.7,49.8,63.1,1254.9,2366,1.6,46,18,2199.3
1144,1187.3,52.1,48.8,1266.8,953,1.5,50,5,2277.5
1145,335.6,30.6,23.0,257.8,849,0.8,60,24,1201.6
1146,894.9,65.0,82.0,482.1,1423,7.8,36,27,2519.7
1147,433.6,45.2,85.0,1597.7,1798,4.7,38,40,2138.3
1148,509.0,7.0,132.4,246.7,2079,6.1,29,27,1940.3
1149,1067.2,28.0,61.3,1457.2,1589,3.8,27,19,2139.4
1150,1017.1,60.3,29.3,400.9,1274,5.5,49,12,2047.6
1151,669.2,8.6,13.7,360.0,2487,5.1,63,21,1551.4
1152,810.6,17.5,83.0,1156.7,1173,3.0,32,3,1744.6
1153,234.9,72.2,39.1,1908.3,961,5.8,62,32,2022.1
1154,341.1,39.7,84.4,2845.4,852,3.0,49,39,2017.3
1155,1074.2,28.7,68.4,1663.4,1602,7.0,33,29,2455.4
1156,948.4,39.8,25.0,2919.5,2323,7.2,31,7,2478.2
1157,561.6,48.1,38.2,2033.4,751,3.7,56,6,1802.3
1158,860.4,30.2,125.1,2003.7,2240,3.0,62,16,2812.3
1159,126.6,55.9,140.4,2912.7,752,2.6,57,39,2229.6
1160,446.3,44.0,78.8,1582.1,2152,7.4,30,38,2212.3
1161,875.0,77.0,17.2,595.0,1627,4.8,52,19,2064.2
1162,1057.1,18.3,118.6,2532.8,873,2.7,65,21,2556.0
1163,378.6,33.1,122.0,1728.7,1232,3.9,34,25,1941.5
1164,192.2,48.1,87.3,2111.6,1382,2.6,35,14,1820.6
1165,1165.1,55.6,19.9,2165.5,360,4.9,26,25,2204.3
1166,242.7,16.5,97.2,535.5,113,3.9,42,7,1231.0
1167,902.5,35.6,119.4,828.7,2263,7.2,41,33,2606.5
1168,632.4,38.1,147.3,2624.5,1188,4.5,45,40,2478.3
1169,417.8,18.6,73.2,2065.4,1832,7.6,27,9,2049.2
1170,747.3,79.5,127.6,2369.4,1556,0.8,34,24,2607.9
1171,614.3,65.7,52.8,1071.9,1931,6.5,64,35,2297.8
1172,393.4,12.5,61.7,250.0,2496,2.0,40,14,1498.6
1173,552.6,46.0,78.0,2997.0,1001,6.9,42,15,2432.7
1174,310.8,79.9,74.6,902.2,121,0.4,39,29,1553.3
1175,796.8,50.9,104.6,813.4,2218,6.3,62,23,2553.5
1176,958.2,18.9,105.7,2104.6,1777,7.9,42,31,2559.0
1177,374.8,22.6,156.3,2161.3,637,5.4,44,12,2230.5
1178,641.1,78.7,16.2,2310.7,654,7.9,63,31,2381.2
1179,1022.0,48.2,152.1,598.3,1890,4.4,49,24,2804.4
1180,538.3,6.1,77.8,2268.4,1796,2.0,33,29,1871.6
1181,125.9,50.3,50.9,1027.3,2465,6.9,46,1,1986.0
1182,373.2,50.5,119.5,1455.3,2415,2.4,42,14,2302.3
1183,388.4,18.7,69.3,1326.9,1929,2.7,59,17,1761.3
1184,330.2,21.6,109.7,1224.8,2342,3.4,38,10,1893.4
1185,734.2,26.2,84.9,914.3,873,3.0,55,29,1740.8
1186,1196.6,30.1,112.6,2997.7,252,1.0,46,32,2377.7
1187,1066.7,4.3,94.5,1952.7,1721,1.3,25,21,2210.7
1188,856.4,34.7,39.0,431.6,1286,0.5,25,9,1725.3
1189,630.6,15.4,134.1,1127.6,1108,3.7,64,38,2048.8
1190,609.2,74.0,144.8,1471.5,1109,0.2,36,4,2336.2
1191,412.6,43.2,130.3,1766.1,2259,4.3,59,18,2288.8
1192,151.3,64.3,130.4,1812.5,1061,1.8,38,20,1982.4
1193,720.8,19.9,117.3,1650.5,1642,5.0,56,34,2315.8
1194,581.9,4.3,89.9,2164.0,2333,7.1,31,38,2312.2
1195,672.4,77.5,129.6,490.4,2311,6.7,34,16,2701.6
1196,379.1,18.1,21.8,2687.1,526,6.8,60,13,1689.6
1197,605.6,47.5,96.0,448.6,1501,7.3,61,33,2259.3
1198,596.5,55.4,34.1,2637.9,2089,4.8,53,40,2270.7
1199,999.3,54.4,114.1,155.9,118,8.0,25,26,2275.0
1200,567.7,79.9,29.2,2786.6,2192,5.7,39,16,2577.8
1201,796.2,45.4,27.7,1612.7,2326,0.4,37,19,1945.5
1202,673.8,42.4,105.0,1828.7,843,1.6,60,20,1989.2
1203,1120.2,33.3,36.6,2469.1,2252,2.3,53,21,2443.2
1204,673.8,18.5,105.2,1235.6,215,2.3,37,24,1817.8
1205,102.4,27.9,12.3,439.6,1212,1.8,43,29,1136.7
1206,751.6,79.2,104.2,1168.0,1897,2.5,54,20,2482.9
1207,253.4,46.6,87.2,2459.3,979,7.1,48,19,2156.4
1208,291.6,11.4,56.7,1481.4,1037,6.3,48,24,1572.0
1209,133.8,11.3,150.6,487.7,1698,3.7,35,38,1718.3
1210,293.4,76.7,92.9,2484.2,568,5.0,55,40,2122.6
1211,632.7,31.6,85.4,1595.6,350,2.1,37,13,1855.6
1212,164.7,4.5,147.2,1712.4,2057,0.5,38,35,1748.5
1213,346.7,33.2,70.6,445.2,1566,1.7,32,10,1525.1
1214,745.6,54.0,148.7,2011.7,2328,7.9,37,11,2834.8
1215,165.8,6.8,36.2,1474.2,1218,1.2,62,12,1052.6
1216,661.0,75.7,22.6,1550.3,458,7.8,65,2,2123.1
1217,151.9,70.8,65.0,1105.8,316,4.3,27,17,1484.9
1218,141.6,33.6,16.8,206.5,1180,1.2,34,17,1003.1
1219,246.1,50.9,76.3,999.2,1437,4.0,39,16,1930.6
1220,387.9,54.1,11.6,1686.6,849,2.1,57,5,1303.5
1221,1031.4,70.3,71.7,2501.5,1116,3.4,52,4,2746.9
1222,168.3,18.0,70.1,1296.0,2239,6.5,54,34,1723.5
1223,376.1,8.3,130.9,209.6,1923,3.6,49,24,1781.2
1224,826.8,29.4,31.4,957.7,373,2.5,57,29,1623.8
1225,504.8,72.4,41.3,2361.3,2275,3.9,53,14,2287.0
1226,527.1,38.3,139.5,2904.7,583,4.9,27,31,2364.0
1227,607.4,71.4,114.1,2005.2,1079,5.7,31,17,2565.9
1228,778.9,71.8,37.2,1422.2,1617,2.8,26,29,2209.0
1229,837.1,32.2,114.2,2814.7,1250,3.9,63,32,2447.8
1230,176.8,43.4,131.8,1045.3,1063,2.5,59,30,1923.3
1231,697.0,51.4,48.0,1815.1,2230,7.2,57,10,2607.6
1232,492.1,15.3,41.9,1393.3,1035,4.4,57,22,1460.5
1233,854.9,52.3,66.3,1102.7,739,4.1,26,11,2117.7
1234,646.6,52.9,49.0,1715.0,484,2.3,45,32,1625.2
1235,1131.8,7.9,138.2,1892.0,760,6.7,43,29,2585.1
1236,1049.9,69.6,109.2,1851.4,1703,2.9,44,15,3001.6
1237,765.4,7.2,143.2,1070.2,1763,2.5,61,35,2124.5
1238,1120.9,53.4,144.8,1799.3,1131,5.7,44,14,2997.0
1239,582.7,50.1,114.1,155.9,1003,7.6,49,37,2102.4
1240,394.9,42.9,22.9,1488.2,1469,2.5,53,18,1649.0
1241,1027.0,43.4,53.4,850.2,2352,3.2,37,11,2258.4
1242,927.3,59.2,18.2,877.9,1481,3.4,28,35,2107.1
1243,620.6,32.3,66.4,1812.7,1282,1.3,65,23,1760.7
1244,907.6,56.8,139.6,1804.6,519,3.8,35,40,2470.1
1245,196.3,76.5,14.3,2277.6,1033,0.7,43,7,1711.5
1246,1009.4,61.4,84.2,1796.3,1747,0.5,42,11,2631.3
1247,1103.8,62.5,142.3,2828.0,1427,3.3,64,24,3098.2
1248,820.6,67.4,70.6,1825.6,681,7.9,46,38,2358.0
1249,1156.3,21.5,140.6,1050.6,1002,6.8,32,13,2704.7
1250,782.1,47.4,33.8,1945.1,1133,1.5,48,35,2153.6
1251,825.3,71.3,138.4,2850.4,497,7.9,40,13,2969.7
1252,452.9,49.5,131.7,1536.8,1112,3.4,49,17,2208.5
1253,682.7,28.3,125.2,1494.9,342,7.3,62,16,2244.4
1254,801.8,72.6,94.3,1428.3,951,6.4,39,8,2624.5
1255,168.1,68.3,55.4,840.5,175,7.0,33,17,1637.6
1256,706.1,16.3,127.3,822.9,1969,5.4,44,21,2215.3
1257,721.0,74.5,85.9,2811.3,2262,3.8,59,6,2647.3
1258,544.0,5.3,118.2,1413.2,176,6.3,37,21,1641.3
1259,461.1,46.3,67.0,1945.0,2309,0.8,65,12,1975.9
1260,648.8,46.2,79.0,2862.4,648,7.0,48,15,2349.0
1261,619.5,78.7,67.3,2493.0,1001,1.9,60,8,2270.9
1262,629.2,71.0,150.3,869.9,1450,7.9,36,12,2577.8
1263,283.8,54.3,138.2,2422.9,1867,4.6,65,40,2526.3
1264,699.4,17.9,124.7,448.2,1597,7.3,33,31,2074.7
1265,609.0,36.9,31.3,1526.7,1593,5.9,41,19,1923.6
1266,242.3,74.1,47.4,1153.4,575,3.1,26,17,1684.8
1267,980.3,70.7,89.2,2470.8,121,3.4,28,13,2555.7
1268,260.1,70.4,49.7,2592.2,610,1.6,39,28,1620.8
1269,265.6,22.0,128.0,2217.5,1142,4.0,61,13,2034.8
1270,761.1,65.1,116.4,1271.7,714,1.6,44,4,2154.5
1271,948.8,46.3,15.3,2410.1,665,7.0,53,28,2235.6
1272,1060.8,39.8,66.2,1159.6,2419,5.6,32,39,2476.6
1273,316.6,24.0,132.7,718.4,2261,5.8,65,26,2005.8
1274,1122.1,13.6,132.4,1365.8,2112,2.9,41,34,2742.8
1275,644.3,8.7,104.0,195.1,840,2.4,51,21,1668.1
1276,987.4,76.7,139.1,1432.8,287,7.4,43,10,2815.3
1277,634.3,69.6,65.2,227.6,722,6.8,42,24,2140.3
1278,437.8,57.9,132.6,2523.6,2167,6.4,27,21,2625.6
1279,1061.2,59.6,57.5,2401.1,1808,4.5,41,15,2667.4
1280,404.3,79.3,129.7,484.7,1260,3.5,49,17,2176.3
1281,489.2,6.8,115.9,1140.9,1236,5.6,64,13,1885.6
1282,516.2,54.4,38.1,2172.2,321,1.6,29,8,1602.7
1283,668.3,32.3,157.7,1867.0,712,2.2,50,36,2357.0
1284,214.6,79.3,101.1,2267.4,1851,1.2,52,28,2381.2
1285,1047.0,38.5,31.5,680.9,2320,3.9,31,7,2159.1
1286,1123.6,72.3,46.0,665.6,1983,0.2,44,18,2348.8
1287,376.0,19.1,94.3,586.8,2046,1.6,36,16,1735.7
1288,481.5,50.9,109.4,395.7,1061,7.0,60,19,2088.0
1289,604.3,44.6,117.5,1075.8,1194,6.6,53,33,2291.1
1290,1046.1,34.1,121.5,259.0,1069,5.6,41,17,2265.8
1291,136.2,22.5,105.2,644.3,519,5.9,37,18,1401.6
1292,987.7,10.7,79.5,2806.4,567,5.6,41,23,2004.5
1293,367.2,36.4,139.8,2912.7,1240,6.8,60,40,2533.3
1294,915.2,36.9,69.3,456.6,2293,2.6,63,16,2209.3
1295,1184.3,71.9,54.4,2604.7,678,2.2,56,5,2586.1
1296,473.5,34.5,131.2,263.9,1756,0.8,64,7,1882.8
1297,345.3,14.8,16.2,1404.0,1138,2.0,26,19,1233.4
1298,814.5,38.8,86.2,1430.9,2040,4.0,53,16,2303.2
1299,177.1,75.5,90.0,1343.7,2146,0.9,30,5,1882.5
1300,556.4,73.9,28.5,1851.3,1954,3.8,37,26,2187.1
1301,1095.8,33.1,71.7,873.0,1232,4.5,65,7,2206.4
1302,810.0,42.3,97.1,1128.8,713,0.5,43,27,2017.1
1303,535.5,4.1,14.9,2658.3,2352,3.2,45,25,1803.8
1304,500.7,6.0,57.1,1124.7,2431,1.2,39,37,1652.4
1305,1144.3,11.3,55.6,336.3,1731,5.4,33,20,2072.8
1306,252.0,73.0,78.0,847.3,129,2.8,46,2,1694.8
1307,1050.7,28.3,16.2,433.3,921,6.9,37,10,1868.9
1308,886.9,78.3,104.6,1560.1,1279,4.0,43,38,2713.2
1309,542.9,49.9,26.4,1187.3,1841,2.3,26,25,1797.8
1310,1104.8,32.1,64.0,2644.8,2081,1.8,44,39,2552.9
1311,411.6,41.0,36.2,2536.4,1435,5.2,58,25,1859.2
1312,395.4,78.9,15.9,2038.8,992,5.2,47,10,2124.5
1313,434.8,70.0,113.5,904.8,2066,0.5,33,28,2161.9
1314,924.2,5.6,142.4,1596.9,437,4.6,65,37,2093.3
1315,134.2,18.0,152.5,2887.3,1631,2.7,30,27,1988.2
1316,526.8,23.3,121.2,2149.2,221,5.4,57,37,2060.7
1317,754.1,39.7,103.7,2558.5,1561,5.9,59,6,2663.4
1318,450.3,49.6,110.8,654.5,580,2.6,43,1,1831.3
1319,287.3,5.3,123.4,1784.2,678,7.3,62,32,1872.7
1320,220.9,50.8,77.7,976.7,2044,2.1,39,2,1653.2
1321,436.1,17.0,112.9,1768.6,2285,2.3,36,28,2051.9
1322,344.9,51.0,109.1,2134.6,426,6.9,42,3,2126.9
1323,963.7,25.7,124.4,1620.9,1738,5.4,57,13,2619.4
1324,188.9,69.2,33.7,1219.2,958,1.1,65,15,1491.6
1325,761.5,25.5,10.8,2675.6,1684,2.9,49,8,1823.4
1326,349.7,33.8,142.3,2607.8,825,4.2,26,20,2128.5
1327,1185.1,62.8,44.3,2962.7,1530,2.3,51,31,2693.5
1328,500.5,23.2,115.1,924.7,674,4.3,60,15,1913.4
1329,871.7,41.7,84.1,332.9,831,3.4,48,36,1943.5
1330,520.6,12.6,82.0,2969.2,1812,1.7,45,16,2081.8
1331,473.0,21.1,159.8,1624.0,2042,2.2,42,8,2118.4
1332,1193.8,8.5,56.9,2252.1,637,1.6,42,17,1956.2
1333,319.2,47.1,141.4,2484.8,2352,7.0,29,16,2722.1
1334,199.1,53.0,85.6,2831.5,1408,2.2,54,31,2098.8
1335,626.0,26.5,65.1,2416.8,426,1.1,26,22,1834.3
1336,363.9,52.1,102.5,2369.9,2424,5.8,52,12,2527.5
1337,291.6,50.2,74.1,888.6,550,1.4,34,11,1554.0
1338,935.6,24.1,66.1,2382.0,803,2.6,61,37,2145.4
1339,418.4,15.2,133.6,1180.7,189,5.4,45,4,1864.3
1340,423.7,31.2,82.4,1113.8,695,2.4,60,23,1485.6
1341,1157.5,29.3,61.6,2578.3,689,5.0,50,40,2444.0
1342,582.6,59.7,66.1,2737.5,1930,3.6,26,35,2519.0
1343,182.4,48.5,137.5,977.2,2170,0.3,29,28,2134.7
1344,318.6,38.4,48.7,1474.5,806,5.2,37,29,1639.9
1345,489.3,17.1,140.5,2374.5,2170,2.9,30,14,2263.7
1346,456.5,74.6,86.0,758.6,592,4.3,59,36,1979.4
1347,973.9,32.9,131.6,2851.1,2114,0.6,30,20,2694.6
1348,1096.5,39.6,141.2,1591.8,1275,1.8,64,20,2451.5
1349,274.5,43.5,145.7,751.0,2113,4.0,48,8,2231.3
1350,998.5,14.3,127.1,2140.3,1584,7.4,63,12,2697.6
1351,1001.1,7.6,52.9,2051.2,1857,4.8,50,17,2247.8
1352,1073.3,66.7,135.2,328.8,2263,0.8,31,18,2517.7
1353,581.5,33.4,158.0,1815.5,1934,0.9,63,11,2523.2
1354,202.5,40.7,121.3,1872.2,1718,5.5,49,37,2064.6
1355,486.1,44.5,20.0,649.2,2349,0.6,50,3,1580.4
1356,266.3,37.1,63.2,2027.5,390,2.8,39,34,1514.0
1357,930.6,71.7,28.7,1885.7,855,4.2,48,38,2169.9
1358,612.2,34.2,103.5,2228.6,984,1.5,38,6,1846.5
1359,263.3,31.1,60.3,1533.8,794,3.5,28,29,1687.3
1360,275.6,59.2,127.1,2871.2,1962,1.7,62,8,2394.8
1361,936.4,64.8,140.7,2611.1,251,5.2,55,6,2772.7
1362,1183.3,74.0,152.0,2795.9,1455,1.5,56,7,3243.7
1363,245.5,18.8,10.7,2333.4,346,2.0,52,26,1030.4
1364,792.7,61.3,67.5,1451.6,1024,4.2,59,10,2175.6
1365,662.9,41.0,74.2,1816.9,2168,5.2,65,25,2356.4
1366,370.7,29.4,86.3,1266.2,1224,6.6,37,17,1922.9
1367,382.6,74.6,101.9,589.2,1380,6.5,33,4,2246.1
1368,208.6,71.7,139.0,706.9,840,4.5,39,8,2030.0
1369,592.4,8.0,150.3,2925.8,2201,6.5,63,31,2805.2
1370,518.4,43.5,49.5,2662.6,211,1.5,40,32,1753.7
1371,342.8,22.6,14.1,1408.8,1948,4.2,44,21,1477.7
1372,891.3,38.6,65.8,669.2,687,5.4,56,25,2051.7
1373,924.8,24.1,18.4,495.4,1178,0.6,45,21,1611.7
1374,413.8,54.3,92.0,793.9,643,6.8,62,12,1834.6
1375,1076.8,78.8,130.5,1629.6,1192,4.7,56,31,2812.5
1376,139.0,38.8,70.0,1896.3,2160,2.6,39,24,1670.7
1377,825.1,5.5,46.0,1710.8,747,0.5,46,25,1554.9
1378,724.2,48.8,135.2,1483.1,1246,3.5,33,8,2523.1
1379,941.3,76.3,36.5,1657.6,750,6.9,39,30,2535.0
1380,516.8,68.8,94.5,916.1,1925,2.7,33,33,2278.3
1381,754.8,72.3,29.4,2152.5,1486,5.0,29,35,2353.5
1382,288.8,15.1,40.4,242.0,1523,7.3,43,27,1267.9
1383,827.1,4.6,117.4,192.4,1161,7.4,32,6,1863.8
1384,550.1,67.7,37.8,1512.5,779,4.0,41,25,1916.5
1385,305.5,78.3,75.0,1353.4,2458,3.0,53,16,2204.8
1386,530.6,27.8,16.5,2811.1,544,3.5,28,29,1559.4
1387,957.9,48.9,43.9,2081.8,1675,0.6,38,3,2369.5
1388,559.6,26.9,94.1,1238.7,1218,7.2,55,34,1952.0
1389,846.9,70.1,152.5,2596.1,2256,0.6,55,3,2833.3
1390,949.1,78.5,70.3,935.2,866,1.0,38,15,2230.3
1391,561.1,61.7,71.2,1543.0,1765,7.7,45,30,2485.5
1392,734.3,75.3,76.0,2003.9,1040,4.7,58,33,2591.9
1393,430.4,11.1,58.3,1133.3,1582,7.5,56,34,1757.7
1394,440.4,11.1,64.6,1131.5,2382,2.4,59,33,1733.4
1395,551.4,33.7,20.9,1246.1,2214,4.9,58,13,1786.9
1396,686.0,61.8,97.5,2804.7,1705,0.9,29,4,2559.3
1397,312.4,18.9,155.2,2082.6,619,2.1,60,29,1784.8
1398,1008.4,16.8,117.7,590.2,682,1.0,36,29,1812.1
1399,1156.8,47.2,54.9,368.7,296,5.1,51,29,2216.8
1400,201.0,7.3,23.3,1273.4,745,3.9,58,16,1158.1
1401,1045.0,47.7,104.6,2845.4,697,0.9,32,24,2461.8
1402,1029.9,57.1,135.6,1839.2,758,3.5,36,24,2645.0
1403,1129.6,29.9,80.6,2623.1,1970,3.2,46,9,2451.4
1404,279.2,54.5,34.0,2618.8,1724,5.4,27,9,1921.9
1405,344.8,43.7,16.0,158.6,2175,5.3,42,32,1631.9
1406,1138.9,60.4,68.0,681.4,1456,3.6,39,33,2385.5
1407,100.4,56.9,99.4,227.2,2066,4.9,62,7,1775.9
1408,904.1,31.4,111.5,2944.1,444,8.0,31,37,2613.8
1409,1146.2,78.5,113.2,278.1,1420,5.8,29,13,2760.2
1410,464.6,55.0,41.1,1446.5,2270,2.0,59,36,1861.5
1411,169.9,16.5,127.0,178.0,962,3.0,42,6,1460.0
1412,763.0,46.4,149.3,1509.5,1796,1.6,35,21,2522.2
1413,894.4,21.6,144.7,2616.5,1807,4.0,63,28,2563.5
1414,754.4,9.0,125.0,1085.6,832,2.6,41,31,2001.5
1415,305.9,36.0,38.1,1940.4,2349,3.0,50,37,1896.0
1416,406.4,49.9,71.4,305.9,401,4.5,45,6,1281.2
1417,695.0,11.1,156.9,2789.9,1042,6.5,25,39,2660.0
1418,660.0,25.9,32.0,2566.7,2442,0.6,29,33,1813.5
1419,743.0,35.8,97.4,507.9,1725,3.0,55,35,2117.0
1420,1190.6,61.2,45.3,241.6,493,5.1,48,20,1962.1
1421,629.6,4.2,77.9,2841.9,494,3.0,41,39,1685.4
1422,587.6,23.3,42.3,716.7,515,4.0,62,20,1300.0
1423,194.7,69.9,131.2,1721.4,1346,4.1,32,27,2041.0
1424,133.6,17.8,52.6,160.8,1593,1.4,52,40,1157.8
1425,1170.8,5.9,121.1,1520.3,467,6.2,48,23,2211.3
1426,737.6,29.6,46.4,1331.8,1766,6.4,53,3,2167.3
1427,1076.6,17.4,141.6,2477.0,1036,3.2,61,37,2564.9
1428,873.6,57.5,87.8,2289.4,755,5.2,42,15,2599.6
1429,994.5,64.5,61.0,2660.9,991,2.5,63,39,2505.2
1430,815.3,74.3,141.3,2006.8,1728,0.8,30,7,2601.7
1431,299.3,30.3,133.8,1642.1,1444,6.7,31,4,2148.1
1432,217.9,52.4,53.7,1609.5,291,7.0,57,7,1636.8
1433,867.0,36.9,150.4,2150.4,2099,2.8,34,13,2798.9
1434,424.2,37.9,159.8,1623.9,1661,2.4,39,2,2146.3
1435,710.3,15.5,76.6,1740.4,1236,6.8,28,6,2254.2
1436,907.8,16.7,107.5,692.3,2416,3.4,61,5,2271.6
1437,1090.2,15.0,134.0,2751.6,355,1.0,29,7,2256.9
1438,698.7,27.6,146.5,2324.3,2024,3.9,35,31,2646.6
1439,614.7,63.5,60.7,2556.9,689,4.3,30,4,2235.5
1440,533.3,4.2,38.9,2093.1,991,4.2,29,23,1631.6
1441,726.3,68.5,68.4,2167.6,1394,7.4,55,39,2748.7
1442,1022.3,23.6,34.2,266.8,1878,7.9,57,40,2084.7
1443,802.1,67.3,115.6,381.9,2412,4.4,29,15,2641.5
1444,432.8,8.6,21.7,1724.0,1738,2.0,46,2,1308.3
1445,190.4,66.8,151.4,2231.2,321,6.0,55,6,2375.1
1446,482.7,14.1,157.2,1982.7,300,5.2,32,13,2002.6
1447,251.0,38.9,116.1,1747.5,306,1.1,30,30,1543.3
1448,248.9,79.0,131.2,1404.5,1187,6.5,46,12,2216.7
1449,544.5,18.8,101.0,1069.2,1291,4.9,52,39,2000.1
1450,1076.4,56.3,23.1,1047.9,2422,5.3,44,8,2441.1
1451,588.9,52.3,67.8,476.6,1787,1.1,56,12,2051.9
1452,363.8,6.0,105.6,278.9,1702,7.0,43,2,1788.4
1453,953.0,37.3,74.7,2569.9,1716,4.5,39,26,2431.2
1454,1090.9,26.3,145.7,1406.7,1039,4.1,64,22,2661.4
1455,1110.9,31.4,103.5,2798.3,485,6.2,33,22,2817.1
1456,842.7,38.0,34.3,1643.0,1590,3.3,65,2,2069.7
1457,528.9,55.3,142.3,2833.4,1174,6.2,39,19,2717.1
1458,103.7,73.2,129.1,1727.4,232,0.4,46,40,1838.7
1459,1098.4,47.6,154.0,784.0,1682,6.2,39,5,2797.6
1460,984.9,30.8,125.3,1951.5,920,4.7,51,19,2556.3
1461,384.9,56.1,152.3,880.1,174,4.1,38,3,1948.8
1462,1176.7,52.7,81.6,749.4,804,2.4,42,28,2382.4
1463,757.1,39.9,143.0,993.9,1394,3.8,49,14,2293.3
1464,631.4,79.2,108.9,1083.7,1260,4.6,31,32,2453.5
1465,1023.1,19.8,89.6,604.1,2386,4.5,63,22,2477.3
1466,644.1,74.7,37.9,402.3,441,5.2,50,21,1923.4
1467,1109.9,7.5,122.9,165.1,2093,2.0,36,17,2172.1
1468,300.1,55.4,18.1,2510.0,212,7.3,60,33,1878.1
1469,342.8,16.1,130.0,1138.3,702,3.1,47,3,1758.6
1470,665.1,65.8,146.7,2321.6,1594,7.8,64,36,2948.3
1471,196.2,71.3,134.0,985.2,1198,7.2,63,5,2292.8
1472,156.9,79.4,146.4,2308.0,827,5.7,31,19,2618.1
1473,1148.4,60.8,17.6,2403.0,979,7.3,56,20,2652.6
1474,130.1,13.5,130.5,1828.4,480,2.3,62,34,1495.2
1475,1070.4,56.9,139.8,2481.4,1679,8.0,51,5,3283.2
1476,202.4,8.3,125.8,2847.6,2480,6.4,54,19,2194.6
1477,968.7,23.5,42.3,434.4,1341,3.2,40,35,1684.2
1478,712.5,37.5,50.8,2103.8,1403,7.2,48,14,2354.2
1479,971.2,22.5,119.7,1457.9,1892,3.1,32,15,2300.8
1480,1164.6,38.6,120.6,557.6,606,5.9,49,11,2402.7
1481,858.1,15.5,37.3,2796.4,2006,1.7,29,35,1843.9
1482,768.0,42.6,15.7,2206.7,1561,5.4,35,4,2137.8
1483,513.0,27.0,141.8,2633.2,2134,7.4,34,15,2548.3
1484,582.0,64.2,77.7,2426.7,1485,0.4,30,30,2378.9
1485,885.0,69.3,13.5,1714.9,1009,4.9,51,5,2207.7
1486,795.3,52.6,63.4,2537.3,1917,5.9,64,14,2610.4
1487,905.1,7.5,71.1,1285.4,1571,7.6,58,32,2069.5
1488,752.4,65.4,17.6,2472.5,1279,2.3,55,38,2170.7
1489,333.0,14.4,158.8,301.7,1465,2.9,38,9,1817.1
1490,407.4,40.1,101.5,1044.2,1529,1.3,56,6,1806.9
1491,894.2,45.6,23.5,900.3,1093,4.9,32,3,2040.6
1492,1008.7,22.2,132.7,1685.2,1291,2.0,39,38,2395.9
1493,455.0,14.7,52.9,1451.0,1492,4.7,38,1,1699.7
1494,587.5,38.8,158.1,952.3,487,2.7,47,21,1949.9
1495,1131.7,76.4,36.5,1397.2,539,2.1,49,21,2138.5
1496,715.2,37.9,31.8,614.7,1388,7.6,33,40,1810.6
1497,712.1,79.8,77.6,870.3,2488,1.7,26,32,2705.9
1498,923.3,58.3,65.4,2637.7,298,7.6,52,31,2533.4
1499,152.0,68.4,79.1,374.5,2205,6.9,31,10,2032.1
1500,798.4,36.1,61.5,990.8,1378,6.5,53,22,2174.3
