id,date,temperature,ticket_price,screens_open,premiere,genre,tickets_sold
1,2022-01-01,-14.5,2000.0,5.0,No,comedy,1219
2,2022-01-02,-13.7,2100.0,5.0,No,animation,1048
3,2022-01-03,-15.5,3300.0,9.0,No,drama,967
4,2022-01-04,-17.4,3100.0,7.0,No,comedy,1116
5,2022-01-05,-16.1,2000.0,4.0,No,animation,775
6,2022-01-06,-17.8,1500.0,6.0,Yes,drama,1265
7,2022-01-07,-14.7,2500.0,8.0,No,action,1094
8,2022-01-08,-10.9,3300.0,7.0,No,action,1438
9,2022-01-09,-16.4,2600.0,9.0,Yes,animation,1607
10,2022-01-10,-16.8,1800.0,9.0,No,comedy,1178
11,2022-01-11,-13.5,2500.0,4.0,No,drama,848
12,2022-01-12,-13.9,2400.0,9.0,No,drama,1042
13,2022-01-13,-14.7,2700.0,8.0,No,action,1077
14,2022-01-14,-17.8,2800.0,4.0,No,animation,899
15,2022-01-15,-15.1,2000.0,10.0,No,comedy,1440
16,2022-01-16,-12.9,2500.0,8.0,No,animation,1174
17,2022-01-17,-19.0,2500.0,5.0,No,drama,974
18,2022-01-18,-16.3,1800.0,10.0,No,animation,1170
19,2022-01-19,-20.6,2500.0,4.0,No,animation,839
20,2022-01-20,-18.8,1700.0,7.0,No,comedy,1139
21,2022-01-21,-20.4,1900.0,4.0,No,comedy,860
22,2022-01-22,-15.5,2000.0,9.0,Yes,animation,1527
23,2022-01-23,-18.5,3500.0,9.0,No,drama,1156
24,2022-01-24,-13.9,1600.0,4.0,No,drama,807
25,2022-01-25,-14.2,3300.0,6.0,No,drama,804
26,2022-01-26,-15.1,1900.0,10.0,No,comedy,1302
27,2022-01-27,-22.0,3400.0,5.0,No,animation,826
28,2022-01-28,,,8.0,Yes,drama,1286
29,2022-01-29,-14.5,2700.0,7.0,No,comedy,1325
30,2022-01-30,-13.9,2400.0,10.0,No,animation,1324
31,2022-01-31,-18.7,1900.0,9.0,No,comedy,1205
32,2022-02-01,-15.5,2200.0,9.0,No,animation,1050
33,2022-02-02,-16.8,2300.0,4.0,No,action,1051
34,2022-02-03,-16.2,2700.0,10.0,No,drama,1064
35,2022-02-04,-10.5,3000.0,7.0,Yes,drama,1088
36,2022-02-05,-16.0,2000.0,4.0,No,comedy,1114
37,2022-02-06,-13.5,2300.0,4.0,No,drama,1055
38,2022-02-07,,1500.0,9.0,No,animation,1103
39,2022-02-08,-14.9,2000.0,10.0,No,animation,1224
40,2022-02-09,-13.3,2100.0,5.0,No,animation,929
41,2022-02-10,-12.5,3100.0,6.0,No,action,933
42,2022-02-11,-12.5,3000.0,5.0,No,action,1017
43,2022-02-12,-16.2,3100.0,10.0,No,animation,1401
44,2022-02-13,-12.1,2000.0,6.0,No,comedy,1245
45,2022-02-14,-8.1,1900.0,8.0,No,animation,1154
46,2022-02-15,-16.6,2300.0,8.0,Yes,action,1365
47,2022-02-16,-9.2,2300.0,6.0,Yes,drama,1072
48,2022-02-17,-11.3,3000.0,8.0,No,action,1093
49,2022-02-18,-13.4,3300.0,5.0,No,action,879
50,2022-02-19,-5.2,2300.0,10.0,No,drama,1261
51,2022-02-20,-8.7,1900.0,10.0,Yes,animation,1643
52,2022-02-21,-14.4,3300.0,4.0,No,drama,816
53,2022-02-22,-10.4,2600.0,7.0,No,animation,1083
54,2022-02-23,,,,No,comedy,841
55,2022-02-24,-10.7,2300.0,7.0,Yes,drama,1256
56,2022-02-25,-7.9,2100.0,6.0,No,drama,873
57,2022-02-26,-9.9,1600.0,10.0,No,comedy,1518
58,2022-02-27,-7.5,3000.0,9.0,No,comedy,1389
59,2022-02-28,,2500.0,6.0,No,action,1035
60,2022-03-01,-11.0,2000.0,7.0,No,drama,1007
61,2022-03-02,-8.1,2400.0,6.0,No,animation,859
62,2022-03-03,-9.9,1700.0,7.0,No,animation,865
63,2022-03-04,-7.9,3500.0,10.0,No,drama,935
64,2022-03-05,-11.5,2400.0,9.0,No,comedy,1259
65,2022-03-06,-9.4,2100.0,4.0,Yes,action,1339
66,2022-03-07,-8.0,2700.0,8.0,No,action,789
67,2022-03-08,-4.5,3100.0,9.0,Yes,drama,1121
68,2022-03-09,-3.5,3400.0,6.0,No,animation,806
69,2022-03-10,-10.6,,,No,comedy,1041
70,2022-03-11,-8.7,1800.0,4.0,No,drama,781
71,2022-03-12,-4.1,2300.0,4.0,No,comedy,1167
72,2022-03-13,-11.7,2900.0,7.0,No,action,1205
73,2022-03-14,-6.9,3200.0,6.0,No,comedy,880
74,2022-03-15,-5.5,2400.0,10.0,Yes,comedy,1232
75,2022-03-16,-1.1,3200.0,9.0,Yes,comedy,1138
76,2022-03-17,-2.5,1700.0,8.0,No,action,1135
77,2022-03-18,-5.3,2200.0,7.0,No,drama,832
78,2022-03-19,-5.1,3500.0,4.0,No,action,912
79,2022-03-20,-4.4,1900.0,5.0,No,comedy,1151
80,2022-03-21,1.2,2900.0,7.0,No,action,897
81,2022-03-22,-4.3,1900.0,6.0,No,action,904
82,2022-03-23,-3.6,1700.0,6.0,No,drama,825
83,2022-03-24,-1.3,1800.0,7.0,No,drama,797
84,2022-03-25,-2.4,3400.0,8.0,No,animation,725
85,2022-03-26,-2.3,3500.0,6.0,Yes,action,1239
86,2022-03-27,-4.8,1700.0,8.0,No,animation,1362
87,2022-03-28,-1.1,2900.0,4.0,No,drama,495
88,2022-03-29,-2.1,1600.0,10.0,No,action,1174
89,2022-03-30,3.1,3200.0,7.0,No,action,922
90,2022-03-31,1.9,2100.0,6.0,No,action,971
91,2022-04-01,0.2,1500.0,7.0,No,drama,759
92,2022-04-02,2.6,3400.0,6.0,No,drama,878
93,2022-04-03,-0.1,3400.0,6.0,No,drama,918
94,2022-04-04,4.4,1500.0,8.0,No,animation,1023
95,2022-04-05,1.6,2300.0,10.0,No,drama,866
96,2022-04-06,,3400.0,10.0,No,action,915
97,2022-04-07,-1.6,2200.0,5.0,No,action,954
98,2022-04-08,3.6,2700.0,8.0,No,animation,951
99,2022-04-09,-2.1,3300.0,9.0,No,drama,1083
100,2022-04-10,-2.8,1600.0,7.0,Yes,drama,1293
101,2022-04-11,2.7,2500.0,8.0,No,comedy,960
102,2022-04-12,1.3,2600.0,9.0,No,animation,941
103,2022-04-13,4.8,3400.0,4.0,No,drama,602
104,2022-04-14,11.4,2400.0,7.0,No,comedy,781
105,2022-04-15,2.5,3200.0,4.0,No,comedy,705
106,2022-04-16,3.5,2600.0,10.0,No,action,1310
107,2022-04-17,6.3,2400.0,7.0,No,drama,936
108,2022-04-18,7.5,3000.0,5.0,No,comedy,758
109,2022-04-19,5.8,3200.0,4.0,No,animation,649
110,2022-04-20,6.1,2900.0,4.0,No,comedy,681
111,2022-04-21,9.2,2700.0,5.0,Yes,drama,889
112,2022-04-22,9.0,3500.0,9.0,No,animation,739
113,2022-04-23,4.6,2700.0,10.0,No,drama,1126
114,2022-04-24,7.8,1800.0,6.0,Yes,comedy,1403
115,2022-04-25,,3400.0,6.0,No,action,822
116,2022-04-26,5.6,3200.0,9.0,No,drama,858
117,2022-04-27,9.9,2200.0,4.0,No,action,720
118,2022-04-28,6.9,2300.0,8.0,Yes,comedy,1060
119,2022-04-29,12.7,2800.0,8.0,No,action,945
120,2022-04-30,10.7,3100.0,7.0,No,animation,1067
121,2022-05-01,10.7,2900.0,9.0,No,comedy,1329
122,2022-05-02,9.0,3300.0,4.0,No,comedy,712
123,2022-05-03,10.7,1600.0,5.0,No,drama,654
124,2022-05-04,5.4,3500.0,9.0,No,drama,815
125,2022-05-05,8.4,2500.0,6.0,No,action,816
126,2022-05-06,13.2,2000.0,4.0,No,animation,616
127,2022-05-07,6.0,1900.0,7.0,No,animation,1328
128,2022-05-08,15.3,2400.0,10.0,No,action,1325
129,2022-05-09,7.8,2100.0,9.0,No,animation,1004
130,2022-05-10,15.6,3400.0,10.0,No,action,1001
131,2022-05-11,11.1,2500.0,5.0,No,animation,859
132,2022-05-12,16.3,3400.0,6.0,Yes,animation,939
133,2022-05-13,14.7,2900.0,5.0,No,comedy,814
134,2022-05-14,,2200.0,4.0,No,comedy,942
135,2022-05-15,18.6,2300.0,5.0,No,comedy,928
136,2022-05-16,19.5,3400.0,10.0,No,action,1049
137,2022-05-17,15.3,2800.0,8.0,No,drama,843
138,2022-05-18,14.9,2300.0,7.0,No,action,952
139,2022-05-19,15.6,3000.0,7.0,No,animation,784
140,2022-05-20,13.4,2200.0,4.0,No,action,805
141,2022-05-21,19.9,1900.0,7.0,No,drama,965
142,2022-05-22,15.3,3000.0,7.0,No,action,1227
143,2022-05-23,17.0,1600.0,9.0,No,action,1102
144,2022-05-24,15.1,2400.0,5.0,No,comedy,803
145,2022-05-25,15.8,2300.0,10.0,No,comedy,1025
146,2022-05-26,14.1,2400.0,6.0,No,comedy,889
147,2022-05-27,22.0,1900.0,4.0,No,action,827
148,2022-05-28,18.0,2300.0,8.0,No,animation,1174
149,2022-05-29,21.6,1700.0,8.0,No,animation,1077
150,2022-05-30,19.0,2400.0,10.0,No,action,1067
151,2022-05-31,17.1,3000.0,7.0,No,animation,917
152,2022-06-01,18.5,1700.0,9.0,No,drama,717
153,2022-06-02,18.0,1800.0,5.0,No,comedy,688
154,2022-06-03,20.0,1600.0,5.0,No,comedy,769
155,2022-06-04,19.0,3200.0,8.0,Yes,comedy,1274
156,2022-06-05,19.5,3000.0,7.0,No,action,1040
157,2022-06-06,16.5,1500.0,9.0,Yes,animation,982
158,2022-06-07,18.4,2600.0,7.0,No,comedy,757
159,2022-06-08,26.0,2400.0,9.0,No,animation,682
160,2022-06-09,19.2,2900.0,10.0,No,action,823
161,2022-06-10,18.3,2200.0,10.0,Yes,comedy,1157
162,2022-06-11,22.6,3100.0,4.0,No,drama,643
163,2022-06-12,26.0,2500.0,10.0,No,action,1209
164,2022-06-13,17.6,1900.0,7.0,Yes,animation,1191
165,2022-06-14,21.5,2500.0,6.0,No,animation,690
166,2022-06-15,20.5,1900.0,10.0,No,comedy,957
167,2022-06-16,17.2,2500.0,5.0,No,comedy,581
168,2022-06-17,24.9,2000.0,6.0,No,drama,530
169,2022-06-18,22.8,2400.0,9.0,No,comedy,1000
170,2022-06-19,23.2,2100.0,5.0,No,comedy,880
171,2022-06-20,20.9,2500.0,10.0,No,drama,651
172,2022-06-21,24.6,3000.0,7.0,No,animation,585
173,2022-06-22,21.8,2900.0,7.0,No,action,723
174,2022-06-23,23.1,2200.0,6.0,No,action,675
175,2022-06-24,20.4,2500.0,4.0,No,action,539
176,2022-06-25,20.1,2100.0,10.0,No,comedy,1056
177,2022-06-26,27.9,2100.0,4.0,No,action,940
178,2022-06-27,22.5,2800.0,4.0,Yes,animation,753
179,2022-06-28,25.0,3100.0,4.0,No,comedy,599
180,2022-06-29,24.1,1800.0,5.0,No,action,802
181,2022-06-30,23.0,2000.0,9.0,No,drama,692
182,2022-07-01,22.9,1700.0,4.0,No,drama,562
183,2022-07-02,26.4,3500.0,5.0,No,comedy,695
184,2022-07-03,23.7,2900.0,8.0,No,animation,1107
185,2022-07-04,,1800.0,4.0,No,drama,587
186,2022-07-05,24.8,3000.0,6.0,No,drama,481
187,2022-07-06,28.3,2100.0,9.0,No,animation,701
188,2022-07-07,26.8,2100.0,10.0,No,animation,858
189,2022-07-08,26.0,2500.0,7.0,No,comedy,576
190,2022-07-09,23.2,2800.0,10.0,Yes,drama,1132
191,2022-07-10,20.8,2800.0,10.0,No,drama,1016
192,2022-07-11,27.8,1500.0,10.0,No,animation,882
193,2022-07-12,27.9,3000.0,5.0,Yes,comedy,767
194,2022-07-13,24.6,2300.0,5.0,No,comedy,704
195,2022-07-14,26.6,3400.0,8.0,No,animation,565
196,2022-07-15,27.3,2700.0,4.0,No,action,622
197,2022-07-16,27.5,3400.0,5.0,No,drama,636
198,2022-07-17,27.8,2000.0,6.0,Yes,drama,997
199,2022-07-18,23.6,2800.0,10.0,No,comedy,858
200,2022-07-19,29.5,2200.0,10.0,No,drama,656
201,2022-07-20,21.2,3300.0,6.0,No,action,796
202,2022-07-21,27.5,2700.0,9.0,No,action,786
203,2022-07-22,26.3,3000.0,7.0,No,drama,675
204,2022-07-23,27.4,2700.0,4.0,No,comedy,735
205,2022-07-24,30.4,3100.0,6.0,No,drama,773
206,2022-07-25,29.2,1800.0,8.0,No,comedy,714
207,2022-07-26,21.2,1900.0,8.0,No,animation,681
208,2022-07-27,19.5,2900.0,10.0,No,comedy,841
209,2022-07-28,27.0,1800.0,8.0,Yes,animation,1042
210,2022-07-29,21.4,1600.0,10.0,No,action,889
211,2022-07-30,24.3,,,No,drama,917
212,2022-07-31,26.8,3500.0,9.0,No,comedy,919
213,2022-08-01,19.2,2100.0,8.0,No,comedy,814
214,2022-08-02,17.7,1900.0,10.0,No,drama,811
215,2022-08-03,24.7,3000.0,10.0,No,animation,808
216,2022-08-04,24.0,2000.0,9.0,Yes,drama,817
217,2022-08-05,23.0,3100.0,10.0,No,animation,876
218,2022-08-06,23.7,,6.0,No,comedy,1016
219,2022-08-07,20.9,1800.0,10.0,No,drama,1014
220,2022-08-08,18.8,3500.0,4.0,No,animation,402
221,2022-08-09,22.7,2700.0,6.0,Yes,action,817
222,2022-08-10,20.2,2100.0,9.0,No,action,801
223,2022-08-11,18.0,2400.0,8.0,No,action,872
224,2022-08-12,24.3,2700.0,4.0,No,action,587
225,2022-08-13,22.4,1500.0,8.0,No,action,1074
226,2022-08-14,23.7,3500.0,6.0,No,action,862
227,2022-08-15,19.3,2500.0,9.0,No,comedy,927
228,2022-08-16,20.1,3400.0,10.0,No,animation,725
229,2022-08-17,18.9,3100.0,5.0,No,comedy,549
230,2022-08-18,19.1,1500.0,7.0,No,drama,772
231,2022-08-19,22.1,3100.0,4.0,No,drama,438
232,2022-08-20,19.0,2500.0,7.0,No,comedy,991
233,2022-08-21,22.2,3300.0,9.0,No,animation,922
234,2022-08-22,21.9,2700.0,10.0,Yes,drama,830
235,2022-08-23,26.8,2000.0,9.0,No,action,803
236,2022-08-24,16.3,2900.0,5.0,No,comedy,580
237,2022-08-25,22.9,2100.0,,No,animation,648
238,2022-08-26,19.8,2200.0,10.0,No,comedy,910
239,2022-08-27,19.8,2700.0,9.0,No,action,1148
240,2022-08-28,15.2,2100.0,10.0,No,animation,1142
241,2022-08-29,18.0,3400.0,5.0,No,animation,544
242,2022-08-30,21.3,1500.0,6.0,No,action,736
243,2022-08-31,18.6,2300.0,9.0,No,animation,644
244,2022-09-01,18.9,1500.0,6.0,No,drama,727
245,2022-09-02,17.5,3000.0,9.0,No,drama,716
246,2022-09-03,21.6,2600.0,4.0,No,comedy,922
247,2022-09-04,17.8,1800.0,4.0,No,action,1073
248,2022-09-05,11.0,,10.0,No,animation,962
249,2022-09-06,15.2,3000.0,6.0,Yes,comedy,937
250,2022-09-07,11.1,1900.0,5.0,No,action,883
251,2022-09-08,7.0,3200.0,5.0,No,action,806
252,2022-09-09,14.9,2100.0,4.0,No,comedy,721
253,2022-09-10,20.2,2600.0,9.0,No,action,1281
254,2022-09-11,16.0,1600.0,10.0,No,animation,1279
255,2022-09-12,12.1,2500.0,4.0,No,animation,632
256,2022-09-13,12.5,1500.0,8.0,No,animation,965
257,2022-09-14,18.4,1900.0,6.0,No,action,1045
258,2022-09-15,15.2,3400.0,8.0,No,animation,755
259,2022-09-16,14.6,3500.0,8.0,No,animation,878
260,2022-09-17,14.0,2400.0,9.0,No,animation,1287
261,2022-09-18,,3400.0,4.0,No,drama,901
262,2022-09-19,15.9,1900.0,,No,action,773
263,2022-09-20,14.8,2700.0,10.0,No,drama,1001
264,2022-09-21,13.5,2900.0,4.0,Yes,drama,816
265,2022-09-22,9.4,3300.0,7.0,No,action,855
266,2022-09-23,13.8,1500.0,7.0,No,action,987
267,2022-09-24,9.9,2700.0,6.0,No,animation,1086
268,2022-09-25,14.9,2000.0,4.0,No,comedy,1039
269,2022-09-26,7.4,2300.0,5.0,No,action,856
270,2022-09-27,10.5,3500.0,7.0,No,action,943
271,2022-09-28,10.6,2800.0,4.0,No,action,724
272,2022-09-29,6.3,3300.0,9.0,Yes,comedy,1079
273,2022-09-30,15.1,1900.0,10.0,No,action,1158
274,2022-10-01,14.0,2800.0,8.0,Yes,comedy,1433
275,2022-10-02,7.9,3400.0,9.0,No,action,1296
276,2022-10-03,11.2,1600.0,8.0,No,action,973
277,2022-10-04,9.7,3300.0,8.0,No,drama,813
278,2022-10-05,0.4,2100.0,4.0,No,drama,715
279,2022-10-06,8.7,2300.0,7.0,No,drama,898
280,2022-10-07,7.4,1500.0,5.0,No,action,845
281,2022-10-08,7.5,3200.0,5.0,Yes,comedy,1252
282,2022-10-09,3.7,1900.0,10.0,No,animation,1287
283,2022-10-10,5.7,3500.0,9.0,Yes,drama,897
284,2022-10-11,5.7,1500.0,4.0,No,animation,753
285,2022-10-12,9.4,1700.0,10.0,Yes,animation,1355
286,2022-10-13,6.5,1700.0,7.0,No,action,977
287,2022-10-14,5.2,2900.0,8.0,No,comedy,862
288,2022-10-15,9.4,2800.0,4.0,Yes,animation,1239
289,2022-10-16,2.8,1900.0,10.0,No,animation,1379
290,2022-10-17,3.0,1700.0,10.0,Yes,action,1454
291,2022-10-18,-1.7,2000.0,9.0,No,animation,955
292,2022-10-19,8.2,1800.0,5.0,No,animation,812
293,2022-10-20,6.0,3000.0,7.0,No,drama,799
294,2022-10-21,5.5,3300.0,6.0,No,animation,704
295,2022-10-22,4.4,2300.0,6.0,No,action,1130
296,2022-10-23,2.4,2200.0,7.0,No,comedy,1250
297,2022-10-24,2.4,2500.0,9.0,No,action,1157
298,2022-10-25,0.6,2100.0,9.0,No,drama,825
299,2022-10-26,0.5,,5.0,No,action,748
300,2022-10-27,0.9,1600.0,10.0,No,drama,888
301,2022-10-28,4.9,2800.0,7.0,No,action,855
302,2022-10-29,1.7,3100.0,9.0,No,drama,1072
303,2022-10-30,-0.4,2500.0,10.0,No,animation,1314
304,2022-10-31,-2.3,2900.0,6.0,Yes,comedy,1065
305,2022-11-01,-2.8,1700.0,10.0,No,comedy,1073
306,2022-11-02,3.5,2600.0,4.0,No,animation,732
307,2022-11-03,-0.1,2900.0,6.0,No,action,821
308,2022-11-04,-1.7,2700.0,8.0,No,comedy,946
309,2022-11-05,-3.3,1500.0,9.0,No,drama,1180
310,2022-11-06,-5.9,1700.0,10.0,No,comedy,1579
311,2022-11-07,-3.1,3500.0,6.0,No,animation,816
312,2022-11-08,-0.6,2000.0,4.0,No,animation,723
313,2022-11-09,-4.7,1900.0,7.0,Yes,animation,1097
314,2022-11-10,-4.5,2700.0,9.0,No,comedy,972
315,2022-11-11,-4.8,3000.0,4.0,No,action,689
316,2022-11-12,-4.1,3400.0,5.0,No,drama,844
317,2022-11-13,-9.5,3000.0,6.0,No,action,1117
318,2022-11-14,-5.7,3200.0,7.0,No,animation,898
319,2022-11-15,-7.9,3400.0,7.0,Yes,animation,1027
320,2022-11-16,-3.0,2800.0,7.0,No,animation,805
321,2022-11-17,-8.2,2700.0,8.0,No,comedy,875
322,2022-11-18,-4.5,2500.0,8.0,Yes,drama,991
323,2022-11-19,-1.9,1900.0,6.0,No,action,1229
324,2022-11-20,-7.7,1500.0,10.0,No,comedy,1398
325,2022-11-21,-8.8,1700.0,7.0,Yes,action,1365
326,2022-11-22,-6.7,3300.0,8.0,No,drama,742
327,2022-11-23,-7.6,2100.0,8.0,No,animation,1049
328,2022-11-24,-10.8,1600.0,6.0,No,animation,952
329,2022-11-25,-6.7,1700.0,8.0,No,action,1094
330,2022-11-26,-2.3,1700.0,9.0,No,animation,1155
331,2022-11-27,-9.4,2200.0,7.0,No,animation,1097
332,2022-11-28,-9.5,2900.0,7.0,No,comedy,963
333,2022-11-29,-12.2,3100.0,8.0,No,comedy,1046
334,2022-11-30,-8.4,3200.0,6.0,No,action,904
335,2022-12-01,-13.3,3500.0,9.0,No,comedy,1098
336,2022-12-02,-13.1,3100.0,6.0,No,drama,783
337,2022-12-03,-6.2,2000.0,4.0,No,animation,1113
338,2022-12-04,-13.0,2400.0,7.0,No,action,1306
339,2022-12-05,-7.3,2800.0,10.0,No,drama,1066
340,2022-12-06,-6.1,1800.0,5.0,No,drama,873
341,2022-12-07,-10.1,2900.0,6.0,No,drama,802
342,2022-12-08,-9.5,1500.0,5.0,No,comedy,991
343,2022-12-09,-5.5,1900.0,10.0,No,animation,1193
344,2022-12-10,-12.1,3200.0,5.0,No,comedy,1168
345,2022-12-11,-13.5,2100.0,7.0,No,comedy,1269
346,2022-12-12,-16.0,3500.0,7.0,No,drama,953
347,2022-12-13,-12.0,3200.0,7.0,Yes,drama,1093
348,2022-12-14,-7.8,2000.0,6.0,No,animation,974
349,2022-12-15,-9.6,3400.0,9.0,No,action,1195
350,2022-12-16,,3300.0,9.0,No,animation,1099
351,2022-12-17,-15.3,3500.0,7.0,No,action,1265
352,2022-12-18,-14.4,2300.0,9.0,No,action,1492
353,2022-12-19,-12.2,3400.0,4.0,No,comedy,750
354,2022-12-20,-13.8,2100.0,6.0,No,action,1029
355,2022-12-21,-12.7,2200.0,10.0,No,drama,904
356,2022-12-22,-12.6,2500.0,8.0,No,comedy,1163
357,2022-12-23,-14.5,2200.0,5.0,Yes,animation,1030
358,2022-12-24,-13.9,1500.0,10.0,No,drama,1429
359,2022-12-25,-13.2,3000.0,10.0,No,animation,1291
360,2022-12-26,-14.2,2400.0,6.0,No,animation,892
361,2022-12-27,-12.6,3200.0,5.0,Yes,animation,1063
362,2022-12-28,,,7.0,No,animation,1047
363,2022-12-29,-12.5,1900.0,8.0,No,drama,1038
364,2022-12-30,-14.2,2900.0,7.0,No,drama,1000
365,2022-12-31,-19.5,2900.0,8.0,No,comedy,1352
366,2023-01-01,-13.4,2500.0,8.0,No,animation,1362
367,2023-01-02,-20.4,2700.0,9.0,No,drama,958
368,2023-01-03,-18.9,3300.0,10.0,No,animation,1133
369,2023-01-04,-12.2,3300.0,9.0,No,comedy,1068
370,2023-01-05,-12.7,3300.0,4.0,No,animation,762
371,2023-01-06,-15.3,3500.0,,No,comedy,819
372,2023-01-07,-20.0,2100.0,10.0,No,drama,1348
373,2023-01-08,-16.0,3100.0,9.0,No,animation,1318
374,2023-01-09,-17.0,2000.0,8.0,No,action,1209
375,2023-01-10,-13.0,3300.0,5.0,No,drama,714
376,2023-01-11,-8.2,3400.0,9.0,No,drama,856
377,2023-01-12,-14.3,2400.0,4.0,No,drama,833
378,2023-01-13,-17.3,2500.0,8.0,No,drama,843
379,2023-01-14,-18.5,1700.0,6.0,No,comedy,1286
380,2023-01-15,-15.2,1700.0,10.0,No,drama,1478
381,2023-01-16,-15.5,,,No,action,995
382,2023-01-17,-18.4,1500.0,6.0,No,drama,907
383,2023-01-18,-14.6,2300.0,9.0,Yes,drama,1293
384,2023-01-19,-18.4,3500.0,,No,comedy,900
385,2023-01-20,-11.5,2900.0,5.0,No,animation,1049
386,2023-01-21,-11.7,2700.0,5.0,Yes,animation,1193
387,2023-01-22,-11.5,3000.0,6.0,No,animation,1265
388,2023-01-23,-16.2,1600.0,7.0,No,action,1275
389,2023-01-24,-13.1,2800.0,5.0,Yes,animation,1174
390,2023-01-25,-15.0,2500.0,8.0,No,animation,1029
391,2023-01-26,-15.7,1700.0,7.0,No,comedy,1131
392,2023-01-27,-15.5,2500.0,5.0,No,comedy,889
393,2023-01-28,-18.3,2800.0,8.0,No,action,1438
394,2023-01-29,-18.6,2400.0,4.0,No,comedy,1105
395,2023-01-30,-11.8,3400.0,10.0,Yes,action,1354
396,2023-01-31,-14.7,3400.0,9.0,No,action,1177
397,2023-02-01,-13.4,2200.0,4.0,No,animation,806
398,2023-02-02,-10.9,3400.0,9.0,No,animation,980
399,2023-02-03,-19.0,2000.0,6.0,No,animation,1018
400,2023-02-04,-16.0,1700.0,8.0,No,drama,1188
401,2023-02-05,-13.0,2800.0,5.0,No,action,1312
402,2023-02-06,-12.2,1800.0,6.0,No,comedy,1066
403,2023-02-07,-14.4,2100.0,4.0,No,animation,789
404,2023-02-08,-10.1,2300.0,8.0,No,action,1133
405,2023-02-09,-12.4,2900.0,8.0,Yes,action,1271
406,2023-02-10,-16.5,3200.0,4.0,No,animation,767
407,2023-02-11,-15.5,3300.0,5.0,No,drama,1023
408,2023-02-12,-10.1,2800.0,8.0,Yes,animation,1447
409,2023-02-13,-11.0,3500.0,9.0,No,action,1156
410,2023-02-14,-17.9,3000.0,8.0,No,animation,964
411,2023-02-15,-8.0,3300.0,5.0,No,comedy,934
412,2023-02-16,-10.0,2700.0,8.0,No,drama,921
413,2023-02-17,-7.6,1700.0,5.0,No,action,1102
414,2023-02-18,-12.6,1900.0,7.0,No,drama,1173
415,2023-02-19,-12.1,2300.0,7.0,No,drama,1142
416,2023-02-20,-14.4,3200.0,5.0,No,animation,772
417,2023-02-21,-3.2,2300.0,9.0,No,animation,1111
418,2023-02-22,-11.1,1500.0,9.0,No,animation,1224
419,2023-02-23,-5.6,2400.0,4.0,No,comedy,1033
420,2023-02-24,-12.1,2900.0,7.0,No,animation,1050
421,2023-02-25,-9.4,3500.0,4.0,No,comedy,1086
422,2023-02-26,-14.7,1900.0,9.0,No,drama,1292
423,2023-02-27,-10.6,2100.0,6.0,Yes,comedy,1271
424,2023-02-28,-6.3,2400.0,6.0,No,drama,845
425,2023-03-01,-12.7,2500.0,5.0,No,animation,906
426,2023-03-02,-5.5,3500.0,4.0,No,comedy,763
427,2023-03-03,-7.5,2300.0,4.0,No,drama,610
428,2023-03-04,-11.4,2600.0,7.0,No,animation,1093
429,2023-03-05,-9.5,2000.0,9.0,No,drama,1279
430,2023-03-06,-9.1,1600.0,8.0,No,animation,1021
431,2023-03-07,-7.6,2300.0,5.0,Yes,action,1108
432,2023-03-08,-8.8,2400.0,10.0,No,drama,1017
433,2023-03-09,-9.4,1800.0,8.0,No,action,1047
434,2023-03-10,-7.5,2800.0,10.0,No,animation,969
435,2023-03-11,-9.4,2100.0,4.0,No,drama,918
436,2023-03-12,,1600.0,4.0,No,drama,854
437,2023-03-13,-5.9,2600.0,4.0,No,comedy,830
438,2023-03-14,-2.8,2000.0,9.0,No,drama,819
439,2023-03-15,-9.8,3000.0,6.0,No,drama,670
440,2023-03-16,-4.9,1500.0,5.0,No,action,898
441,2023-03-17,-6.5,3100.0,8.0,No,action,1012
442,2023-03-18,-7.2,2600.0,8.0,No,comedy,1209
443,2023-03-19,-1.4,3000.0,7.0,No,drama,990
444,2023-03-20,-5.2,2300.0,6.0,Yes,drama,864
445,2023-03-21,1.2,3300.0,6.0,No,comedy,776
446,2023-03-22,-5.4,2500.0,6.0,No,drama,633
447,2023-03-23,-1.6,3500.0,6.0,No,action,846
448,2023-03-24,-3.1,2100.0,7.0,No,drama,832
449,2023-03-25,-4.3,3200.0,6.0,No,drama,936
450,2023-03-26,0.0,2800.0,7.0,No,action,1324
451,2023-03-27,-1.9,3400.0,8.0,Yes,comedy,1141
452,2023-03-28,0.7,1800.0,8.0,No,comedy,1036
453,2023-03-29,-0.9,2500.0,4.0,No,comedy,773
454,2023-03-30,-3.7,3400.0,8.0,No,animation,826
455,2023-03-31,-0.4,2000.0,6.0,No,drama,829
456,2023-04-01,0.4,3500.0,8.0,No,comedy,1196
457,2023-04-02,3.4,3500.0,10.0,No,comedy,1109
458,2023-04-03,-1.8,2500.0,6.0,No,drama,799
459,2023-04-04,1.1,3000.0,4.0,No,comedy,753
460,2023-04-05,-3.6,2400.0,8.0,No,action,1076
461,2023-04-06,3.9,2800.0,6.0,No,action,897
462,2023-04-07,-1.0,3300.0,6.0,No,comedy,702
463,2023-04-08,-2.8,3000.0,8.0,No,animation,1046
464,2023-04-09,2.8,2100.0,8.0,No,drama,1221
465,2023-04-10,6.6,2700.0,4.0,No,animation,702
466,2023-04-11,-0.9,3100.0,7.0,No,action,800
467,2023-04-12,0.7,2700.0,6.0,No,animation,816
468,2023-04-13,2.1,2100.0,7.0,No,action,945
469,2023-04-14,1.3,3000.0,8.0,No,drama,637
470,2023-04-15,6.1,3000.0,4.0,No,animation,761
471,2023-04-16,2.9,2800.0,4.0,Yes,animation,1065
472,2023-04-17,3.5,2200.0,7.0,No,animation,888
473,2023-04-18,7.8,2600.0,9.0,No,action,1000
474,2023-04-19,4.1,2700.0,5.0,No,comedy,759
475,2023-04-20,8.0,,4.0,No,animation,764
476,2023-04-21,4.1,3400.0,6.0,No,animation,768
477,2023-04-22,3.8,2700.0,5.0,Yes,action,1170
478,2023-04-23,2.2,1600.0,4.0,No,action,1114
479,2023-04-24,13.7,2000.0,10.0,No,action,1021
480,2023-04-25,7.5,3100.0,8.0,Yes,action,1063
481,2023-04-26,9.5,2900.0,9.0,No,comedy,886
482,2023-04-27,9.0,2600.0,10.0,No,comedy,986
483,2023-04-28,9.9,2500.0,8.0,No,drama,762
484,2023-04-29,9.9,2200.0,6.0,No,drama,872
485,2023-04-30,15.8,3400.0,4.0,No,drama,737
486,2023-05-01,7.3,2200.0,4.0,No,action,953
487,2023-05-02,6.1,3200.0,6.0,No,action,752
488,2023-05-03,8.1,1600.0,8.0,No,animation,830
489,2023-05-04,7.4,2600.0,8.0,No,comedy,929
490,2023-05-05,14.0,2000.0,4.0,No,animation,760
491,2023-05-06,14.5,2300.0,5.0,No,comedy,1070
492,2023-05-07,9.5,2800.0,10.0,No,comedy,1159
493,2023-05-08,8.5,1600.0,6.0,Yes,animation,1156
494,2023-05-09,12.0,1700.0,4.0,No,animation,693
495,2023-05-10,17.5,2700.0,5.0,No,comedy,657
496,2023-05-11,5.2,2900.0,6.0,No,action,810
497,2023-05-12,15.5,,7.0,No,animation,873
498,2023-05-13,11.0,3500.0,7.0,No,action,1142
499,2023-05-14,17.7,2400.0,4.0,No,action,1069
500,2023-05-15,11.6,3500.0,4.0,No,animation,604
501,2023-05-16,14.3,1700.0,5.0,No,action,941
502,2023-05-17,10.9,3300.0,6.0,No,drama,629
503,2023-05-18,12.8,2800.0,10.0,No,animation,990
504,2023-05-19,20.2,3100.0,5.0,No,animation,558
505,2023-05-20,18.8,3100.0,6.0,No,animation,855
506,2023-05-21,15.4,1800.0,8.0,No,animation,1224
507,2023-05-22,14.3,1800.0,6.0,No,drama,636
508,2023-05-23,11.5,,10.0,No,animation,854
509,2023-05-24,16.3,2400.0,7.0,No,drama,717
510,2023-05-25,17.6,1900.0,6.0,No,drama,681
511,2023-05-26,17.7,2800.0,9.0,Yes,action,1156
512,2023-05-27,18.0,3300.0,9.0,No,action,1274
513,2023-05-28,15.1,2000.0,8.0,No,animation,978
514,2023-05-29,18.5,3300.0,4.0,No,comedy,702
515,2023-05-30,,,6.0,No,action,1076
516,2023-05-31,23.1,2800.0,8.0,Yes,animation,1038
517,2023-06-01,25.1,2200.0,6.0,No,drama,557
518,2023-06-02,19.3,2500.0,7.0,No,animation,738
519,2023-06-03,17.6,2700.0,5.0,No,animation,974
520,2023-06-04,20.0,1900.0,6.0,No,comedy,905
521,2023-06-05,18.6,1600.0,7.0,No,comedy,807
522,2023-06-06,18.4,2500.0,9.0,No,action,857
523,2023-06-07,20.6,3500.0,6.0,No,drama,507
524,2023-06-08,17.9,,9.0,Yes,action,1144
525,2023-06-09,23.0,2600.0,10.0,Yes,animation,1079
526,2023-06-10,21.1,1700.0,4.0,No,comedy,881
527,2023-06-11,22.4,2200.0,10.0,No,action,1190
528,2023-06-12,21.3,1700.0,6.0,No,animation,653
529,2023-06-13,19.8,1700.0,4.0,No,animation,568
530,2023-06-14,19.3,3100.0,9.0,No,drama,629
531,2023-06-15,21.6,3300.0,4.0,No,drama,381
532,2023-06-16,20.9,3400.0,10.0,No,drama,573
533,2023-06-17,23.4,3000.0,5.0,No,drama,825
534,2023-06-18,22.8,1700.0,,No,comedy,1076
535,2023-06-19,18.9,3400.0,5.0,Yes,comedy,699
536,2023-06-20,23.3,1500.0,10.0,No,animation,967
537,2023-06-21,19.3,2000.0,8.0,No,drama,630
538,2023-06-22,21.6,2000.0,10.0,No,drama,801
539,2023-06-23,22.7,3000.0,9.0,No,action,816
540,2023-06-24,17.5,1700.0,9.0,Yes,action,1444
541,2023-06-25,24.1,3500.0,10.0,No,drama,910
542,2023-06-26,24.4,1800.0,8.0,No,comedy,773
543,2023-06-27,23.5,3300.0,5.0,No,drama,433
544,2023-06-28,,2700.0,5.0,No,action,803
545,2023-06-29,23.1,2000.0,8.0,No,action,694
546,2023-06-30,21.4,2300.0,6.0,No,drama,566
547,2023-07-01,23.6,1700.0,9.0,No,action,1209
548,2023-07-02,22.8,2400.0,8.0,No,animation,916
549,2023-07-03,24.8,2900.0,4.0,No,comedy,448
550,2023-07-04,21.0,1900.0,10.0,No,action,1106
551,2023-07-05,25.4,3500.0,10.0,No,action,788
552,2023-07-06,25.2,2800.0,6.0,Yes,action,1066
553,2023-07-07,24.4,2200.0,5.0,Yes,drama,783
554,2023-07-08,23.5,2100.0,6.0,No,drama,837
555,2023-07-09,26.5,3100.0,9.0,No,drama,911
556,2023-07-10,19.9,2300.0,4.0,No,comedy,651
557,2023-07-11,26.3,3400.0,5.0,Yes,drama,727
558,2023-07-12,25.7,2400.0,8.0,Yes,animation,981
559,2023-07-13,25.8,2900.0,6.0,No,animation,601
560,2023-07-14,26.1,3300.0,7.0,No,animation,615
561,2023-07-15,23.0,3400.0,10.0,No,comedy,1134
562,2023-07-16,24.2,2000.0,9.0,No,action,1210
563,2023-07-17,26.9,2400.0,4.0,No,comedy,507
564,2023-07-18,26.3,3000.0,5.0,No,animation,492
565,2023-07-19,25.6,2300.0,5.0,No,action,707
566,2023-07-20,20.4,2100.0,8.0,Yes,action,1037
567,2023-07-21,26.5,2800.0,7.0,No,comedy,655
568,2023-07-22,28.4,3300.0,8.0,No,action,924
569,2023-07-23,27.9,2400.0,5.0,No,animation,821
570,2023-07-24,25.5,2300.0,7.0,No,drama,624
571,2023-07-25,20.0,3000.0,6.0,No,animation,670
572,2023-07-26,27.5,2500.0,5.0,No,drama,483
573,2023-07-27,24.2,2100.0,5.0,No,comedy,800
574,2023-07-28,16.9,3300.0,6.0,No,drama,490
575,2023-07-29,25.6,2700.0,8.0,Yes,action,1501
576,2023-07-30,19.9,2900.0,9.0,No,comedy,1113
577,2023-07-31,20.4,3200.0,9.0,No,action,843
578,2023-08-01,,1600.0,5.0,Yes,drama,765
579,2023-08-02,27.9,3200.0,8.0,Yes,animation,683
580,2023-08-03,22.9,1700.0,4.0,No,action,684
581,2023-08-04,24.7,1500.0,4.0,No,comedy,668
582,2023-08-05,29.0,3500.0,7.0,No,comedy,1013
583,2023-08-06,28.4,2000.0,8.0,No,action,998
584,2023-08-07,23.2,1500.0,5.0,No,drama,709
585,2023-08-08,22.6,2900.0,5.0,No,comedy,578
586,2023-08-09,19.4,2100.0,9.0,Yes,drama,999
587,2023-08-10,21.0,2300.0,8.0,No,drama,475
588,2023-08-11,24.2,3500.0,9.0,Yes,action,1012
589,2023-08-12,23.9,2600.0,4.0,No,comedy,806
590,2023-08-13,22.9,1500.0,,No,animation,1199
591,2023-08-14,25.4,2900.0,9.0,No,action,823
592,2023-08-15,19.9,1800.0,9.0,No,action,841
593,2023-08-16,21.9,2100.0,4.0,No,action,733
594,2023-08-17,24.1,1900.0,8.0,No,action,904
595,2023-08-18,23.5,3400.0,7.0,No,comedy,684
596,2023-08-19,24.7,1600.0,5.0,No,action,1074
597,2023-08-20,22.5,2600.0,10.0,Yes,comedy,1412
598,2023-08-21,20.2,2400.0,9.0,No,drama,691
599,2023-08-22,22.0,2600.0,9.0,No,animation,666
600,2023-08-23,17.7,2700.0,9.0,Yes,drama,809
601,2023-08-24,15.6,1700.0,5.0,Yes,animation,997
602,2023-08-25,22.0,2100.0,,No,animation,851
603,2023-08-26,19.9,2600.0,7.0,No,comedy,984
604,2023-08-27,20.7,1700.0,8.0,No,animation,1021
605,2023-08-28,14.5,3200.0,8.0,No,drama,603
606,2023-08-29,18.3,3200.0,9.0,No,comedy,766
607,2023-08-30,17.3,2600.0,7.0,No,drama,572
608,2023-08-31,16.3,3100.0,6.0,No,comedy,594
609,2023-09-01,11.9,2400.0,8.0,No,comedy,1084
610,2023-09-02,17.4,2600.0,8.0,Yes,animation,1366
611,2023-09-03,20.8,2400.0,6.0,No,comedy,1033
612,2023-09-04,19.0,1700.0,7.0,No,animation,791
613,2023-09-05,15.8,1800.0,8.0,No,action,968
614,2023-09-06,17.3,2600.0,6.0,No,action,910
615,2023-09-07,19.3,1600.0,5.0,No,animation,852
616,2023-09-08,8.5,2800.0,6.0,No,animation,765
617,2023-09-09,16.1,2100.0,9.0,No,action,1302
618,2023-09-10,17.8,2300.0,5.0,No,action,1076
619,2023-09-11,18.0,3300.0,6.0,No,animation,634
620,2023-09-12,20.7,3300.0,7.0,Yes,animation,1070
621,2023-09-13,18.7,2400.0,9.0,No,drama,853
622,2023-09-14,16.0,2300.0,6.0,Yes,comedy,1241
623,2023-09-15,15.6,3200.0,10.0,No,comedy,894
624,2023-09-16,16.8,2500.0,6.0,No,drama,940
625,2023-09-17,12.5,3000.0,7.0,Yes,action,1439
626,2023-09-18,13.7,1700.0,9.0,No,action,1061
627,2023-09-19,16.2,2900.0,7.0,No,animation,697
628,2023-09-20,19.1,2600.0,8.0,Yes,comedy,1058
629,2023-09-21,12.4,1900.0,6.0,No,drama,758
630,2023-09-22,12.4,3100.0,8.0,No,action,949
631,2023-09-23,12.8,2600.0,8.0,No,comedy,1167
632,2023-09-24,15.9,3000.0,10.0,No,drama,1163
633,2023-09-25,11.5,3200.0,6.0,No,action,899
634,2023-09-26,15.7,2000.0,5.0,No,action,890
635,2023-09-27,8.0,3200.0,4.0,No,comedy,702
636,2023-09-28,10.0,3500.0,7.0,Yes,animation,977
637,2023-09-29,9.7,2500.0,7.0,Yes,animation,1114
638,2023-09-30,12.3,3000.0,4.0,No,drama,897
639,2023-10-01,12.7,3100.0,4.0,No,drama,828
640,2023-10-02,,2300.0,6.0,No,animation,863
641,2023-10-03,6.2,3100.0,4.0,No,drama,561
642,2023-10-04,9.6,2300.0,10.0,No,action,988
643,2023-10-05,6.3,3300.0,9.0,No,drama,722
644,2023-10-06,3.3,3100.0,4.0,No,animation,736
645,2023-10-07,10.7,2600.0,9.0,No,action,1306
646,2023-10-08,8.7,1800.0,9.0,No,comedy,1406
647,2023-10-09,8.4,3200.0,9.0,No,comedy,928
648,2023-10-10,5.1,2800.0,10.0,No,comedy,1071
649,2023-10-11,9.3,2600.0,8.0,No,animation,977
650,2023-10-12,5.1,3000.0,7.0,Yes,action,1209
651,2023-10-13,8.8,3500.0,9.0,Yes,drama,956
652,2023-10-14,2.4,2500.0,9.0,No,animation,1205
653,2023-10-15,2.3,2300.0,8.0,No,drama,1108
654,2023-10-16,5.1,3300.0,7.0,No,action,817
655,2023-10-17,2.0,2800.0,8.0,No,drama,833
656,2023-10-18,5.8,2400.0,6.0,No,animation,892
657,2023-10-19,4.2,1800.0,6.0,Yes,drama,980
658,2023-10-20,0.3,2400.0,7.0,No,comedy,1060
659,2023-10-21,3.0,3400.0,9.0,No,drama,1034
660,2023-10-22,1.4,2000.0,5.0,No,animation,1067
661,2023-10-23,4.8,3500.0,7.0,No,drama,674
662,2023-10-24,-0.2,3400.0,6.0,No,animation,709
663,2023-10-25,0.1,3200.0,5.0,No,comedy,798
664,2023-10-26,4.7,2100.0,6.0,No,action,939
665,2023-10-27,,,,No,comedy,916
666,2023-10-28,6.4,2900.0,10.0,No,drama,1171
667,2023-10-29,0.2,3300.0,6.0,No,action,1153
668,2023-10-30,0.4,2300.0,6.0,No,action,919
669,2023-10-31,4.0,2700.0,6.0,No,action,793
670,2023-11-01,-1.3,3400.0,5.0,No,comedy,751
671,2023-11-02,-4.2,3400.0,10.0,No,action,981
672,2023-11-03,-1.2,3400.0,10.0,No,action,1098
673,2023-11-04,-0.6,1700.0,6.0,No,comedy,1194
674,2023-11-05,-4.7,1500.0,4.0,No,action,1301
675,2023-11-06,-7.5,1600.0,4.0,No,animation,886
676,2023-11-07,-7.2,3500.0,10.0,No,action,1100
677,2023-11-08,-1.2,2300.0,9.0,No,comedy,1041
678,2023-11-09,-5.8,2700.0,9.0,No,drama,891
679,2023-11-10,-4.2,2300.0,8.0,No,animation,994
680,2023-11-11,-3.5,1600.0,8.0,No,comedy,1367
681,2023-11-12,-2.6,3400.0,,No,comedy,1151
682,2023-11-13,-5.7,2500.0,6.0,No,comedy,922
683,2023-11-14,-3.5,2100.0,9.0,No,comedy,1231
684,2023-11-15,-8.0,1600.0,5.0,No,animation,875
685,2023-11-16,-6.7,1700.0,7.0,No,comedy,981
686,2023-11-17,-9.0,2600.0,4.0,No,comedy,751
687,2023-11-18,-2.8,3100.0,9.0,Yes,animation,1314
688,2023-11-19,-6.6,1800.0,4.0,No,comedy,1199
689,2023-11-20,-9.0,2600.0,7.0,No,drama,808
690,2023-11-21,-8.1,2200.0,6.0,Yes,comedy,1169
691,2023-11-22,-8.0,2800.0,10.0,No,animation,1139
692,2023-11-23,-5.5,2100.0,6.0,No,action,1144
693,2023-11-24,-12.6,3300.0,4.0,No,comedy,692
694,2023-11-25,-11.2,2700.0,10.0,Yes,action,1681
695,2023-11-26,-9.5,1800.0,7.0,No,animation,1263
696,2023-11-27,-1.0,3200.0,7.0,No,animation,850
697,2023-11-28,-6.0,2800.0,8.0,No,animation,948
698,2023-11-29,-9.4,3400.0,10.0,No,animation,965
699,2023-11-30,-7.2,3400.0,4.0,No,animation,801
700,2023-12-01,-3.4,2100.0,9.0,No,animation,1130
701,2023-12-02,-10.5,2900.0,7.0,Yes,action,1559
702,2023-12-03,-11.2,2600.0,5.0,Yes,animation,1468
703,2023-12-04,-6.6,2400.0,10.0,No,drama,1091
704,2023-12-05,-9.0,1500.0,7.0,No,drama,1004
705,2023-12-06,-8.7,3200.0,10.0,No,drama,993
706,2023-12-07,-12.4,2200.0,5.0,No,comedy,1089
707,2023-12-08,-5.4,1600.0,,No,comedy,1164
708,2023-12-09,-6.2,3500.0,4.0,No,animation,1013
709,2023-12-10,-9.8,2300.0,10.0,No,action,1426
710,2023-12-11,-9.7,1700.0,10.0,No,comedy,1199
711,2023-12-12,-18.0,2400.0,10.0,No,drama,989
712,2023-12-13,-10.2,3300.0,6.0,No,action,974
713,2023-12-14,-12.8,3000.0,8.0,No,comedy,1057
714,2023-12-15,-11.1,2800.0,5.0,No,drama,641
715,2023-12-16,-10.6,2100.0,9.0,No,comedy,1410
716,2023-12-17,-13.8,2100.0,4.0,No,animation,1199
717,2023-12-18,-18.0,2000.0,9.0,No,drama,1061
718,2023-12-19,-12.0,3100.0,8.0,No,comedy,961
719,2023-12-20,-15.4,,6.0,No,comedy,1037
720,2023-12-21,-14.3,2100.0,7.0,No,drama,891
721,2023-12-22,-15.3,2100.0,7.0,No,action,1037
722,2023-12-23,-14.6,3300.0,4.0,No,comedy,1024
723,2023-12-24,-20.7,3500.0,4.0,No,comedy,1101
724,2023-12-25,-10.2,1600.0,9.0,No,animation,1217
725,2023-12-26,-13.2,2000.0,8.0,No,comedy,1201
726,2023-12-27,-10.7,1700.0,5.0,No,action,1066
727,2023-12-28,,2200.0,7.0,No,comedy,960
728,2023-12-29,-14.2,3000.0,9.0,No,action,1092
729,2023-12-30,-19.8,2700.0,8.0,Yes,drama,1381
730,2023-12-31,-17.1,2400.0,7.0,No,drama,1172
