id,date,temperature,rainfall_mm,delivery_fee,promo,branch,orders
1,2022-01-01,-11.4,0.0,330.0,No,north,548
2,2022-01-02,-9.3,0.0,900.0,Yes,east,464
3,2022-01-03,-22.3,0.0,440.0,No,east,394
4,2022-01-04,-15.1,0.0,420.0,No,north,371
5,2022-01-05,-11.7,0.0,360.0,No,north,425
6,2022-01-06,-10.8,0.0,460.0,Yes,south,558
7,2022-01-07,-12.9,0.0,400.0,No,north,433
8,2022-01-08,-10.4,16.1,350.0,Yes,south,748
9,2022-01-09,-14.1,0.0,340.0,Yes,center,635
10,2022-01-10,-13.3,0.0,320.0,No,south,442
11,2022-01-11,-14.4,0.0,810.0,Yes,south,590
12,2022-01-12,-18.2,8.5,400.0,No,north,428
13,2022-01-13,-17.5,0.0,900.0,No,north,359
14,2022-01-14,-13.9,0.0,410.0,No,east,402
15,2022-01-15,-16.7,4.9,350.0,No,center,636
16,2022-01-16,-11.2,0.0,720.0,No,north,370
17,2022-01-17,-11.1,0.0,780.0,No,north,335
18,2022-01-18,-9.6,0.0,620.0,No,south,438
19,2022-01-19,-15.0,0.0,520.0,No,east,282
20,2022-01-20,-10.7,5.3,530.0,Yes,north,528
21,2022-01-21,-17.6,13.8,500.0,No,south,558
22,2022-01-22,-17.2,13.7,770.0,No,center,611
23,2022-01-23,-14.5,0.0,680.0,Yes,south,552
24,2022-01-24,-13.8,0.0,410.0,Yes,center,571
25,2022-01-25,-19.4,4.3,610.0,No,north,467
26,2022-01-26,-19.7,0.0,580.0,No,north,435
27,2022-01-27,-13.4,0.0,390.0,Yes,east,493
28,2022-01-28,-17.0,0.0,380.0,Yes,north,533
29,2022-01-29,-10.7,0.0,,No,center,532
30,2022-01-30,-13.0,5.9,700.0,Yes,south,628
31,2022-01-31,-13.2,0.0,840.0,No,north,350
32,2022-02-01,-13.4,4.5,780.0,No,center,500
33,2022-02-02,-11.2,1.8,570.0,No,north,371
34,2022-02-03,,,650.0,Yes,center,571
35,2022-02-04,-10.4,2.8,900.0,No,center,437
36,2022-02-05,-15.1,0.0,780.0,Yes,east,512
37,2022-02-06,-14.1,4.5,560.0,No,north,488
38,2022-02-07,-15.3,0.0,860.0,No,south,452
39,2022-02-08,-11.3,0.0,770.0,Yes,north,448
40,2022-02-09,-12.9,0.0,530.0,No,east,360
41,2022-02-10,-15.4,0.0,740.0,No,east,370
42,2022-02-11,-6.7,0.0,550.0,Yes,north,501
43,2022-02-12,-13.6,3.1,850.0,No,south,497
44,2022-02-13,-12.7,0.0,810.0,Yes,north,520
45,2022-02-14,-11.0,0.0,880.0,No,center,441
46,2022-02-15,-6.8,0.0,580.0,Yes,north,469
47,2022-02-16,-12.3,0.0,810.0,No,east,320
48,2022-02-17,-9.5,0.0,510.0,Yes,east,464
49,2022-02-18,-11.1,0.0,560.0,No,east,339
50,2022-02-19,-15.6,0.0,580.0,No,east,384
51,2022-02-20,-8.7,0.0,700.0,No,east,410
52,2022-02-21,-7.8,0.0,630.0,No,north,341
53,2022-02-22,-11.3,,550.0,Yes,east,415
54,2022-02-23,-10.4,2.6,430.0,No,east,340
55,2022-02-24,-14.7,0.0,450.0,No,south,524
56,2022-02-25,-14.5,4.4,800.0,No,south,446
57,2022-02-26,-10.9,0.0,610.0,Yes,north,529
58,2022-02-27,-7.6,0.0,520.0,No,north,437
59,2022-02-28,-10.6,23.6,550.0,No,north,533
60,2022-03-01,-8.1,0.0,860.0,No,north,263
61,2022-03-02,-5.8,0.0,740.0,No,east,257
62,2022-03-03,-8.2,0.0,330.0,No,east,372
63,2022-03-04,,,750.0,Yes,north,498
64,2022-03-05,-3.6,0.0,500.0,No,south,372
65,2022-03-06,-11.4,0.0,440.0,No,center,490
66,2022-03-07,-5.2,0.0,680.0,No,center,400
67,2022-03-08,-12.8,0.0,330.0,No,south,392
68,2022-03-09,-5.6,0.0,450.0,Yes,center,515
69,2022-03-10,-6.0,5.0,610.0,No,east,315
70,2022-03-11,-8.0,0.0,480.0,No,north,342
71,2022-03-12,-9.3,2.8,780.0,Yes,center,539
72,2022-03-13,-5.9,0.0,550.0,Yes,north,421
73,2022-03-14,-6.7,2.6,400.0,No,center,387
74,2022-03-15,-4.9,0.0,850.0,No,center,403
75,2022-03-16,-7.6,1.3,560.0,Yes,east,424
76,2022-03-17,-2.9,16.4,810.0,No,south,487
77,2022-03-18,-7.4,0.0,870.0,No,east,239
78,2022-03-19,-4.9,3.3,500.0,Yes,east,421
79,2022-03-20,-4.8,0.0,490.0,No,center,453
80,2022-03-21,0.5,0.0,660.0,Yes,south,474
81,2022-03-22,-7.5,0.0,640.0,No,north,313
82,2022-03-23,-4.0,0.0,740.0,Yes,east,428
83,2022-03-24,1.2,0.0,620.0,No,center,442
84,2022-03-25,-4.0,0.0,850.0,Yes,north,348
85,2022-03-26,-5.5,0.0,440.0,Yes,center,642
86,2022-03-27,-0.6,0.0,750.0,No,east,319
87,2022-03-28,-2.0,2.1,560.0,Yes,south,473
88,2022-03-29,1.7,0.0,790.0,No,north,256
89,2022-03-30,-3.2,0.0,470.0,No,east,323
90,2022-03-31,0.5,0.0,890.0,Yes,center,426
91,2022-04-01,2.2,0.0,330.0,Yes,north,416
92,2022-04-02,3.7,0.0,650.0,No,center,457
93,2022-04-03,-2.4,0.0,710.0,No,south,447
94,2022-04-04,5.5,0.0,400.0,No,east,327
95,2022-04-05,-1.1,0.0,820.0,No,south,331
96,2022-04-06,-2.6,0.0,810.0,No,north,296
97,2022-04-07,-0.6,0.0,530.0,No,east,243
98,2022-04-08,3.1,,630.0,No,center,389
99,2022-04-09,,3.4,830.0,No,south,390
100,2022-04-10,4.6,0.0,880.0,No,center,355
101,2022-04-11,5.1,1.0,490.0,No,center,385
102,2022-04-12,4.9,0.0,510.0,Yes,center,491
103,2022-04-13,3.5,6.3,590.0,No,east,308
104,2022-04-14,10.1,0.0,570.0,No,south,368
105,2022-04-15,-1.6,0.0,370.0,No,north,405
106,2022-04-16,0.1,0.0,340.0,Yes,east,471
107,2022-04-17,4.2,1.8,330.0,No,east,435
108,2022-04-18,2.3,0.0,550.0,No,north,310
109,2022-04-19,-1.3,0.0,750.0,No,south,336
110,2022-04-20,4.3,0.0,480.0,Yes,south,459
111,2022-04-21,4.8,0.0,820.0,No,south,274
112,2022-04-22,0.1,0.0,750.0,Yes,east,307
113,2022-04-23,10.3,0.0,850.0,Yes,north,385
114,2022-04-24,12.0,0.0,520.0,Yes,south,541
115,2022-04-25,12.1,1.5,730.0,Yes,north,370
116,2022-04-26,7.2,0.0,810.0,No,north,275
117,2022-04-27,9.5,0.0,330.0,No,east,280
118,2022-04-28,6.1,2.1,780.0,No,south,347
119,2022-04-29,10.4,0.0,370.0,No,east,262
120,2022-04-30,,0.0,670.0,Yes,center,650
121,2022-05-01,11.7,,730.0,No,east,311
122,2022-05-02,9.7,0.0,,No,east,224
123,2022-05-03,14.2,0.0,890.0,No,center,380
124,2022-05-04,13.9,0.0,620.0,No,south,324
125,2022-05-05,15.5,1.1,820.0,No,center,404
126,2022-05-06,7.3,0.0,380.0,No,south,386
127,2022-05-07,6.9,0.0,320.0,Yes,north,449
128,2022-05-08,13.9,0.0,620.0,No,north,378
129,2022-05-09,11.3,0.0,890.0,No,south,294
130,2022-05-10,14.5,0.0,,Yes,center,614
131,2022-05-11,14.6,0.0,440.0,Yes,east,410
132,2022-05-12,14.5,0.0,300.0,No,south,345
133,2022-05-13,17.0,0.0,800.0,No,east,260
134,2022-05-14,16.2,0.0,670.0,No,east,246
135,2022-05-15,16.3,0.0,730.0,No,south,399
136,2022-05-16,,,,Yes,south,427
137,2022-05-17,20.6,0.0,370.0,No,north,339
138,2022-05-18,16.1,0.0,400.0,No,north,297
139,2022-05-19,19.4,0.0,690.0,Yes,center,435
140,2022-05-20,17.3,0.0,400.0,No,east,258
141,2022-05-21,20.4,0.0,600.0,No,east,346
142,2022-05-22,17.4,0.0,300.0,No,north,412
143,2022-05-23,17.8,7.8,820.0,No,north,317
144,2022-05-24,17.9,0.0,320.0,No,south,398
145,2022-05-25,15.6,0.0,840.0,Yes,north,323
146,2022-05-26,16.3,0.0,470.0,No,south,419
147,2022-05-27,17.8,12.3,340.0,No,east,341
148,2022-05-28,18.1,0.0,720.0,No,center,497
149,2022-05-29,15.8,0.0,630.0,Yes,center,582
150,2022-05-30,26.1,0.0,600.0,No,center,345
151,2022-05-31,16.3,,410.0,Yes,east,550
152,2022-06-01,18.6,0.0,510.0,No,east,248
153,2022-06-02,27.0,0.0,560.0,No,center,370
154,2022-06-03,18.0,0.0,410.0,No,center,344
155,2022-06-04,22.5,0.0,840.0,No,north,302
156,2022-06-05,22.4,0.0,640.0,No,north,318
157,2022-06-06,20.0,3.1,370.0,No,east,210
158,2022-06-07,16.5,0.0,530.0,No,east,212
159,2022-06-08,16.4,0.0,720.0,No,south,317
160,2022-06-09,21.2,0.0,610.0,No,east,192
161,2022-06-10,22.7,0.0,360.0,No,center,397
162,2022-06-11,15.2,0.0,450.0,No,center,435
163,2022-06-12,22.3,0.0,500.0,No,center,399
164,2022-06-13,20.0,0.0,,No,south,303
165,2022-06-14,24.9,0.0,540.0,No,south,318
166,2022-06-15,22.9,0.0,550.0,No,east,200
167,2022-06-16,20.1,3.3,480.0,No,center,344
168,2022-06-17,21.4,0.0,860.0,No,east,108
169,2022-06-18,23.0,0.0,860.0,No,center,400
170,2022-06-19,27.0,1.1,540.0,Yes,north,407
171,2022-06-20,32.3,18.4,420.0,No,center,518
172,2022-06-21,24.4,0.0,320.0,No,center,388
173,2022-06-22,23.8,0.0,370.0,No,south,377
174,2022-06-23,25.7,0.0,420.0,Yes,center,428
175,2022-06-24,23.8,0.0,770.0,Yes,east,291
176,2022-06-25,25.9,0.0,860.0,Yes,north,286
177,2022-06-26,25.3,11.5,740.0,No,center,378
178,2022-06-27,24.3,0.0,430.0,No,center,380
179,2022-06-28,22.0,0.0,560.0,No,center,325
180,2022-06-29,25.0,,580.0,No,south,292
181,2022-06-30,27.3,6.2,620.0,Yes,north,336
182,2022-07-01,24.9,0.0,690.0,No,center,287
183,2022-07-02,29.3,3.7,900.0,No,east,233
184,2022-07-03,27.7,11.8,370.0,Yes,center,546
185,2022-07-04,24.5,0.0,340.0,Yes,south,404
186,2022-07-05,30.2,0.0,420.0,No,south,276
187,2022-07-06,21.7,0.0,470.0,No,east,227
188,2022-07-07,28.6,6.8,460.0,No,south,336
189,2022-07-08,30.7,0.0,390.0,Yes,south,448
190,2022-07-09,,0.0,760.0,No,north,272
191,2022-07-10,24.9,0.0,500.0,No,east,348
192,2022-07-11,28.1,0.0,810.0,No,east,145
193,2022-07-12,29.6,,450.0,No,south,338
194,2022-07-13,26.6,0.0,620.0,Yes,south,393
195,2022-07-14,26.1,0.0,600.0,Yes,center,411
196,2022-07-15,28.1,0.0,310.0,No,east,264
197,2022-07-16,26.1,0.0,600.0,No,north,279
198,2022-07-17,21.7,2.0,390.0,No,south,404
199,2022-07-18,24.8,0.0,300.0,No,east,274
200,2022-07-19,25.3,0.0,560.0,No,east,208
201,2022-07-20,20.8,0.0,820.0,Yes,north,210
202,2022-07-21,26.5,0.0,760.0,No,center,284
203,2022-07-22,23.0,0.0,640.0,No,north,283
204,2022-07-23,27.4,0.0,730.0,No,south,358
205,2022-07-24,20.7,0.0,490.0,Yes,center,521
206,2022-07-25,22.3,0.0,310.0,Yes,north,346
207,2022-07-26,20.6,,360.0,Yes,north,343
208,2022-07-27,28.8,11.4,610.0,No,south,313
209,2022-07-28,28.7,0.0,400.0,No,east,253
210,2022-07-29,29.2,5.4,400.0,No,center,408
211,2022-07-30,29.1,0.0,300.0,No,east,361
212,2022-07-31,27.3,0.0,480.0,No,north,356
213,2022-08-01,27.2,0.0,380.0,No,center,368
214,2022-08-02,19.3,0.0,530.0,No,south,314
215,2022-08-03,25.3,0.0,340.0,No,center,376
216,2022-08-04,22.7,0.0,860.0,No,center,323
217,2022-08-05,23.1,0.0,490.0,Yes,east,286
218,2022-08-06,20.3,8.1,500.0,Yes,north,369
219,2022-08-07,27.8,5.1,780.0,No,east,246
220,2022-08-08,24.2,0.0,460.0,No,north,244
221,2022-08-09,19.1,0.0,340.0,No,north,325
222,2022-08-10,24.9,0.0,830.0,Yes,south,318
223,2022-08-11,23.0,0.0,600.0,Yes,center,396
224,2022-08-12,19.9,10.3,440.0,No,east,274
225,2022-08-13,22.0,0.0,640.0,Yes,north,366
226,2022-08-14,20.3,0.0,750.0,Yes,center,504
227,2022-08-15,15.6,0.0,490.0,No,north,201
228,2022-08-16,17.7,0.0,410.0,Yes,east,392
229,2022-08-17,23.5,0.0,380.0,Yes,east,335
230,2022-08-18,22.8,0.0,890.0,No,east,204
231,2022-08-19,22.4,0.1,560.0,No,east,211
232,2022-08-20,17.8,0.0,760.0,Yes,east,353
233,2022-08-21,19.3,15.8,860.0,No,south,360
234,2022-08-22,21.1,0.0,870.0,Yes,east,256
235,2022-08-23,22.8,0.0,320.0,No,east,251
236,2022-08-24,18.0,0.0,390.0,No,north,315
237,2022-08-25,17.1,0.0,320.0,Yes,east,340
238,2022-08-26,23.5,0.0,610.0,Yes,east,294
239,2022-08-27,20.0,10.6,660.0,Yes,center,571
240,2022-08-28,18.4,0.0,710.0,Yes,east,304
241,2022-08-29,17.1,3.8,450.0,No,south,370
242,2022-08-30,17.1,0.0,620.0,Yes,center,518
243,2022-08-31,23.6,10.1,510.0,No,east,277
244,2022-09-01,21.5,0.0,560.0,No,north,352
245,2022-09-02,17.1,9.2,850.0,Yes,center,510
246,2022-09-03,14.3,0.0,,Yes,east,505
247,2022-09-04,22.9,12.3,360.0,Yes,east,591
248,2022-09-05,22.3,0.0,830.0,No,center,369
249,2022-09-06,20.9,0.0,450.0,Yes,center,494
250,2022-09-07,,12.3,560.0,Yes,south,537
251,2022-09-08,11.1,0.0,840.0,No,north,282
252,2022-09-09,12.6,0.0,400.0,No,center,434
253,2022-09-10,17.9,0.0,490.0,No,center,474
254,2022-09-11,15.1,0.0,350.0,No,north,357
255,2022-09-12,16.4,0.0,500.0,No,east,268
256,2022-09-13,13.7,0.0,670.0,No,south,346
257,2022-09-14,13.1,0.0,890.0,No,south,384
258,2022-09-15,16.4,0.0,520.0,No,south,411
259,2022-09-16,13.2,0.0,790.0,No,center,367
260,2022-09-17,14.1,0.0,890.0,No,north,330
261,2022-09-18,14.6,0.0,830.0,No,south,376
262,2022-09-19,14.2,0.0,470.0,No,east,334
263,2022-09-20,16.7,0.0,380.0,No,east,381
264,2022-09-21,17.0,0.0,510.0,Yes,south,457
265,2022-09-22,8.4,7.0,790.0,Yes,east,390
266,2022-09-23,11.4,0.0,360.0,Yes,center,572
267,2022-09-24,10.0,0.0,620.0,No,center,463
268,2022-09-25,13.8,0.0,810.0,Yes,south,536
269,2022-09-26,8.1,0.0,510.0,No,east,316
270,2022-09-27,13.3,0.0,620.0,No,east,220
271,2022-09-28,12.7,0.0,470.0,No,north,298
272,2022-09-29,12.0,0.0,660.0,Yes,center,479
273,2022-09-30,7.0,0.0,770.0,Yes,north,379
274,2022-10-01,9.0,1.9,590.0,No,center,518
275,2022-10-02,6.0,0.0,540.0,No,south,465
276,2022-10-03,10.1,0.0,440.0,Yes,north,429
277,2022-10-04,11.5,0.0,900.0,No,east,251
278,2022-10-05,3.7,4.6,820.0,Yes,east,382
279,2022-10-06,5.4,1.7,320.0,No,east,367
280,2022-10-07,7.1,9.8,360.0,No,east,434
281,2022-10-08,5.6,0.0,440.0,Yes,north,518
282,2022-10-09,11.4,0.0,520.0,No,east,384
283,2022-10-10,6.1,0.0,390.0,Yes,center,501
284,2022-10-11,7.0,0.0,510.0,No,east,295
285,2022-10-12,2.5,0.0,390.0,No,south,417
286,2022-10-13,10.1,0.0,380.0,No,south,436
287,2022-10-14,5.7,5.3,810.0,No,center,435
288,2022-10-15,7.1,0.0,730.0,No,south,402
289,2022-10-16,4.7,0.0,820.0,No,east,356
290,2022-10-17,-2.2,0.0,330.0,Yes,north,475
291,2022-10-18,-1.0,0.0,620.0,Yes,east,389
292,2022-10-19,-0.4,0.0,490.0,Yes,south,435
293,2022-10-20,4.5,0.0,500.0,Yes,center,521
294,2022-10-21,1.2,0.0,490.0,No,south,394
295,2022-10-22,3.7,0.0,510.0,No,north,398
296,2022-10-23,2.9,0.0,640.0,No,north,447
297,2022-10-24,2.5,1.9,730.0,No,east,251
298,2022-10-25,4.2,0.0,870.0,No,south,256
299,2022-10-26,1.6,0.0,470.0,Yes,north,443
300,2022-10-27,-4.2,13.7,860.0,No,south,423
301,2022-10-28,-1.6,0.0,790.0,No,center,425
302,2022-10-29,5.0,3.5,870.0,Yes,center,619
303,2022-10-30,-3.5,0.0,480.0,No,east,419
304,2022-10-31,3.5,0.0,680.0,No,south,300
305,2022-11-01,4.0,,,Yes,center,535
306,2022-11-02,-3.0,0.0,760.0,No,east,279
307,2022-11-03,-0.6,0.0,730.0,Yes,east,357
308,2022-11-04,-6.1,0.0,400.0,No,north,335
309,2022-11-05,0.1,0.0,900.0,No,north,308
310,2022-11-06,-4.9,0.0,320.0,No,north,503
311,2022-11-07,-6.8,4.5,600.0,Yes,east,411
312,2022-11-08,-4.4,3.4,570.0,No,north,347
313,2022-11-09,-4.9,0.0,740.0,No,east,331
314,2022-11-10,-5.6,0.0,680.0,No,north,269
315,2022-11-11,-3.5,0.0,760.0,No,east,224
316,2022-11-12,-4.9,0.0,410.0,No,east,441
317,2022-11-13,-6.7,0.0,490.0,Yes,center,622
318,2022-11-14,-2.2,0.0,750.0,Yes,east,360
319,2022-11-15,1.9,0.1,700.0,No,north,345
320,2022-11-16,-5.4,0.0,,Yes,east,317
321,2022-11-17,-8.0,0.0,590.0,No,east,333
322,2022-11-18,-9.2,0.0,570.0,No,north,372
323,2022-11-19,-4.7,0.0,720.0,Yes,south,539
324,2022-11-20,-7.5,0.0,300.0,No,center,600
325,2022-11-21,-7.0,16.7,390.0,No,south,527
326,2022-11-22,-13.3,0.0,630.0,No,south,330
327,2022-11-23,-11.0,0.0,800.0,No,east,344
328,2022-11-24,-11.3,0.0,540.0,No,south,432
329,2022-11-25,-5.3,0.0,450.0,No,north,345
330,2022-11-26,-9.2,0.0,440.0,No,south,450
331,2022-11-27,-16.1,0.0,710.0,No,south,421
332,2022-11-28,-7.4,0.0,480.0,No,south,374
333,2022-11-29,-5.7,4.9,780.0,No,north,298
334,2022-11-30,-5.4,0.8,450.0,No,east,361
335,2022-12-01,-18.0,0.0,510.0,Yes,north,503
336,2022-12-02,-9.4,0.0,790.0,No,north,373
337,2022-12-03,-7.6,0.0,690.0,Yes,center,650
338,2022-12-04,-8.5,0.0,640.0,Yes,center,631
339,2022-12-05,-11.2,0.0,410.0,No,north,433
340,2022-12-06,-16.1,0.0,740.0,No,south,429
341,2022-12-07,-12.2,0.0,880.0,No,north,358
342,2022-12-08,-12.1,0.0,820.0,Yes,center,577
343,2022-12-09,-9.6,4.3,340.0,No,north,432
344,2022-12-10,-9.6,0.0,330.0,No,south,535
345,2022-12-11,-12.4,0.0,790.0,Yes,north,529
346,2022-12-12,-9.4,20.7,520.0,No,north,514
347,2022-12-13,-15.3,0.0,610.0,Yes,east,469
348,2022-12-14,-14.3,0.0,850.0,Yes,south,488
349,2022-12-15,-12.5,0.0,810.0,Yes,north,429
350,2022-12-16,-10.9,0.0,570.0,No,center,447
351,2022-12-17,-13.7,0.4,850.0,No,center,524
352,2022-12-18,-9.2,3.2,900.0,No,east,377
353,2022-12-19,-11.8,0.0,860.0,No,center,469
354,2022-12-20,-16.1,2.5,580.0,No,south,434
355,2022-12-21,-13.1,0.0,790.0,No,south,402
356,2022-12-22,-16.1,0.0,530.0,No,north,405
357,2022-12-23,-16.5,0.0,780.0,No,center,549
358,2022-12-24,-18.0,0.0,630.0,No,center,587
359,2022-12-25,-9.7,0.0,780.0,Yes,north,523
360,2022-12-26,-11.2,0.0,300.0,No,center,534
361,2022-12-27,-18.9,0.0,460.0,Yes,center,611
362,2022-12-28,-10.8,0.0,390.0,No,east,377
363,2022-12-29,-11.4,0.0,340.0,No,north,434
364,2022-12-30,-15.4,0.0,420.0,No,east,455
365,2022-12-31,-12.9,0.0,310.0,No,north,481
366,2023-01-01,-7.8,0.0,850.0,Yes,north,460
367,2023-01-02,-13.7,0.0,550.0,Yes,center,542
368,2023-01-03,-13.4,0.0,370.0,No,north,450
369,2023-01-04,-11.4,8.9,540.0,No,north,440
370,2023-01-05,-17.9,0.0,730.0,Yes,south,514
371,2023-01-06,-18.6,0.0,360.0,No,north,491
372,2023-01-07,-19.1,0.0,830.0,No,south,582
373,2023-01-08,-15.1,0.0,380.0,Yes,south,656
374,2023-01-09,-12.3,0.0,330.0,No,south,477
375,2023-01-10,-17.5,0.0,540.0,No,south,517
376,2023-01-11,-19.1,8.5,520.0,No,center,578
377,2023-01-12,-14.3,0.0,650.0,No,south,490
378,2023-01-13,-16.0,0.0,770.0,No,center,498
379,2023-01-14,-13.1,0.0,490.0,No,center,575
380,2023-01-15,-15.3,6.7,690.0,No,east,428
381,2023-01-16,-15.4,0.0,300.0,No,south,508
382,2023-01-17,-15.1,0.0,650.0,No,south,444
383,2023-01-18,-14.7,0.0,530.0,Yes,east,507
384,2023-01-19,-17.7,0.0,,No,east,334
385,2023-01-20,-18.1,2.8,810.0,No,south,440
386,2023-01-21,-9.9,0.0,350.0,Yes,south,586
387,2023-01-22,-5.4,0.0,690.0,Yes,south,548
388,2023-01-23,-11.3,13.0,690.0,No,center,576
389,2023-01-24,-19.4,0.0,660.0,No,center,482
390,2023-01-25,-14.4,0.0,460.0,No,south,494
391,2023-01-26,-10.8,0.0,520.0,Yes,north,447
392,2023-01-27,-19.2,,,No,north,384
393,2023-01-28,-15.7,0.0,840.0,No,center,559
394,2023-01-29,-15.4,7.9,750.0,No,east,506
395,2023-01-30,-16.8,0.0,890.0,Yes,east,386
396,2023-01-31,-16.5,0.0,600.0,No,east,279
397,2023-02-01,-10.8,3.8,,No,east,405
398,2023-02-02,-15.1,0.0,840.0,No,east,354
399,2023-02-03,-14.3,1.2,660.0,No,east,350
400,2023-02-04,-8.4,0.0,500.0,No,center,646
401,2023-02-05,-15.9,0.0,640.0,No,north,469
402,2023-02-06,-19.0,0.0,550.0,No,center,531
403,2023-02-07,-11.2,0.0,890.0,Yes,north,412
404,2023-02-08,-6.9,0.0,660.0,Yes,south,500
405,2023-02-09,-12.2,,640.0,No,east,334
406,2023-02-10,-11.7,0.0,430.0,Yes,east,464
407,2023-02-11,-16.4,,690.0,No,center,606
408,2023-02-12,-15.2,0.0,670.0,No,east,454
409,2023-02-13,-7.8,0.0,480.0,No,east,379
410,2023-02-14,-8.2,0.0,730.0,No,north,400
411,2023-02-15,-10.1,0.0,690.0,No,east,357
412,2023-02-16,-13.6,0.0,770.0,No,center,451
413,2023-02-17,-15.0,0.0,360.0,Yes,south,544
414,2023-02-18,-14.4,0.0,860.0,No,east,297
415,2023-02-19,-14.6,0.0,400.0,No,east,474
416,2023-02-20,-9.1,0.0,390.0,No,north,446
417,2023-02-21,-13.1,0.0,830.0,Yes,north,450
418,2023-02-22,-12.0,0.0,440.0,No,center,563
419,2023-02-23,-8.2,0.0,840.0,Yes,south,526
420,2023-02-24,-8.1,0.0,600.0,No,center,534
421,2023-02-25,-9.7,0.0,590.0,Yes,center,616
422,2023-02-26,-8.2,0.0,550.0,Yes,east,514
423,2023-02-27,-9.4,0.0,830.0,No,south,444
424,2023-02-28,-15.0,0.0,400.0,No,south,444
425,2023-03-01,-9.2,0.0,580.0,Yes,south,440
426,2023-03-02,-10.0,0.0,540.0,Yes,north,411
427,2023-03-03,-9.5,0.0,660.0,Yes,north,389
428,2023-03-04,-7.5,0.0,450.0,Yes,north,514
429,2023-03-05,-9.7,0.0,860.0,No,south,463
430,2023-03-06,-4.0,0.0,380.0,No,south,435
431,2023-03-07,-7.9,0.0,620.0,No,south,358
432,2023-03-08,-6.7,5.6,320.0,No,center,547
433,2023-03-09,-5.9,0.0,870.0,No,south,337
434,2023-03-10,-7.1,0.0,830.0,No,south,375
435,2023-03-11,-4.4,0.0,820.0,No,south,420
436,2023-03-12,-3.8,3.5,530.0,No,north,455
437,2023-03-13,-3.9,,560.0,No,center,398
438,2023-03-14,-7.6,0.0,680.0,No,north,347
439,2023-03-15,-7.9,0.0,670.0,No,south,460
440,2023-03-16,-6.7,0.0,400.0,Yes,north,440
441,2023-03-17,-4.6,0.0,660.0,Yes,north,357
442,2023-03-18,-9.9,0.0,790.0,No,south,396
443,2023-03-19,-6.6,0.0,670.0,Yes,center,606
444,2023-03-20,-7.2,0.0,360.0,No,south,421
445,2023-03-21,-5.4,0.0,870.0,Yes,north,378
446,2023-03-22,-5.9,0.0,420.0,No,east,324
447,2023-03-23,-0.3,21.0,600.0,Yes,south,584
448,2023-03-24,-1.1,0.0,710.0,No,center,494
449,2023-03-25,0.7,8.2,410.0,Yes,south,502
450,2023-03-26,-4.8,0.0,670.0,No,north,395
451,2023-03-27,-3.8,0.0,620.0,No,south,410
452,2023-03-28,-2.1,0.0,430.0,No,north,344
453,2023-03-29,4.1,0.0,570.0,Yes,north,335
454,2023-03-30,4.5,1.1,630.0,Yes,center,502
455,2023-03-31,-2.0,0.0,810.0,No,north,262
456,2023-04-01,2.1,0.0,750.0,No,east,320
457,2023-04-02,7.0,0.0,480.0,No,east,387
458,2023-04-03,-2.2,0.0,,Yes,south,446
459,2023-04-04,0.6,0.0,890.0,No,center,348
460,2023-04-05,5.4,0.0,530.0,No,north,364
461,2023-04-06,4.1,0.0,900.0,No,center,348
462,2023-04-07,-0.8,0.9,600.0,No,south,365
463,2023-04-08,7.1,0.0,650.0,No,north,395
464,2023-04-09,5.9,2.9,410.0,No,south,451
465,2023-04-10,5.3,0.0,580.0,No,north,322
466,2023-04-11,-0.1,0.0,370.0,No,north,318
467,2023-04-12,3.5,0.0,670.0,No,south,325
468,2023-04-13,8.3,0.0,360.0,No,north,296
469,2023-04-14,6.1,0.7,580.0,No,center,395
470,2023-04-15,7.4,0.0,430.0,No,south,529
471,2023-04-16,4.5,0.0,820.0,No,east,322
472,2023-04-17,10.2,0.0,680.0,No,south,287
473,2023-04-18,5.3,0.0,560.0,Yes,south,409
474,2023-04-19,9.1,1.1,440.0,No,north,309
475,2023-04-20,7.7,0.0,860.0,No,south,336
476,2023-04-21,4.2,0.0,900.0,No,south,272
477,2023-04-22,11.9,0.0,670.0,No,north,384
478,2023-04-23,4.0,0.0,710.0,No,east,279
479,2023-04-24,5.9,0.0,590.0,No,north,238
480,2023-04-25,8.8,0.2,500.0,No,south,356
481,2023-04-26,4.5,13.6,500.0,No,south,433
482,2023-04-27,3.7,0.0,340.0,No,north,276
483,2023-04-28,9.1,0.0,640.0,No,center,398
484,2023-04-29,8.5,8.2,860.0,No,east,335
485,2023-04-30,9.3,0.0,550.0,No,south,435
486,2023-05-01,11.9,0.0,640.0,Yes,east,320
487,2023-05-02,17.5,0.0,750.0,Yes,center,455
488,2023-05-03,9.8,3.4,780.0,No,north,339
489,2023-05-04,18.7,0.0,440.0,No,center,377
490,2023-05-05,12.4,0.0,900.0,Yes,center,436
491,2023-05-06,11.7,0.0,820.0,No,north,311
492,2023-05-07,4.2,0.0,420.0,Yes,center,594
493,2023-05-08,8.1,,580.0,No,north,313
494,2023-05-09,13.8,0.6,380.0,No,north,295
495,2023-05-10,14.9,0.0,740.0,Yes,east,348
496,2023-05-11,11.1,0.0,410.0,No,center,440
497,2023-05-12,14.8,0.0,580.0,No,south,327
498,2023-05-13,16.9,1.4,630.0,No,east,345
499,2023-05-14,12.8,0.0,390.0,No,center,459
500,2023-05-15,9.9,0.0,450.0,No,center,523
501,2023-05-16,,,,Yes,east,304
502,2023-05-17,14.4,21.7,480.0,No,south,539
503,2023-05-18,16.5,0.0,570.0,No,north,295
504,2023-05-19,18.3,14.6,580.0,Yes,south,533
505,2023-05-20,13.4,0.0,870.0,No,south,400
506,2023-05-21,16.6,0.0,550.0,No,south,396
507,2023-05-22,16.0,0.0,510.0,No,north,259
508,2023-05-23,17.2,0.0,900.0,No,east,236
509,2023-05-24,,,570.0,No,south,344
510,2023-05-25,21.5,0.0,730.0,Yes,south,373
511,2023-05-26,16.4,0.0,510.0,No,north,350
512,2023-05-27,16.3,15.6,490.0,No,east,494
513,2023-05-28,16.3,0.0,440.0,No,center,461
514,2023-05-29,17.0,4.6,360.0,No,south,445
515,2023-05-30,17.6,0.0,780.0,No,north,275
516,2023-05-31,18.6,0.0,820.0,No,south,294
517,2023-06-01,17.8,0.0,820.0,Yes,east,275
518,2023-06-02,16.4,0.0,480.0,No,north,173
519,2023-06-03,16.3,0.0,870.0,Yes,center,515
520,2023-06-04,20.2,0.0,620.0,No,east,319
521,2023-06-05,27.6,0.0,,No,north,299
522,2023-06-06,22.2,0.0,720.0,No,center,298
523,2023-06-07,22.7,0.0,740.0,No,center,344
524,2023-06-08,22.0,0.0,340.0,No,east,240
525,2023-06-09,20.6,3.0,510.0,Yes,south,372
526,2023-06-10,27.3,0.0,480.0,No,east,249
527,2023-06-11,20.6,0.0,770.0,No,south,327
528,2023-06-12,18.8,3.4,480.0,No,north,270
529,2023-06-13,18.2,0.8,500.0,Yes,center,401
530,2023-06-14,22.6,0.0,600.0,No,south,304
531,2023-06-15,19.3,0.0,690.0,Yes,south,376
532,2023-06-16,19.8,0.0,520.0,Yes,center,489
533,2023-06-17,20.0,0.0,760.0,No,north,294
534,2023-06-18,18.8,0.0,360.0,Yes,center,572
535,2023-06-19,23.4,0.0,520.0,No,south,350
536,2023-06-20,18.0,,,No,north,176
537,2023-06-21,30.0,0.0,710.0,No,south,306
538,2023-06-22,15.0,0.0,,No,center,366
539,2023-06-23,19.3,0.0,670.0,Yes,center,447
540,2023-06-24,23.8,0.0,800.0,No,north,278
541,2023-06-25,25.0,0.0,600.0,No,north,270
542,2023-06-26,22.8,0.0,620.0,Yes,east,322
543,2023-06-27,24.8,0.0,360.0,No,south,299
544,2023-06-28,24.6,0.0,630.0,Yes,east,255
545,2023-06-29,24.5,0.6,760.0,No,center,298
546,2023-06-30,26.0,0.0,830.0,No,east,95
547,2023-07-01,25.1,0.8,530.0,No,south,420
548,2023-07-02,24.2,0.0,400.0,No,north,375
549,2023-07-03,24.1,0.0,580.0,Yes,north,350
550,2023-07-04,27.3,0.0,350.0,No,east,282
551,2023-07-05,24.1,0.0,480.0,Yes,center,449
552,2023-07-06,26.5,0.0,690.0,No,north,214
553,2023-07-07,29.5,0.0,500.0,No,north,228
554,2023-07-08,26.0,0.0,610.0,No,east,186
555,2023-07-09,28.5,0.0,880.0,No,east,209
556,2023-07-10,23.6,3.6,820.0,Yes,east,225
557,2023-07-11,25.8,4.9,540.0,No,south,339
558,2023-07-12,26.5,0.0,480.0,No,east,206
559,2023-07-13,25.7,0.0,600.0,No,east,177
560,2023-07-14,26.5,0.0,520.0,No,east,284
561,2023-07-15,29.2,0.0,720.0,Yes,east,377
562,2023-07-16,24.1,0.0,580.0,No,north,257
563,2023-07-17,23.0,0.0,510.0,No,south,282
564,2023-07-18,26.0,0.0,530.0,No,east,172
565,2023-07-19,20.6,0.0,680.0,No,east,210
566,2023-07-20,24.9,1.0,370.0,No,north,322
567,2023-07-21,28.5,0.0,890.0,No,south,251
568,2023-07-22,24.8,3.3,550.0,Yes,north,460
569,2023-07-23,26.5,0.0,430.0,No,east,262
570,2023-07-24,25.9,0.0,550.0,No,east,187
571,2023-07-25,28.3,0.0,370.0,No,south,311
572,2023-07-26,26.2,0.0,740.0,Yes,east,319
573,2023-07-27,25.2,0.0,540.0,Yes,center,462
574,2023-07-28,14.5,0.0,690.0,No,east,149
575,2023-07-29,22.9,0.0,730.0,No,center,332
576,2023-07-30,,0.0,870.0,No,east,235
577,2023-07-31,23.8,17.6,800.0,No,north,398
578,2023-08-01,21.9,0.0,670.0,Yes,south,384
579,2023-08-02,26.7,5.9,420.0,Yes,south,384
580,2023-08-03,21.3,0.0,660.0,No,east,223
581,2023-08-04,22.8,0.0,850.0,No,south,240
582,2023-08-05,25.7,0.0,540.0,Yes,south,458
583,2023-08-06,22.0,0.0,520.0,No,north,313
584,2023-08-07,23.9,0.0,390.0,No,north,241
585,2023-08-08,23.2,,670.0,No,east,153
586,2023-08-09,19.5,0.0,810.0,No,east,212
587,2023-08-10,21.4,2.6,550.0,No,center,402
588,2023-08-11,21.7,11.4,820.0,No,south,349
589,2023-08-12,20.7,0.0,850.0,Yes,east,293
590,2023-08-13,25.7,0.0,580.0,Yes,south,445
591,2023-08-14,22.2,2.4,850.0,Yes,center,416
592,2023-08-15,20.2,4.7,670.0,No,south,345
593,2023-08-16,17.7,10.2,310.0,Yes,east,389
594,2023-08-17,20.8,0.0,360.0,No,center,370
595,2023-08-18,25.5,0.0,380.0,No,south,341
596,2023-08-19,20.4,0.0,370.0,Yes,north,440
597,2023-08-20,23.4,0.0,870.0,No,east,198
598,2023-08-21,22.3,2.1,310.0,No,center,453
599,2023-08-22,19.2,0.0,370.0,Yes,center,429
600,2023-08-23,17.7,0.0,660.0,No,north,275
601,2023-08-24,21.9,0.0,350.0,No,center,381
602,2023-08-25,15.0,0.0,660.0,Yes,center,475
603,2023-08-26,21.6,0.0,460.0,Yes,south,426
604,2023-08-27,16.1,0.0,620.0,Yes,south,464
605,2023-08-28,22.0,0.0,320.0,Yes,south,394
606,2023-08-29,18.0,4.1,790.0,Yes,center,367
607,2023-08-30,18.7,3.9,850.0,No,south,288
608,2023-08-31,21.8,0.0,540.0,Yes,center,359
609,2023-09-01,15.4,8.5,540.0,No,north,409
610,2023-09-02,18.3,0.0,820.0,No,north,369
611,2023-09-03,17.0,0.0,460.0,No,east,367
612,2023-09-04,19.2,9.4,610.0,Yes,center,522
613,2023-09-05,19.6,0.0,670.0,No,south,335
614,2023-09-06,18.0,0.0,580.0,No,center,432
615,2023-09-07,17.5,0.0,320.0,Yes,south,447
616,2023-09-08,15.4,9.5,300.0,Yes,south,485
617,2023-09-09,18.1,19.4,740.0,No,east,461
618,2023-09-10,15.3,0.0,770.0,Yes,south,512
619,2023-09-11,16.2,0.0,610.0,No,east,210
620,2023-09-12,16.0,0.0,660.0,Yes,center,486
621,2023-09-13,11.1,0.0,890.0,No,north,297
622,2023-09-14,11.5,2.9,490.0,No,south,424
623,2023-09-15,15.3,0.0,760.0,Yes,east,306
624,2023-09-16,14.2,0.0,630.0,Yes,north,491
625,2023-09-17,17.8,0.0,,Yes,center,615
626,2023-09-18,6.4,0.0,450.0,No,center,444
627,2023-09-19,14.0,0.0,660.0,No,north,309
628,2023-09-20,16.3,0.0,800.0,No,east,252
629,2023-09-21,13.0,0.0,760.0,Yes,north,365
630,2023-09-22,14.8,0.0,640.0,No,east,292
631,2023-09-23,12.2,7.4,900.0,No,south,428
632,2023-09-24,11.6,0.0,690.0,No,south,406
633,2023-09-25,14.2,0.0,820.0,No,east,290
634,2023-09-26,7.3,0.0,320.0,Yes,center,509
635,2023-09-27,4.1,0.0,350.0,No,east,341
636,2023-09-28,11.9,0.0,840.0,No,north,266
637,2023-09-29,,24.2,510.0,Yes,center,664
638,2023-09-30,10.2,10.9,600.0,No,north,511
639,2023-10-01,10.4,0.0,390.0,No,east,372
640,2023-10-02,11.1,0.0,450.0,Yes,north,444
641,2023-10-03,7.5,0.0,830.0,Yes,east,328
642,2023-10-04,9.9,12.0,570.0,No,north,354
643,2023-10-05,9.1,0.0,660.0,Yes,north,400
644,2023-10-06,4.4,0.0,450.0,No,north,311
645,2023-10-07,7.0,0.0,530.0,No,east,327
646,2023-10-08,8.0,0.0,660.0,No,east,336
647,2023-10-09,4.5,4.8,570.0,Yes,center,527
648,2023-10-10,9.6,0.0,800.0,No,east,230
649,2023-10-11,5.2,0.0,690.0,Yes,east,375
650,2023-10-12,8.2,0.0,650.0,No,center,393
651,2023-10-13,9.8,0.0,470.0,No,north,387
652,2023-10-14,0.7,0.0,640.0,No,center,482
653,2023-10-15,0.8,0.0,890.0,Yes,north,482
654,2023-10-16,6.2,0.0,760.0,No,south,365
655,2023-10-17,3.5,14.7,880.0,Yes,east,396
656,2023-10-18,5.3,0.0,420.0,No,south,394
657,2023-10-19,8.6,3.3,710.0,Yes,center,519
658,2023-10-20,1.6,0.0,590.0,No,east,302
659,2023-10-21,5.3,0.0,880.0,No,south,421
660,2023-10-22,1.6,0.0,320.0,No,north,469
661,2023-10-23,0.1,0.0,450.0,No,north,304
662,2023-10-24,3.1,0.0,410.0,Yes,south,510
663,2023-10-25,2.1,0.0,320.0,No,south,428
664,2023-10-26,4.3,5.7,510.0,No,east,352
665,2023-10-27,1.6,0.0,650.0,No,north,340
666,2023-10-28,3.0,0.0,820.0,No,south,431
667,2023-10-29,1.6,0.0,340.0,Yes,east,461
668,2023-10-30,-5.4,0.0,610.0,No,east,261
669,2023-10-31,-1.7,0.0,400.0,No,north,367
670,2023-11-01,-1.9,0.0,460.0,No,east,366
671,2023-11-02,1.4,0.0,710.0,No,north,261
672,2023-11-03,-4.7,0.0,300.0,No,east,337
673,2023-11-04,-1.4,0.0,650.0,Yes,center,549
674,2023-11-05,-3.5,0.0,500.0,No,east,347
675,2023-11-06,-8.0,2.2,550.0,Yes,east,435
676,2023-11-07,-3.3,0.0,780.0,No,east,320
677,2023-11-08,-1.3,0.0,320.0,No,east,336
678,2023-11-09,-4.6,1.6,750.0,No,north,341
679,2023-11-10,-1.0,0.0,560.0,Yes,north,428
680,2023-11-11,-3.0,10.6,500.0,No,north,478
681,2023-11-12,-3.5,0.0,900.0,No,south,479
682,2023-11-13,-6.2,0.9,300.0,No,north,459
683,2023-11-14,-5.5,0.0,640.0,No,south,399
684,2023-11-15,-3.9,0.0,420.0,No,east,284
685,2023-11-16,-5.5,0.0,580.0,Yes,east,367
686,2023-11-17,-9.6,5.9,840.0,No,east,310
687,2023-11-18,-6.7,0.0,540.0,No,south,462
688,2023-11-19,-5.3,0.0,360.0,No,south,522
689,2023-11-20,-3.4,16.6,660.0,No,center,534
690,2023-11-21,-4.5,0.0,650.0,No,center,417
691,2023-11-22,-10.2,0.0,670.0,Yes,center,487
692,2023-11-23,-5.5,0.0,300.0,No,south,473
693,2023-11-24,-12.6,0.0,740.0,No,north,314
694,2023-11-25,-10.0,0.0,590.0,No,east,374
695,2023-11-26,-10.8,0.0,490.0,No,north,433
696,2023-11-27,-4.1,0.0,810.0,Yes,east,341
697,2023-11-28,-6.8,0.0,580.0,Yes,south,533
698,2023-11-29,-8.2,0.0,610.0,No,center,435
699,2023-11-30,-11.2,0.0,550.0,No,north,434
700,2023-12-01,-5.9,0.0,560.0,No,east,362
701,2023-12-02,-10.5,0.0,500.0,No,center,569
702,2023-12-03,-8.6,0.0,650.0,No,south,498
703,2023-12-04,-7.0,0.0,390.0,No,east,417
704,2023-12-05,-11.4,0.0,350.0,No,east,400
705,2023-12-06,-9.1,0.0,770.0,No,north,340
706,2023-12-07,-16.8,5.9,720.0,Yes,south,514
707,2023-12-08,-9.4,0.0,710.0,No,east,287
708,2023-12-09,-16.4,0.0,680.0,No,north,477
709,2023-12-10,-10.3,4.2,530.0,No,north,513
710,2023-12-11,-10.8,0.0,620.0,No,center,381
711,2023-12-12,-10.4,0.0,600.0,No,east,380
712,2023-12-13,-5.1,0.0,550.0,No,south,429
713,2023-12-14,-19.7,1.7,890.0,No,center,488
714,2023-12-15,-11.0,0.0,600.0,No,south,475
715,2023-12-16,-13.7,0.0,410.0,No,south,579
716,2023-12-17,-10.5,0.0,400.0,Yes,south,600
717,2023-12-18,-11.9,0.0,880.0,No,east,282
718,2023-12-19,-12.7,0.0,370.0,Yes,north,489
719,2023-12-20,-14.7,0.0,570.0,Yes,north,448
720,2023-12-21,-15.4,0.0,630.0,No,south,412
721,2023-12-22,-12.4,0.0,870.0,No,south,380
722,2023-12-23,-18.1,0.0,440.0,No,center,584
723,2023-12-24,-10.5,0.0,770.0,No,north,380
724,2023-12-25,-15.5,0.0,770.0,No,south,464
725,2023-12-26,-12.5,1.6,350.0,No,south,500
726,2023-12-27,-17.6,4.0,870.0,No,north,411
727,2023-12-28,-12.7,0.0,540.0,No,south,408
728,2023-12-29,-14.9,0.0,770.0,Yes,north,436
729,2023-12-30,-12.0,12.0,730.0,Yes,north,591
730,2023-12-31,-10.7,0.0,680.0,No,center,522
