id,date,temperature,rainfall_mm,ticket_price,free_entry,exhibition,visitors
1,2022-01-01,-19.7,0.0,1200.0,No,photography,497
2,2022-01-02,-18.6,0.0,2900.0,No,art,459
3,2022-01-03,-18.7,0.0,1600.0,No,photography,387
4,2022-01-04,-15.8,0.0,2900.0,No,science,385
5,2022-01-05,-21.7,0.0,1500.0,No,science,405
6,2022-01-06,-15.4,0.0,1600.0,No,photography,293
7,2022-01-07,-17.7,0.0,,No,science,312
8,2022-01-08,-12.2,0.0,2600.0,No,science,506
9,2022-01-09,-12.1,0.0,1400.0,No,history,507
10,2022-01-10,-10.8,0.0,3000.0,No,art,276
11,2022-01-11,-12.7,0.0,1500.0,No,photography,255
12,2022-01-12,-15.2,0.0,1300.0,No,art,391
13,2022-01-13,-12.4,0.0,2400.0,No,science,367
14,2022-01-14,-10.5,0.0,1000.0,No,history,314
15,2022-01-15,-17.0,0.0,1400.0,Yes,photography,751
16,2022-01-16,-13.2,0.0,2400.0,No,art,546
17,2022-01-17,-15.1,2.6,2600.0,No,art,289
18,2022-01-18,-10.6,0.0,1000.0,No,history,310
19,2022-01-19,-17.4,4.9,2900.0,No,science,331
20,2022-01-20,-15.8,0.0,2200.0,No,history,247
21,2022-01-21,-13.8,0.0,2400.0,Yes,art,502
22,2022-01-22,-14.0,0.0,2300.0,No,science,570
23,2022-01-23,-19.7,0.0,2900.0,No,history,388
24,2022-01-24,-13.6,0.0,1400.0,No,photography,324
25,2022-01-25,-15.0,,1800.0,No,science,446
26,2022-01-26,-15.3,0.0,1100.0,No,photography,306
27,2022-01-27,-14.9,0.0,1200.0,Yes,photography,584
28,2022-01-28,-13.7,9.1,1500.0,No,history,367
29,2022-01-29,-19.8,0.0,1500.0,No,history,486
30,2022-01-30,-9.6,0.0,1700.0,No,photography,483
31,2022-01-31,-16.7,10.5,2500.0,No,photography,331
32,2022-02-01,-20.7,0.0,1600.0,No,photography,274
33,2022-02-02,-14.2,,2300.0,No,science,345
34,2022-02-03,-9.4,0.0,2500.0,No,history,277
35,2022-02-04,-15.2,17.9,2900.0,No,science,423
36,2022-02-05,-8.9,0.0,2200.0,No,art,591
37,2022-02-06,-8.7,0.0,1600.0,No,art,572
38,2022-02-07,,0.0,,No,art,402
39,2022-02-08,-20.5,9.7,2400.0,No,art,409
40,2022-02-09,-16.7,0.0,2700.0,No,art,270
41,2022-02-10,,,,No,science,313
42,2022-02-11,-15.1,0.0,2700.0,No,history,192
43,2022-02-12,-17.0,,2200.0,Yes,art,770
44,2022-02-13,-16.4,,1200.0,No,photography,559
45,2022-02-14,-12.2,4.7,2800.0,No,history,201
46,2022-02-15,-12.1,0.0,1000.0,No,science,407
47,2022-02-16,-9.2,0.0,2300.0,No,photography,275
48,2022-02-17,-8.7,2.3,2300.0,No,art,395
49,2022-02-18,-14.2,0.0,1500.0,No,science,460
50,2022-02-19,-11.7,0.0,1700.0,No,history,463
51,2022-02-20,-14.4,0.0,1300.0,No,photography,554
52,2022-02-21,-10.6,0.0,1500.0,No,science,428
53,2022-02-22,-14.1,0.0,2700.0,No,history,248
54,2022-02-23,-14.0,0.0,2400.0,Yes,history,421
55,2022-02-24,-3.8,0.0,1500.0,No,history,272
56,2022-02-25,-9.8,0.0,1200.0,No,science,378
57,2022-02-26,-7.8,0.0,1900.0,No,science,571
58,2022-02-27,-1.9,0.0,2600.0,No,art,490
59,2022-02-28,-6.9,0.0,1100.0,No,history,326
60,2022-03-01,-9.3,0.0,2300.0,No,art,226
61,2022-03-02,-8.6,9.1,1700.0,No,history,384
62,2022-03-03,-10.7,2.9,2700.0,No,photography,189
63,2022-03-04,-4.9,0.0,1700.0,No,science,334
64,2022-03-05,-9.0,0.0,2800.0,No,history,359
65,2022-03-06,-2.4,0.0,2900.0,No,history,284
66,2022-03-07,-8.5,0.7,1900.0,No,photography,170
67,2022-03-08,-8.2,0.0,1800.0,No,photography,296
68,2022-03-09,-8.2,8.1,2700.0,No,history,219
69,2022-03-10,-4.7,3.8,1200.0,No,art,263
70,2022-03-11,-5.8,0.0,1500.0,No,art,340
71,2022-03-12,-1.9,0.0,3000.0,No,history,335
72,2022-03-13,-7.4,0.0,1800.0,No,history,402
73,2022-03-14,-4.6,0.0,1000.0,No,art,346
74,2022-03-15,0.6,0.0,1600.0,No,history,223
75,2022-03-16,-5.6,5.8,1200.0,No,art,336
76,2022-03-17,-3.0,0.0,1000.0,Yes,art,642
77,2022-03-18,0.4,3.1,2700.0,No,history,197
78,2022-03-19,-2.3,0.6,2600.0,No,science,479
79,2022-03-20,-5.6,0.0,2800.0,No,history,337
80,2022-03-21,-9.5,12.3,3000.0,No,art,321
81,2022-03-22,4.1,0.0,2600.0,No,photography,178
82,2022-03-23,-1.4,1.9,2700.0,No,art,238
83,2022-03-24,1.4,10.3,1700.0,Yes,photography,566
84,2022-03-25,-3.5,0.0,2800.0,Yes,photography,324
85,2022-03-26,3.7,3.4,2300.0,No,photography,408
86,2022-03-27,0.1,0.0,2100.0,No,art,504
87,2022-03-28,-0.9,0.0,1900.0,No,history,237
88,2022-03-29,-3.5,0.0,2900.0,No,history,125
89,2022-03-30,0.7,0.0,1000.0,No,science,393
90,2022-03-31,-1.6,0.0,1500.0,No,photography,260
91,2022-04-01,-0.4,0.0,2100.0,No,history,216
92,2022-04-02,-4.3,0.0,1100.0,No,science,594
93,2022-04-03,-0.6,0.0,2600.0,No,science,469
94,2022-04-04,1.7,0.0,2200.0,No,history,174
95,2022-04-05,-2.2,0.0,1200.0,No,art,339
96,2022-04-06,2.1,0.0,1300.0,No,photography,351
97,2022-04-07,4.2,0.0,1700.0,No,art,268
98,2022-04-08,1.7,0.0,1400.0,No,science,418
99,2022-04-09,1.1,0.0,1300.0,No,science,497
100,2022-04-10,1.4,3.1,1500.0,Yes,science,806
101,2022-04-11,6.4,0.0,1900.0,No,art,255
102,2022-04-12,-0.6,0.0,1400.0,No,history,243
103,2022-04-13,3.4,0.0,2800.0,No,science,289
104,2022-04-14,3.4,0.0,1100.0,No,photography,255
105,2022-04-15,5.4,0.0,1900.0,No,science,337
106,2022-04-16,5.1,0.0,2000.0,No,photography,424
107,2022-04-17,2.4,0.0,2600.0,No,photography,398
108,2022-04-18,12.2,,1300.0,No,art,340
109,2022-04-19,6.9,0.0,2300.0,No,science,340
110,2022-04-20,2.7,0.0,1700.0,No,history,210
111,2022-04-21,4.4,0.0,1700.0,No,history,229
112,2022-04-22,7.7,6.0,2100.0,No,history,286
113,2022-04-23,9.6,0.0,2600.0,No,art,405
114,2022-04-24,4.1,0.0,1900.0,No,photography,465
115,2022-04-25,10.6,0.0,2200.0,No,photography,194
116,2022-04-26,4.6,9.6,1600.0,No,art,332
117,2022-04-27,6.7,0.0,1000.0,No,history,274
118,2022-04-28,12.0,6.3,2500.0,No,photography,252
119,2022-04-29,14.9,0.0,1800.0,No,photography,262
120,2022-04-30,9.9,1.0,2600.0,No,photography,441
121,2022-05-01,9.5,0.0,1800.0,No,history,413
122,2022-05-02,14.6,7.1,2200.0,No,art,256
123,2022-05-03,7.9,0.0,2800.0,No,science,327
124,2022-05-04,12.3,0.0,1600.0,Yes,art,490
125,2022-05-05,12.5,0.0,2800.0,No,art,189
126,2022-05-06,15.1,0.0,1600.0,No,science,331
127,2022-05-07,13.3,0.0,2600.0,No,history,400
128,2022-05-08,11.9,0.0,1800.0,Yes,photography,600
129,2022-05-09,14.9,0.0,1000.0,No,photography,308
130,2022-05-10,10.0,0.0,1400.0,No,history,223
131,2022-05-11,16.1,0.0,2100.0,No,science,323
132,2022-05-12,11.9,0.0,2800.0,Yes,photography,366
133,2022-05-13,11.5,0.0,1600.0,No,history,190
134,2022-05-14,13.5,0.0,1800.0,No,history,371
135,2022-05-15,15.0,20.3,1200.0,No,science,692
136,2022-05-16,17.3,0.0,1400.0,No,science,375
137,2022-05-17,14.8,0.0,2300.0,No,photography,206
138,2022-05-18,18.0,0.0,1400.0,No,science,413
139,2022-05-19,19.0,0.0,1800.0,No,art,335
140,2022-05-20,16.0,9.5,1900.0,No,history,284
141,2022-05-21,13.7,0.0,1800.0,No,science,558
142,2022-05-22,19.7,1.9,3000.0,No,photography,396
143,2022-05-23,18.0,0.0,1000.0,No,photography,267
144,2022-05-24,11.1,5.5,2900.0,No,photography,239
145,2022-05-25,14.7,0.0,1100.0,No,science,459
146,2022-05-26,18.4,0.0,3000.0,No,science,283
147,2022-05-27,14.1,1.2,3000.0,No,photography,97
148,2022-05-28,16.4,0.0,2900.0,No,art,455
149,2022-05-29,13.6,13.7,3000.0,No,photography,447
150,2022-05-30,20.2,0.0,2700.0,No,art,225
151,2022-05-31,20.0,7.2,1200.0,Yes,art,551
152,2022-06-01,20.0,23.2,2000.0,No,photography,510
153,2022-06-02,24.1,0.0,1700.0,No,photography,337
154,2022-06-03,18.9,5.2,2700.0,No,art,456
155,2022-06-04,19.3,0.0,2800.0,No,photography,419
156,2022-06-05,26.4,0.0,1400.0,No,photography,538
157,2022-06-06,16.7,5.1,2200.0,No,art,472
158,2022-06-07,23.0,0.8,2000.0,No,history,298
159,2022-06-08,17.1,0.0,1200.0,No,history,372
160,2022-06-09,21.9,0.0,2800.0,No,science,380
161,2022-06-10,27.8,0.0,3000.0,No,history,278
162,2022-06-11,22.4,,1800.0,No,photography,583
163,2022-06-12,19.5,2.6,2200.0,Yes,photography,776
164,2022-06-13,,0.0,2300.0,No,science,406
165,2022-06-14,20.5,0.0,1500.0,No,history,376
166,2022-06-15,21.7,0.0,1600.0,No,photography,360
167,2022-06-16,23.4,2.0,1300.0,No,art,462
168,2022-06-17,18.7,0.0,2100.0,No,science,402
169,2022-06-18,26.2,0.0,2600.0,No,history,371
170,2022-06-19,27.8,0.0,1500.0,No,photography,487
171,2022-06-20,25.4,0.0,1300.0,No,history,377
172,2022-06-21,24.3,0.0,1400.0,No,science,454
173,2022-06-22,23.0,7.7,2100.0,No,art,391
174,2022-06-23,26.2,0.0,1000.0,No,history,392
175,2022-06-24,14.2,1.8,1600.0,Yes,science,704
176,2022-06-25,23.4,0.0,2100.0,No,science,617
177,2022-06-26,24.7,0.0,1800.0,No,science,561
178,2022-06-27,18.1,10.3,1900.0,No,science,541
179,2022-06-28,25.4,0.0,2800.0,No,history,236
180,2022-06-29,23.8,3.5,2800.0,No,science,383
181,2022-06-30,,,1200.0,No,history,342
182,2022-07-01,,0.0,1800.0,No,science,443
183,2022-07-02,26.2,0.0,2700.0,No,science,517
184,2022-07-03,25.9,0.0,2800.0,No,science,565
185,2022-07-04,21.5,,1100.0,Yes,photography,539
186,2022-07-05,24.3,0.0,1300.0,No,science,429
187,2022-07-06,24.2,4.1,2900.0,No,history,223
188,2022-07-07,24.9,6.7,2100.0,No,art,417
189,2022-07-08,23.1,3.3,1000.0,Yes,science,706
190,2022-07-09,27.8,0.0,1700.0,No,science,666
191,2022-07-10,28.8,0.0,1400.0,No,history,501
192,2022-07-11,29.5,0.0,2400.0,No,art,373
193,2022-07-12,30.7,1.7,2300.0,Yes,science,629
194,2022-07-13,29.5,0.0,2000.0,No,history,346
195,2022-07-14,23.6,4.3,1600.0,No,history,322
196,2022-07-15,23.2,0.0,1100.0,No,photography,337
197,2022-07-16,23.8,0.0,1600.0,No,art,597
198,2022-07-17,26.7,0.0,2000.0,No,history,517
199,2022-07-18,24.6,0.0,1100.0,Yes,history,597
200,2022-07-19,27.9,0.0,2800.0,Yes,art,591
201,2022-07-20,29.9,0.0,1900.0,No,photography,363
202,2022-07-21,23.6,4.7,2800.0,No,art,392
203,2022-07-22,27.8,7.1,2200.0,No,science,555
204,2022-07-23,23.6,0.0,2100.0,No,history,491
205,2022-07-24,21.0,0.0,1600.0,No,history,578
206,2022-07-25,20.9,0.0,1700.0,No,science,440
207,2022-07-26,23.7,0.0,1800.0,No,photography,367
208,2022-07-27,18.9,0.0,1700.0,No,art,403
209,2022-07-28,26.0,0.0,1300.0,No,art,421
210,2022-07-29,29.0,0.0,2700.0,No,art,396
211,2022-07-30,20.9,0.0,3000.0,No,photography,522
212,2022-07-31,23.3,2.2,1700.0,No,science,654
213,2022-08-01,28.8,0.0,2500.0,No,science,394
214,2022-08-02,25.1,0.0,2600.0,No,art,334
215,2022-08-03,24.6,0.0,1500.0,No,art,347
216,2022-08-04,23.1,0.0,1000.0,No,history,420
217,2022-08-05,26.8,0.0,2200.0,No,history,302
218,2022-08-06,24.6,0.0,2300.0,No,photography,541
219,2022-08-07,20.2,0.0,1900.0,No,science,674
220,2022-08-08,16.1,0.0,2300.0,Yes,science,611
221,2022-08-09,15.2,0.0,1700.0,No,history,354
222,2022-08-10,25.0,3.4,1700.0,No,art,392
223,2022-08-11,22.1,0.0,1400.0,No,history,284
224,2022-08-12,27.1,0.0,2800.0,No,art,305
225,2022-08-13,24.1,0.0,1400.0,No,photography,543
226,2022-08-14,18.6,0.0,2700.0,No,science,580
227,2022-08-15,23.1,0.0,2800.0,No,art,319
228,2022-08-16,25.7,0.0,2400.0,No,science,369
229,2022-08-17,19.2,0.0,1900.0,No,photography,301
230,2022-08-18,20.2,,1900.0,No,history,323
231,2022-08-19,26.8,0.0,2000.0,No,photography,277
232,2022-08-20,16.1,0.0,2700.0,No,science,580
233,2022-08-21,17.9,0.0,2100.0,No,history,488
234,2022-08-22,24.1,4.9,1900.0,No,photography,378
235,2022-08-23,21.3,9.8,1300.0,Yes,science,658
236,2022-08-24,17.1,6.7,1800.0,No,photography,440
237,2022-08-25,15.9,2.6,2600.0,No,science,324
238,2022-08-26,21.4,0.0,1500.0,No,science,471
239,2022-08-27,23.5,0.0,1900.0,Yes,science,814
240,2022-08-28,22.1,0.0,1700.0,No,history,508
241,2022-08-29,20.6,2.9,1900.0,No,science,438
242,2022-08-30,23.6,0.0,2100.0,No,photography,317
243,2022-08-31,19.8,0.0,2000.0,No,photography,305
244,2022-09-01,16.1,0.0,1100.0,No,photography,314
245,2022-09-02,24.5,0.0,1100.0,No,science,407
246,2022-09-03,14.4,0.0,1900.0,No,history,434
247,2022-09-04,17.4,0.0,2900.0,No,history,342
248,2022-09-05,17.4,0.0,1900.0,No,art,250
249,2022-09-06,21.6,0.0,2500.0,No,photography,279
250,2022-09-07,14.7,0.0,2300.0,No,art,250
251,2022-09-08,15.9,0.0,1500.0,No,art,228
252,2022-09-09,11.1,5.5,2600.0,No,history,264
253,2022-09-10,17.2,3.8,3000.0,No,photography,447
254,2022-09-11,17.2,0.5,1600.0,No,science,477
255,2022-09-12,17.6,0.0,1100.0,No,history,256
256,2022-09-13,12.5,0.0,2000.0,Yes,photography,407
257,2022-09-14,15.7,0.0,2200.0,No,history,229
258,2022-09-15,12.1,0.0,2600.0,No,photography,102
259,2022-09-16,13.0,0.0,2900.0,No,science,244
260,2022-09-17,13.9,0.0,1600.0,No,photography,426
261,2022-09-18,17.7,3.6,2900.0,No,history,364
262,2022-09-19,12.2,0.0,2900.0,No,science,216
263,2022-09-20,13.7,0.0,1300.0,No,history,275
264,2022-09-21,10.3,0.0,2800.0,No,history,91
265,2022-09-22,10.8,0.0,1900.0,No,art,291
266,2022-09-23,10.1,0.0,1500.0,No,photography,351
267,2022-09-24,11.4,24.9,1300.0,No,history,506
268,2022-09-25,13.9,0.0,2600.0,No,art,432
269,2022-09-26,7.9,0.0,1300.0,No,science,396
270,2022-09-27,13.1,0.0,3000.0,No,science,186
271,2022-09-28,7.7,9.8,2700.0,No,art,300
272,2022-09-29,11.3,0.0,2600.0,No,history,149
273,2022-09-30,8.3,0.0,1700.0,No,history,190
274,2022-10-01,8.7,0.0,1200.0,No,history,374
275,2022-10-02,8.1,0.0,,No,science,465
276,2022-10-03,12.2,0.0,3000.0,No,art,187
277,2022-10-04,9.3,5.4,2400.0,No,science,254
278,2022-10-05,11.4,6.1,2000.0,No,science,270
279,2022-10-06,6.8,0.0,1700.0,No,history,161
280,2022-10-07,6.8,0.0,1200.0,Yes,history,406
281,2022-10-08,12.0,0.8,1800.0,No,photography,399
282,2022-10-09,1.9,0.0,2700.0,No,photography,357
283,2022-10-10,3.8,0.0,1200.0,No,science,372
284,2022-10-11,5.6,0.0,2700.0,No,history,126
285,2022-10-12,11.3,0.0,2100.0,No,photography,233
286,2022-10-13,3.6,0.0,1100.0,No,photography,277
287,2022-10-14,7.5,4.1,2000.0,No,science,321
288,2022-10-15,9.5,0.0,2500.0,No,history,378
289,2022-10-16,3.7,0.0,1800.0,No,art,465
290,2022-10-17,3.5,0.9,,No,photography,191
291,2022-10-18,8.7,0.0,2700.0,No,history,216
292,2022-10-19,1.7,12.6,2800.0,No,science,295
293,2022-10-20,-0.1,0.0,2800.0,No,art,191
294,2022-10-21,5.2,0.0,2500.0,No,photography,166
295,2022-10-22,0.8,10.0,2400.0,No,science,569
296,2022-10-23,5.9,7.7,1100.0,No,history,435
297,2022-10-24,3.3,0.0,1900.0,No,science,275
298,2022-10-25,-3.9,0.0,2900.0,No,history,69
299,2022-10-26,1.8,0.0,1100.0,No,science,267
300,2022-10-27,0.7,0.0,2000.0,No,history,146
301,2022-10-28,-1.7,0.0,2500.0,No,photography,118
302,2022-10-29,3.3,0.0,2500.0,No,photography,362
303,2022-10-30,-5.7,0.0,1600.0,No,history,439
304,2022-10-31,-4.4,0.0,1000.0,No,history,255
305,2022-11-01,-2.5,,1500.0,No,photography,187
306,2022-11-02,1.0,0.0,1100.0,No,photography,305
307,2022-11-03,-6.3,1.4,2800.0,No,photography,228
308,2022-11-04,-3.9,11.3,1400.0,Yes,science,649
309,2022-11-05,-4.5,0.0,2400.0,No,photography,388
310,2022-11-06,-7.2,0.0,2600.0,No,history,322
311,2022-11-07,-4.1,0.0,2700.0,No,photography,205
312,2022-11-08,-6.7,0.0,3000.0,No,art,255
313,2022-11-09,-5.0,10.4,2200.0,No,photography,237
314,2022-11-10,-3.1,0.0,2100.0,No,photography,248
315,2022-11-11,-7.0,0.0,2400.0,No,history,138
316,2022-11-12,-7.2,2.5,2000.0,No,art,447
317,2022-11-13,-7.8,1.0,1700.0,No,history,511
318,2022-11-14,-7.7,0.0,2200.0,No,science,335
319,2022-11-15,-10.2,23.6,2500.0,No,photography,417
320,2022-11-16,-9.3,0.0,2900.0,No,science,197
321,2022-11-17,-5.7,0.0,2300.0,No,photography,252
322,2022-11-18,-9.0,0.0,2900.0,No,science,350
323,2022-11-19,3.2,0.0,3000.0,No,photography,325
324,2022-11-20,-9.3,0.0,,No,photography,370
325,2022-11-21,-5.8,0.0,2700.0,No,art,206
326,2022-11-22,-12.0,0.0,2300.0,No,art,244
327,2022-11-23,-8.5,0.0,2200.0,No,art,210
328,2022-11-24,-9.6,0.0,2800.0,No,art,254
329,2022-11-25,-8.5,0.0,1900.0,No,science,317
330,2022-11-26,-4.5,0.0,2700.0,No,science,419
331,2022-11-27,-9.2,0.0,1200.0,Yes,photography,654
332,2022-11-28,-12.6,0.0,2000.0,No,photography,164
333,2022-11-29,-8.9,0.0,1100.0,No,photography,259
334,2022-11-30,-12.4,0.0,1800.0,No,photography,214
335,2022-12-01,-10.1,0.0,1600.0,No,photography,261
336,2022-12-02,-5.1,0.0,1800.0,No,photography,263
337,2022-12-03,-7.3,0.0,2100.0,No,science,676
338,2022-12-04,-7.1,0.0,2900.0,No,science,555
339,2022-12-05,-8.9,0.0,2500.0,Yes,history,437
340,2022-12-06,-10.8,0.0,2700.0,No,photography,156
341,2022-12-07,-15.6,0.0,2700.0,No,photography,231
342,2022-12-08,-12.6,0.0,2900.0,No,photography,140
343,2022-12-09,-13.0,0.0,2500.0,No,science,404
344,2022-12-10,-9.5,0.0,1900.0,No,art,532
345,2022-12-11,-8.7,0.0,2400.0,No,science,627
346,2022-12-12,-10.5,0.0,2700.0,Yes,history,457
347,2022-12-13,-14.5,0.0,2400.0,No,art,317
348,2022-12-14,-6.7,0.0,3000.0,No,art,273
349,2022-12-15,-8.2,0.0,1300.0,No,science,385
350,2022-12-16,-13.3,0.0,3000.0,Yes,science,536
351,2022-12-17,-12.2,0.1,1400.0,No,art,472
352,2022-12-18,-11.0,10.0,2000.0,No,photography,525
353,2022-12-19,-12.8,0.0,2700.0,No,science,432
354,2022-12-20,-13.5,2.8,2800.0,No,photography,214
355,2022-12-21,-11.9,3.5,2400.0,No,art,354
356,2022-12-22,-13.5,0.0,1800.0,No,science,430
357,2022-12-23,-13.0,0.0,3000.0,No,science,270
358,2022-12-24,-18.6,0.0,3000.0,No,science,553
359,2022-12-25,-18.7,0.0,1700.0,No,art,511
360,2022-12-26,-8.7,0.0,2000.0,No,history,258
361,2022-12-27,-18.6,0.0,1200.0,No,history,237
362,2022-12-28,-12.7,0.0,1600.0,No,photography,242
363,2022-12-29,-13.3,0.0,1000.0,No,art,377
364,2022-12-30,-13.7,0.0,2000.0,No,science,355
365,2022-12-31,-16.5,0.0,1000.0,No,science,591
366,2023-01-01,-11.5,10.0,1200.0,No,art,686
367,2023-01-02,-13.5,2.3,1700.0,No,art,359
368,2023-01-03,-15.7,0.0,1600.0,No,photography,250
369,2023-01-04,-18.9,0.0,,No,science,318
370,2023-01-05,-15.5,0.0,2600.0,No,science,299
371,2023-01-06,-16.6,0.0,2500.0,Yes,art,544
372,2023-01-07,-18.6,0.0,2800.0,No,history,401
373,2023-01-08,-13.8,0.0,1000.0,No,science,645
374,2023-01-09,-13.2,0.0,2300.0,No,art,292
375,2023-01-10,-12.5,8.4,1200.0,No,science,480
376,2023-01-11,-14.6,0.0,1600.0,No,photography,301
377,2023-01-12,-15.7,0.0,2500.0,No,art,332
378,2023-01-13,-11.6,0.0,2700.0,Yes,art,502
379,2023-01-14,-12.6,0.0,1700.0,No,art,540
380,2023-01-15,-8.0,5.4,2100.0,No,art,593
381,2023-01-16,-13.3,0.0,1100.0,No,science,428
382,2023-01-17,-17.7,5.3,2400.0,No,art,379
383,2023-01-18,-12.0,9.3,1700.0,Yes,science,666
384,2023-01-19,-7.8,0.0,2900.0,No,art,301
385,2023-01-20,-14.0,8.6,2300.0,No,art,338
386,2023-01-21,-15.3,0.0,1400.0,No,photography,513
387,2023-01-22,-16.5,0.0,1600.0,No,science,616
388,2023-01-23,-8.9,6.5,1000.0,No,history,339
389,2023-01-24,-15.2,0.0,1200.0,No,science,432
390,2023-01-25,-15.3,0.0,1200.0,No,science,436
391,2023-01-26,-13.5,0.0,1400.0,Yes,art,542
392,2023-01-27,-18.6,0.0,1400.0,No,art,341
393,2023-01-28,-15.1,0.0,1700.0,No,history,430
394,2023-01-29,-18.0,0.0,1900.0,Yes,history,708
395,2023-01-30,-14.5,3.9,2100.0,Yes,photography,518
396,2023-01-31,-12.5,0.0,1400.0,No,art,393
397,2023-02-01,-11.1,0.0,2600.0,No,history,194
398,2023-02-02,-15.0,0.0,2600.0,No,history,207
399,2023-02-03,-11.2,31.6,2100.0,No,science,592
400,2023-02-04,-14.7,0.0,1000.0,Yes,history,749
401,2023-02-05,-18.4,0.0,3000.0,Yes,art,624
402,2023-02-06,-11.5,0.4,2300.0,No,photography,225
403,2023-02-07,-13.7,6.8,2100.0,No,history,340
404,2023-02-08,-12.6,1.6,2800.0,No,history,189
405,2023-02-09,-20.7,0.0,2900.0,No,photography,224
406,2023-02-10,-12.0,3.4,1400.0,No,art,374
407,2023-02-11,-11.7,0.0,2100.0,No,photography,520
408,2023-02-12,-11.6,6.1,2700.0,No,photography,470
409,2023-02-13,-9.0,0.0,1800.0,No,art,305
410,2023-02-14,-13.1,0.0,2900.0,No,art,323
411,2023-02-15,-5.3,0.0,1500.0,No,photography,294
412,2023-02-16,-9.4,0.0,2600.0,No,photography,252
413,2023-02-17,-9.8,0.0,1100.0,Yes,history,492
414,2023-02-18,-18.7,0.0,2500.0,No,photography,387
415,2023-02-19,-16.9,3.5,1400.0,No,history,523
416,2023-02-20,-6.3,0.0,2600.0,No,science,336
417,2023-02-21,-9.4,0.0,1900.0,No,science,439
418,2023-02-22,-7.5,8.3,2500.0,No,history,280
419,2023-02-23,-11.3,0.0,2000.0,No,photography,249
420,2023-02-24,-10.2,0.0,2900.0,No,photography,281
421,2023-02-25,-7.9,0.0,1500.0,No,history,491
422,2023-02-26,-11.8,0.0,1500.0,No,art,528
423,2023-02-27,-5.2,0.0,1900.0,No,history,300
424,2023-02-28,-12.2,0.1,2000.0,No,art,317
425,2023-03-01,-8.0,0.0,1100.0,No,science,443
426,2023-03-02,-9.2,0.0,2300.0,No,photography,255
427,2023-03-03,-7.1,0.0,2400.0,No,art,257
428,2023-03-04,-4.1,5.0,1100.0,No,history,487
429,2023-03-05,-11.0,0.0,1300.0,No,science,549
430,2023-03-06,-6.0,0.0,1900.0,No,history,208
431,2023-03-07,-6.7,0.0,2900.0,No,science,245
432,2023-03-08,-4.2,2.3,2600.0,No,science,327
433,2023-03-09,-6.5,0.0,1200.0,No,photography,192
434,2023-03-10,-7.7,0.0,2400.0,No,photography,240
435,2023-03-11,-4.4,2.6,1600.0,No,history,420
436,2023-03-12,-1.6,2.4,2900.0,No,history,373
437,2023-03-13,-2.9,0.0,1200.0,No,art,334
438,2023-03-14,-4.6,0.0,3000.0,No,science,279
439,2023-03-15,-3.5,9.2,1300.0,No,history,433
440,2023-03-16,-9.1,9.9,2600.0,Yes,science,495
441,2023-03-17,-5.7,0.0,2600.0,No,art,198
442,2023-03-18,-4.6,0.0,1000.0,No,art,524
443,2023-03-19,-5.1,0.0,2500.0,No,photography,417
444,2023-03-20,-5.3,10.8,3000.0,No,photography,194
445,2023-03-21,-3.0,0.0,1300.0,No,photography,334
446,2023-03-22,-1.4,0.0,1000.0,No,photography,231
447,2023-03-23,3.6,5.1,2100.0,No,science,345
448,2023-03-24,-4.0,0.0,2300.0,No,photography,208
449,2023-03-25,-4.4,0.0,2900.0,Yes,photography,562
450,2023-03-26,1.7,0.0,2200.0,No,photography,420
451,2023-03-27,-0.5,0.0,2500.0,Yes,science,552
452,2023-03-28,-3.3,0.0,1900.0,No,photography,228
453,2023-03-29,4.3,0.0,1400.0,No,art,344
454,2023-03-30,-0.6,0.0,1700.0,No,science,392
455,2023-03-31,-0.6,0.0,3000.0,No,history,131
456,2023-04-01,-1.2,0.0,1000.0,Yes,history,675
457,2023-04-02,-1.8,0.0,1600.0,No,history,353
458,2023-04-03,1.6,0.0,2500.0,No,art,234
459,2023-04-04,-1.2,0.0,3000.0,No,art,229
460,2023-04-05,9.4,4.0,2000.0,No,history,300
461,2023-04-06,3.3,0.0,2900.0,No,science,185
462,2023-04-07,1.9,0.0,2300.0,No,science,319
463,2023-04-08,0.7,0.0,1900.0,No,art,458
464,2023-04-09,4.1,0.0,1600.0,No,science,493
465,2023-04-10,6.6,0.0,2900.0,No,art,188
466,2023-04-11,4.7,0.0,1400.0,No,photography,265
467,2023-04-12,0.9,0.0,2800.0,No,art,268
468,2023-04-13,4.0,0.0,1000.0,No,photography,270
469,2023-04-14,-0.1,0.0,1000.0,No,photography,324
470,2023-04-15,9.6,0.0,1800.0,No,photography,395
471,2023-04-16,7.7,0.0,2200.0,No,history,363
472,2023-04-17,6.6,0.0,1700.0,No,art,304
473,2023-04-18,7.2,0.0,1100.0,No,science,404
474,2023-04-19,5.0,0.0,2700.0,No,photography,213
475,2023-04-20,6.6,0.0,2500.0,No,photography,162
476,2023-04-21,10.3,0.0,1800.0,No,photography,259
477,2023-04-22,7.6,0.0,3000.0,No,history,336
478,2023-04-23,9.8,0.0,2300.0,No,science,546
479,2023-04-24,9.1,,1300.0,Yes,history,452
480,2023-04-25,9.4,0.0,1800.0,No,history,249
481,2023-04-26,10.0,0.0,2900.0,No,science,305
482,2023-04-27,12.6,10.3,2600.0,No,history,252
483,2023-04-28,8.9,0.0,2400.0,No,science,238
484,2023-04-29,12.1,0.0,2000.0,No,art,394
485,2023-04-30,8.1,0.0,1900.0,No,history,382
486,2023-05-01,9.0,0.0,2200.0,No,photography,213
487,2023-05-02,9.0,3.3,1900.0,No,art,311
488,2023-05-03,14.0,0.0,2600.0,No,photography,168
489,2023-05-04,10.9,6.0,1300.0,No,art,303
490,2023-05-05,15.8,0.5,2000.0,No,art,296
491,2023-05-06,9.4,0.0,3000.0,No,photography,303
492,2023-05-07,13.9,0.0,2100.0,Yes,science,732
493,2023-05-08,9.6,2.6,2600.0,No,science,384
494,2023-05-09,16.8,0.0,1300.0,No,science,370
495,2023-05-10,11.6,2.8,1200.0,No,history,339
496,2023-05-11,15.4,0.0,1100.0,No,photography,267
497,2023-05-12,12.3,0.0,1700.0,No,history,219
498,2023-05-13,12.3,2.6,2300.0,No,history,439
499,2023-05-14,15.7,6.2,2400.0,No,history,422
500,2023-05-15,10.1,7.3,2500.0,No,photography,277
501,2023-05-16,12.0,10.7,1600.0,No,art,337
502,2023-05-17,20.4,2.7,1400.0,No,photography,267
503,2023-05-18,13.7,9.7,2400.0,No,photography,282
504,2023-05-19,18.9,2.8,2700.0,No,art,232
505,2023-05-20,14.1,0.0,2900.0,No,photography,387
506,2023-05-21,12.1,0.0,1500.0,No,photography,531
507,2023-05-22,16.0,0.0,1700.0,No,art,285
508,2023-05-23,20.1,0.0,2600.0,No,science,287
509,2023-05-24,17.7,0.0,2100.0,No,photography,259
510,2023-05-25,17.2,0.0,2400.0,No,science,275
511,2023-05-26,20.9,0.0,2200.0,No,history,217
512,2023-05-27,16.3,1.0,1000.0,No,photography,481
513,2023-05-28,21.0,0.0,1800.0,No,science,543
514,2023-05-29,20.0,0.0,2700.0,No,history,225
515,2023-05-30,16.3,0.0,1700.0,No,art,246
516,2023-05-31,22.3,0.0,2600.0,No,photography,212
517,2023-06-01,23.2,0.0,1000.0,No,art,452
518,2023-06-02,19.3,0.0,1700.0,Yes,science,664
519,2023-06-03,20.6,0.0,1200.0,No,history,555
520,2023-06-04,,0.0,2800.0,No,photography,540
521,2023-06-05,17.3,0.0,1000.0,No,science,560
522,2023-06-06,23.3,0.0,2000.0,No,art,408
523,2023-06-07,18.1,0.0,2600.0,No,science,399
524,2023-06-08,22.9,0.0,2800.0,No,history,234
525,2023-06-09,19.9,0.0,2800.0,No,photography,276
526,2023-06-10,18.6,0.0,2600.0,No,photography,466
527,2023-06-11,23.8,0.0,2800.0,No,art,551
528,2023-06-12,22.8,0.0,2500.0,No,science,373
529,2023-06-13,27.8,10.0,1700.0,Yes,history,638
530,2023-06-14,22.3,0.0,2000.0,No,art,378
531,2023-06-15,,0.0,2700.0,No,science,331
532,2023-06-16,23.2,0.0,1900.0,No,photography,360
533,2023-06-17,22.2,0.0,1500.0,Yes,photography,775
534,2023-06-18,27.1,0.0,1200.0,No,science,700
535,2023-06-19,27.8,0.0,1600.0,Yes,science,629
536,2023-06-20,25.5,0.0,2300.0,No,photography,343
537,2023-06-21,20.6,,1500.0,No,history,335
538,2023-06-22,25.1,0.0,2400.0,No,history,245
539,2023-06-23,24.0,0.0,2500.0,No,photography,344
540,2023-06-24,22.6,0.0,2300.0,No,science,623
541,2023-06-25,19.5,0.0,2800.0,No,art,466
542,2023-06-26,26.9,0.0,2200.0,No,history,393
543,2023-06-27,27.9,0.0,1900.0,No,history,359
544,2023-06-28,25.4,0.0,1100.0,No,history,355
545,2023-06-29,25.9,0.0,2100.0,Yes,photography,499
546,2023-06-30,29.9,0.0,1800.0,No,art,373
547,2023-07-01,30.5,0.0,2900.0,No,science,568
548,2023-07-02,25.5,0.0,3000.0,No,science,633
549,2023-07-03,16.3,0.0,1700.0,No,photography,326
550,2023-07-04,27.1,0.0,1100.0,No,science,434
551,2023-07-05,25.5,0.0,2000.0,No,art,347
552,2023-07-06,27.1,0.0,2500.0,No,photography,297
553,2023-07-07,23.6,0.0,2700.0,No,art,266
554,2023-07-08,22.2,0.0,2900.0,No,history,422
555,2023-07-09,26.7,0.0,1600.0,No,art,578
556,2023-07-10,24.3,0.0,1800.0,No,history,341
557,2023-07-11,25.6,0.8,2300.0,No,photography,289
558,2023-07-12,26.5,5.4,2000.0,No,art,370
559,2023-07-13,25.6,0.0,,Yes,science,586
560,2023-07-14,21.0,0.0,1700.0,No,photography,346
561,2023-07-15,27.0,0.0,1500.0,No,art,632
562,2023-07-16,23.8,11.8,1200.0,No,science,786
563,2023-07-17,24.6,3.6,1300.0,No,art,454
564,2023-07-18,26.5,0.0,1500.0,No,history,340
565,2023-07-19,20.9,0.0,2200.0,No,science,386
566,2023-07-20,24.4,0.0,2100.0,No,photography,391
567,2023-07-21,19.7,0.0,1700.0,No,science,481
568,2023-07-22,23.4,0.0,1000.0,No,art,599
569,2023-07-23,,,,No,science,701
570,2023-07-24,24.5,0.0,2100.0,No,science,428
571,2023-07-25,24.1,0.0,1300.0,No,art,392
572,2023-07-26,26.5,0.0,1600.0,No,history,302
573,2023-07-27,23.5,0.0,2700.0,No,art,330
574,2023-07-28,19.9,0.0,1900.0,No,science,485
575,2023-07-29,27.7,3.6,1800.0,No,photography,568
576,2023-07-30,25.1,0.0,1600.0,No,photography,529
577,2023-07-31,26.7,0.0,1000.0,No,history,347
578,2023-08-01,23.0,0.0,1800.0,No,photography,284
579,2023-08-02,22.8,0.0,1400.0,No,photography,361
580,2023-08-03,21.8,1.4,1100.0,No,art,462
581,2023-08-04,18.1,0.0,2800.0,No,history,266
582,2023-08-05,22.3,0.0,1100.0,No,photography,665
583,2023-08-06,21.8,12.5,1800.0,No,photography,615
584,2023-08-07,28.2,0.0,1800.0,No,science,417
585,2023-08-08,17.6,0.0,1400.0,No,history,285
586,2023-08-09,23.2,0.0,2800.0,No,photography,327
587,2023-08-10,22.4,0.0,2200.0,No,art,330
588,2023-08-11,22.6,7.3,2600.0,No,art,370
589,2023-08-12,22.2,0.0,1000.0,Yes,photography,791
590,2023-08-13,23.1,0.0,2000.0,No,history,525
591,2023-08-14,24.8,11.4,2800.0,No,photography,454
592,2023-08-15,,1.9,1900.0,No,photography,324
593,2023-08-16,24.4,0.0,2900.0,No,photography,265
594,2023-08-17,20.9,5.7,1000.0,No,science,503
595,2023-08-18,18.5,0.0,1600.0,No,history,296
596,2023-08-19,15.7,,,No,art,641
597,2023-08-20,15.6,0.0,1700.0,No,photography,557
598,2023-08-21,20.6,0.0,1300.0,No,art,398
599,2023-08-22,17.3,0.0,2700.0,No,history,265
600,2023-08-23,17.1,0.0,2800.0,No,science,458
601,2023-08-24,18.7,,2500.0,No,photography,306
602,2023-08-25,20.0,0.0,1000.0,No,art,548
603,2023-08-26,18.4,5.7,2700.0,No,science,595
604,2023-08-27,16.1,0.0,2900.0,No,art,449
605,2023-08-28,17.4,17.8,1400.0,No,photography,464
606,2023-08-29,18.5,0.0,2800.0,No,history,250
607,2023-08-30,15.7,0.0,2100.0,No,history,286
608,2023-08-31,21.3,0.0,1600.0,No,photography,327
609,2023-09-01,22.2,0.0,,No,photography,179
610,2023-09-02,22.0,0.0,1700.0,No,history,375
611,2023-09-03,16.9,0.0,1500.0,No,history,353
612,2023-09-04,16.6,0.0,1200.0,No,science,416
613,2023-09-05,,0.0,2300.0,Yes,history,352
614,2023-09-06,21.2,13.6,2400.0,Yes,art,552
615,2023-09-07,15.4,0.0,2000.0,No,art,213
616,2023-09-08,23.1,4.0,2000.0,No,history,272
617,2023-09-09,10.2,0.0,2900.0,No,art,419
618,2023-09-10,16.7,0.0,2000.0,No,history,316
619,2023-09-11,17.2,0.0,2000.0,No,science,265
620,2023-09-12,15.5,0.0,2600.0,No,science,271
621,2023-09-13,16.9,0.0,2100.0,Yes,art,431
622,2023-09-14,20.8,0.0,3000.0,No,photography,125
623,2023-09-15,14.4,1.4,2500.0,No,photography,177
624,2023-09-16,16.7,0.0,1400.0,No,history,442
625,2023-09-17,12.6,0.0,1800.0,No,science,535
626,2023-09-18,9.9,13.0,2600.0,Yes,art,538
627,2023-09-19,10.2,6.1,2600.0,No,history,179
628,2023-09-20,15.6,5.3,1000.0,No,history,217
629,2023-09-21,13.7,0.0,1000.0,No,science,379
630,2023-09-22,8.1,9.2,1500.0,No,photography,300
631,2023-09-23,13.1,7.1,1100.0,No,history,484
632,2023-09-24,13.6,3.1,1400.0,No,art,593
633,2023-09-25,13.0,0.0,2400.0,No,art,238
634,2023-09-26,14.6,0.0,2100.0,No,history,188
635,2023-09-27,6.5,0.4,1000.0,No,photography,313
636,2023-09-28,7.7,0.0,2900.0,No,science,258
637,2023-09-29,7.0,0.0,1800.0,No,history,203
638,2023-09-30,10.3,10.9,2700.0,No,history,461
639,2023-10-01,13.5,0.0,2800.0,Yes,photography,605
640,2023-10-02,7.9,0.0,2000.0,No,science,277
641,2023-10-03,9.9,0.0,2500.0,No,photography,183
642,2023-10-04,11.2,1.6,2300.0,No,science,303
643,2023-10-05,6.9,3.2,3000.0,No,science,251
644,2023-10-06,10.3,0.0,1900.0,No,art,213
645,2023-10-07,7.2,0.0,1700.0,No,history,328
646,2023-10-08,12.5,6.0,1800.0,No,history,434
647,2023-10-09,11.1,0.0,1400.0,No,science,354
648,2023-10-10,5.2,3.4,2700.0,No,science,351
649,2023-10-11,4.6,3.3,1500.0,No,science,381
650,2023-10-12,11.4,0.0,1300.0,No,science,348
651,2023-10-13,3.0,0.0,1400.0,No,history,232
652,2023-10-14,8.7,0.0,1300.0,Yes,photography,652
653,2023-10-15,3.7,0.0,2200.0,No,photography,329
654,2023-10-16,1.1,7.9,1000.0,No,history,283
655,2023-10-17,9.4,0.0,2900.0,No,history,142
656,2023-10-18,5.2,0.0,1000.0,No,photography,238
657,2023-10-19,0.4,0.0,1300.0,No,science,315
658,2023-10-20,2.5,0.0,1900.0,No,art,230
659,2023-10-21,0.7,0.0,1000.0,No,photography,442
660,2023-10-22,,0.3,,No,photography,460
661,2023-10-23,1.9,0.0,1000.0,No,art,346
662,2023-10-24,5.1,0.0,2700.0,No,science,235
663,2023-10-25,-2.7,8.7,2800.0,No,history,219
664,2023-10-26,2.6,0.0,1800.0,No,history,191
665,2023-10-27,-3.5,6.2,2800.0,No,history,218
666,2023-10-28,0.3,9.5,1000.0,No,history,546
667,2023-10-29,-4.2,0.0,1600.0,Yes,history,610
668,2023-10-30,-4.2,0.0,1000.0,No,history,232
669,2023-10-31,-2.6,0.0,1900.0,No,science,318
670,2023-11-01,2.1,0.0,2900.0,No,art,214
671,2023-11-02,,0.0,2600.0,No,history,110
672,2023-11-03,-2.0,0.0,1700.0,Yes,photography,422
673,2023-11-04,-2.9,0.0,1700.0,No,science,553
674,2023-11-05,-1.9,0.0,1400.0,No,photography,493
675,2023-11-06,5.9,0.0,2700.0,No,photography,161
676,2023-11-07,-1.9,0.0,2400.0,No,art,247
677,2023-11-08,-3.6,0.0,2100.0,No,science,319
678,2023-11-09,-5.0,1.9,1600.0,No,photography,244
679,2023-11-10,-4.8,5.1,2300.0,No,science,343
680,2023-11-11,-2.3,0.0,1100.0,Yes,history,666
681,2023-11-12,-2.7,0.0,1900.0,No,photography,389
682,2023-11-13,-11.9,1.7,2800.0,No,history,176
683,2023-11-14,,0.0,1400.0,No,photography,263
684,2023-11-15,-4.0,0.0,2400.0,No,photography,151
685,2023-11-16,-5.9,0.0,2200.0,No,art,259
686,2023-11-17,2.1,0.0,1800.0,No,history,292
687,2023-11-18,-10.9,13.3,2600.0,No,art,487
688,2023-11-19,-10.3,0.0,2100.0,No,photography,405
689,2023-11-20,-3.4,5.8,1300.0,No,art,381
690,2023-11-21,-7.1,0.0,3000.0,No,science,274
691,2023-11-22,-4.7,0.0,1100.0,No,art,267
692,2023-11-23,-3.9,0.0,1600.0,No,science,352
693,2023-11-24,-2.4,0.0,2600.0,No,photography,177
694,2023-11-25,-6.1,0.0,2800.0,No,history,313
695,2023-11-26,-10.3,6.2,1900.0,No,history,523
696,2023-11-27,-13.7,0.0,2900.0,No,photography,147
697,2023-11-28,-8.5,0.0,1600.0,No,science,374
698,2023-11-29,-14.4,0.0,3000.0,No,science,263
699,2023-11-30,-9.2,0.0,1800.0,No,photography,196
700,2023-12-01,-12.0,0.0,1300.0,No,photography,277
701,2023-12-02,-8.7,0.0,2700.0,No,photography,402
702,2023-12-03,-8.0,2.2,1800.0,No,photography,490
703,2023-12-04,-10.4,0.0,2800.0,No,history,198
704,2023-12-05,-14.7,0.0,1600.0,No,science,460
705,2023-12-06,,,2700.0,No,photography,281
706,2023-12-07,-13.1,0.0,1600.0,No,history,225
707,2023-12-08,-10.2,0.0,2300.0,No,art,325
708,2023-12-09,-12.7,0.0,2600.0,No,history,376
709,2023-12-10,-4.5,0.0,1300.0,No,history,550
710,2023-12-11,,0.0,1500.0,No,science,423
711,2023-12-12,-17.7,0.0,1000.0,No,photography,268
712,2023-12-13,-14.9,0.0,2800.0,No,art,345
713,2023-12-14,-12.0,0.0,1700.0,No,photography,380
714,2023-12-15,-4.1,1.3,1900.0,No,photography,356
715,2023-12-16,-8.4,8.7,1800.0,Yes,history,689
716,2023-12-17,-14.6,0.0,1300.0,No,history,460
717,2023-12-18,-12.9,0.0,1400.0,No,photography,282
718,2023-12-19,-16.7,0.0,1900.0,No,photography,306
719,2023-12-20,-17.6,0.0,,Yes,photography,529
720,2023-12-21,-10.6,0.0,2500.0,No,photography,225
721,2023-12-22,-12.3,0.0,1300.0,No,science,517
722,2023-12-23,-15.9,11.2,1300.0,Yes,photography,791
723,2023-12-24,-15.9,0.0,1000.0,No,history,498
724,2023-12-25,-12.6,1.1,,No,art,334
725,2023-12-26,,,2000.0,No,art,329
726,2023-12-27,-16.5,0.0,1200.0,No,science,331
727,2023-12-28,-19.4,0.0,1000.0,No,history,301
728,2023-12-29,-11.6,0.0,2600.0,No,art,320
729,2023-12-30,-16.6,0.0,1800.0,No,photography,503
730,2023-12-31,-20.0,0.0,2900.0,No,art,494
